1 6719 7619 7300 5897 5375 4609
2 3464 1900 2956 6429 5322 5743 9570 10415
3 5354 4045 7887 8350 11148 8706 9567 8935 11477 11326 9542
4 1397 4179 6221 4870 11631
5 3789 454 8812 2490 2976 2588 650 3294 4075 8813 295 3261 3692 2837 3562 11234 5137 3490 4128 9841 11611 3992 71 451 2412 4613 3613 739 4497 688 5910 8501 7522 7873 2809
6 10773 7095 10348 1756 3037 2622 10790
7 9743 7752 8705 9666 9305
8 7651 11194 8378 5525 11361 11304 9705
9 11187 5175 10332 10332 10266 9189 9359
10 5751 8436 7874 5899 6478 8724 9975 10670 11062 546 9272 6112 10131
11 5184 10551 3933 5917 9806 513 7201 2335 11479 9972 3104 9590 10905 11583 11094 9301 9282 5098
12 9632 2355 668 81 281 1912 11531
13 10618 8280 10053 11549 11452
14 2864 2386 8660 2810 7227 1048 1448 2314 2568 2020 3292 3322 4465 2070
15 5370 4940 4173 9829 10866 6298 8740 6560 8736 8155 11528 10677
16 3831 2071 3313 6692 1817 6508 9011 8683 7764 5854 6822 5865 10273
17 6726 5672 2985 11303 7602
18 5592 5557 4893 4448 3918 3336 928 5845 10829 3544 1399 9045 9363 7318 952 10379 10449 11469
19 1317 7776 11091 7641 7708
20 10484 2504 2407 1812 5284 3069 2141 80
21 2171 2415 2526 454 4063 153 5460 5121 2454 7389 3124 708 2649 10313 3004 2949 2391 2810 9417 2942 432 5560 4608 3238 9428 7720 8835
22 5928 6230 4419 358 2420 5230 6601 10391 4837 4460 6346 8723 2946 9045 3728 7528 7300 3557 6468 3571 5195 8340 2034 6141 7309 5169 7780 6954 11064 8820 7061 8395 8855 9373 9261 3195 9485
23 655 4743 10197 3298 4386 2830 912 6069 6121 1924 2282 7804
24 7773 2034 7299 7528 9278 9074 515 9295 5096 10418 11356 3195 9939
25 10630 362 6408 7765 8276
26 6956 4004 4647 11354 6047 7406 5538 4455 2826 6936 5514 4803 5718 7396 77 6849 6849 10058 9493 482 9034 6932 5801
27 4889 5800 5480 4333 1714 5132 10611 10533 8206 6331 8242 6600 4749 11181 3918 11619 7637 9018 4998 7260 9186 9458 8164 9711 11094 8363 11365 10567
28 5215 10711 9330 4809 10525 10678
29 6733 6791 2713 7277 1454 8436 4551
30 3353 7406 3245 3131 3603 11044 2837 1125 2012 70 1738 2672 3141 3652 3197 2778 5017 2676 4741 4697 5498 10612 175 4298 4546 2994 2447 2116 1703 4871 5031 735 10106 2457 3310 5733 4212 4858 3792 5241 3489 6572 11527 3554 3183 11220 2785 6369 2887 2177 5497 5962 4961 669 5623 6012 1651 5971 5356 3251 1827 8452 8216 2712 8436 5174 10261 10784 4884 2985 4189 2501 10837 8121 9403 10985 8285 7973 10008 10421 11567 10387 7271 7971 9208 6124 9805 10777 9207 9934 1375 10829
31 5558 8544 9972 10574 9320
32 173 4346 4687 10180 7174 6951 10764 2267 9809
33 533 5170 4907 5649 4449 3335 7351 3837 5562 8631 6421 11159 11373
34 10900 7999 9600 7992 10238 2075 10616
35 824 2645 7095 6022 7263 7542 9470 8959 9117 4530 8085 8147 7912 10678 10727 10129 8824 10190 10529 8887 5797 6197 7242
36 10808 4868 6745 518 11283 9268 11359
37 2613 71 10502 9338 3702 3437 103 2155 11185 5862 4905 9611 2265 3449 6857
38 2202 8702 4328 7522 10548 253 6801 7066 11163 6582 10383 6813 8866 5465 3938 2682 10045 11046 9228 11266 8401 10089 11389 4769
39 5183 6218 8502 4326 9358 2946 8561 6618 9330 6904 4710 4324 6472 4809 5905 6919 7831 10905 8610 10216 9308 1355 10893 10277 7484 7635 9266 10529
40 4315 5204 7509 6823 1056 1056
41 2488 6591 3537 4204 1861 4990 129
42 4560 7100 2929 3775 3235 11609 2804 6817 2989 5864 2801 149 4610 3172 1434 6715 5531 7709 3977 8172 2070 5720 1865 9918 231 4702 3980 6078 11154 37 6728 9608 3777 5564 3983 3295 4719 7140 3720 7076 6096 6730 6796 7011 8143 6095 5924 3132 7123 5151 9728 7980 7626 8345 6064 7200 7688 10624 7783 6651 6513 6142 10834 5039 6394 11605 6494 6910 10165 10961 8527 8554 7134 5702 9411 7475 1100 9446 10404 5657 4277 9813 4665 10074 10230 9600 8809 9175 7989 7488
43 11558 398 10215 1054 6399 5604 9331 8321
44 3193 10936 6553 11456 6576 6504 6890 5520 6412 8184
45 1853 3221 5760 7359 5441 7867 8709 8011
46 3619 4960 6801 11336 9300
47 7318 8553 8668 8671 5138 8920 9852 9163 10164 2238 10358 9888 9741 9514 8253 8485 8845 110 9135 7973 9862 7730 1778 10609
48 1731 6947 4726 5909 6031 8577 7930 8785 591
49 3610 464 10564 10160 4186 9796 9998
50 6814 5411 11545 5338 10017 11562
51 183 7423 1672 1240 7774 4817
52 2034 814 10866 11518 6464 10135
53 1645 6607 10664 7769 10755
54 1115 1713 1487 1520 5842 5112
55 703 1634 856 1508 11508 225 3641 798 1074 9842 1531 1949 1633 6003 5125 7821 6239 7003 9413 914 1852 9895 11106
56 11156 377 4447 8762 3435 5464 5626 10852 4327 4246 3167 2879 11235 5740 5409 7160 2885 7687 7259 5324 7258 5639 8798 10588 7404 8204
57 4031 7489 10831 4450 7554 3277 11187 2875 1650 2558 4547 9480 5396 6050 3231 11162 3231 8429 3925 4907 4859 2890 4720 7251 118 3846 7864 743 1645 10138 5197 2517 8936 6617 5392 4868 8538 6268 9374 8641 2309 8463 8089
58 10990 8770 10164 7569 5058 5061 9812
59 1193 2676 1202 10944 316 992 3598 4204 2669 4898 8279
60 7072 6396 6229 7815 7651 9773
61 336 9107 9107 8331 10778 1489 11105 1175 755 990 990 2998 3139 3306 4056 1303 11394 5721 4661 1436 762 1389 720 1871 4410 10286 10404 7661 5149 11288
62 7604 10334 5844 8261 8872 9220 8382 10667 8836 1375 8152
63 8187 10155 3990 1462 6683 9737 8416 7065 7487 2473 7028 6913
64 9740 7142 11024 10277 10587
65 10789 790 10436 2868 10543 4412 3457 4206 3397 50 3664 3651 2756 4414 1534 4030 4035 4104 2457 4177 2430 4508 319 5044 2705 4764 9067 115 3329 2043
66 3641 1457 690 888 4991 4218 5232 9378 8164 369
67 10395 2120 1516 10489 1762 3337 2922 10711 4864 5146 11131 7410
68 11173 6244 6475 6676 7537
69 4009 9962 7259 6471 2941 5195 8508 9687 7592 2677 7412 7332 6469 5954 6694 7293 11096 128 1942 5640 6116 10893 5588 11021 7970 8641 9643 10588 8201 7614 10164 7614 8254 10872 8094 8092 7993
70 1192 1372 4260 33 945 4954 1032 1961 1261 920 6667 572 6644 10114 1796 11215 3675 1587 714 1489 1591 9925 3854 3148 10308 2369 3736 10402 4728 8427 2277 6962 6232 5025 5948 9545 9092 9170 9523 8709 8872 10239 10238
71 7146 199 3014 4207 3784 3668 2045 3293 2342 3633 7100 6735 8739 3949 3815 2768 4646 4470 2513 3332 5196 4283 10718 1718 4731 11592 9867 10763
72 5783 8440 6247 6514 9842 4807 11428
73 3689 8206 11227 5676 362 4171 5193 10215 6077 3933 5902 4918 6685 6780 7260
74 8564 8179 8477 8352 9783 8227 8653 7179 11266
75 5222 5577 6068 7604 7312 449 4964 4885 261 8805 5157 8271 6317 5196
76 5131 112 6977 5500 6682 4916 6797 5338 8639 6782 7866
77 1139 1223 2506 287 290 1750 10336 50 3491 7925 9563 3989 2171 10832 3864 3534 4248 6650 6574 6652 10988
78 5641 5871 4360 11432 10032
79 5127 4332 2523 10829 5962 8205 4033 8418 4778 7882 3671 9999 7882 7378 6975 7398 10368 3301 6938 6939 2899 5892 6249 6910 6470 11363 6689 9388 11177 6030 8796 6112 5981 9843 11366 9566 9974 10777 9934 8875 7573 7017 10070 9575 2936 9909 10688 10654 5585
80 3958 5376 118 241 6227 10415 7069 8542
81 5479 3737 5349 6416 8829
82 4646 6060 676 8725 4032 5966 11064 4088 6855 6302 1684 7594 11478 8473 10815 10815 5578 3528 9827 9758
83 2445 6975 5158 10651 11432 8934 9060
84 6137 5901 11547 7166 7962 8499
85 9077 7369 5821 10476 7472 6467 9388 9852 10545 6299 10164 9852 8287 10609
86 3927 7527 6647 9448 8919
87 2051 5444 8567 10676 8615
88 45 2379 2555 2387 2629 2603 4464
89 5560 3243 2030 8415 1127 5394 3486 5903 5318 3653
90 8312 6349 400 8916 9355
91 6598 9079 7853 161 10379
92 7034 3734 10010 11233 4833 8593 6169
93 1138 5173 218 1489 11463 2310 4609 8513
94 8220 5729 10451 11029 10354 11111
95 8863 6384 1367 1589 2227 8762 1425 1144 5135
96 72 4180 3929 4908 4544 5453
97 3878 6262 9244 9506 6765 5101 10310
98 2667 2864 6339 1395 9676 7830 10739 2973 249 1764 5474 11027 6060 5862 8338 5153 7520 7287 6608 2995 4378 6326 7745 9148
99 1075 2494 5695 4754 6923 7994 7527 4073 7780 8885 10310 10428 6217 8347 8271
100 5345 7390 6575 8004 4739 6544 8798 2826 1045 10866 6697 5952 6750 9429 6312 9655 8286 7906 10990 8830 9404 7563 11603
101 5179 3231 2675 3944 2137 7057 6645 7251 5052 6897 3089 7403 9949 6134 5891 5308 11384 5511 11591 7068 3468 7399 5665 4378 6451 9375 6157 10178 5787 10871 5813 9627 8353 9136 6876 8628 5858 6878 3976 5414 210 11258 211 388 9005 1155 9032 7195 8817 8046 7817 11453 9356 11552 237 11604 10833 8584 3624 8961 11414 10126 10756 6677 9346 10113 9773 10878 7769 10966 11124
102 1215 9860 9860 2979 2507 2141
103 7489 5796 8408 7232 3999
104 5590 4957 6525 4067 11584 7202 7230
105 2707 7222 9851 3891 7797
106 9933 2688 3081 2333 9729
107 5820 4252 10090 1631 5772 11520 3600 4087 6211 9753 7920 8746 376 8780 8319 10123 9147
108 9634 3133 10340 5914 7552 7409 9260
109 11189 11189 11189 11189 11189
110 11354 3592 4003 6051 6499 6447
111 2999 2799 7207 9338 5359 7902 11231 6801
112 9417 6801 7340 605 10332 9904
113 9703 81 1905 8567 2593 224 2950 4649 3550
114 715 10946 5411 1789 3953 6625 8705 10334
115 10339 1071 1298 9173 3029 4047 1864 10373 2479 679 9481 3713 9930 4868 10329 8793
116 1419 4824 4618 1946 1936 7389 9238 5686 7050 7051 500
117 4761 3794 1394 7128 9376 7564 8564 4283 6922 3703 3568 10764 5669 7738 8561 6824 6912 10180
118 541 2169 5511 4636 6413 7141 7757 10551 9201
119 3559 6796 4401 3823 9532 4594 10744 9818 8246 7811 11218 10338
120 3499 2754 2975 2388 7025 6049 5205 2274 3329 4525 6119 8544 5705 7891 8018 6992 8422 11024 1983 2701 7933 8320
121 1216 9616 9920 81 2205 5295 2020 3227 11057 2653 4870 2693 1428 11349 4880 1905 1632 5576 1330 2203 3099 3878 2963 4199 5178 2321 3259 3390 1584 11597 3049 2512 9617 8573 11420 3905 1959 2079 4099 1859 3748 239 7683 4616 5149 3421 3203 2027 5725 1628 28 4325 9966 3849 5044 11529 2326 7768 6378 11187 4443 3941 9215 3817 2793 233 1281 11531 11261 2344 8909 5920 1700 3176 4513 6572 1219 5894 10493 852 11061 2768 5493 3868 2220 3960 7122 4066 10390 3703 7798 11157 4544 2443 7335 10764 10305 11336 7990 4808 252 530 6203 8441 5129 10877 11126 11129 11186 7940 9404 8499 8291 8545 10854 7868 6186 8718 15 11286 9172 4136 11204
122 2357 2827 10703 11455 1418 3602 2591 4708
123 8101 6864 11205 107 8151 2738 8412 8736 5970 9590 7066 7169 7688 5817 7015 7330 7503 10678 4829 11016 9785 8695 1993 9523
124 6957 5335 6945 7310 10332 8474 8362 10251 10449 9404 7616
125 7431 6447 8080 6061 7632 10905 9330 6877 10415 5138 11047
126 10023 1439 3442 3442 3182 7201
127 2852 3105 1806 10509 11115 3864 2606 2264 121 3411 3033 4873 3630
128 1088 1350 2217 216 1877 1876 2556 4342 79 10600 7246 6030 1875 4342 7877
129 1121 2096 1069 10413 11497 9085 9673 8079 11487 3316 8428 10680 10517 10700
130 10929 10530 3065 2854 3962 11252 6182 3161 3463 5014 4131
131 5246 11030 9011 10648 7131 10700
132 5611 3136 4842 9871 10389 10793
133 5997 10305 8084 7313 4136 10228 11063 3542
134 11305 5174 4039 4093 4092 6056 10829 4547 6389 4440 1198 7824 5409 9960 9450 4454 4019 1512 4915 4353 3871 4613 7251 3797 5280 8771 8479 6385 11492 457 11500 5574 5594 6418 1865 3925 3777 8576 3597 6756 3676 5692 7467 6584 6579 7099 8933 7231 6560 10605 6394 8704 8070 9457 8384 10379 8970 11050 345 9285 343 9289 9523 5084 5274 9274
135 4329 7406 5437 6152 7887 5970 3644 11038 7602
136 5622 6661 3074 8596 8915
137 2646 6053 6354 5514 3986 9357 8350 7752 10379 8171 9116 8624 6882 8617
138 115 7212 5836 10087 8204
139 3583 8416 10368 5196 1122 8230 5773 4382 6760 8959 10898
140 9833 10499 9878 9928 9730 2477 338 10394
141 4421 5699 7406 4651 7277 6952 5392 10764 7269 5204 6957
142 10918 4383 1102 3414 3424 3967 695 9946
143 8479 5528 4607 5125 2137 8427 4176 8427 10855 8723 4446 7978 5052 8151 7857 6222 6220 7604 10007 4696 8128 11119 9474 7856 6908 2034 8412 11161 91 5729 6893 85 9915 7823 7607 243 6365 7814 7628 8126 11302 9679 8239 10976 8325 976 10294 6449 11522 8663 11097 9935
144 8800 11638 3444 7255 5478 5051 3996 10844 4944
145 8288 2643 6567 3325 2034 4959 4075 6819 10730 8166 11007
146 10916 10916 3404 249 35 2113 3770 3872 4715 4225 6613 469 128 6442 10714 5357 8295 7538 7928 8422 5657 388 8913 8828 10698 9842 7645 9631 10645 11366 4956
147 5933 5749 8756 8335 11165 11042 9004 9326 9669
148 2541 4350 1789 5862 4789 3559 3193 6284 1413 7406 3205 5286 6376 7709 7686 5983 8361 5616 7225 4458 7396 2826 6584 8179 4411 7699 8996 11473 9493 7652 8835 8797 10008 5155 9990
149 3182 10468 11061 5324 10512 9213
150 6538 3649 4304 7490 2232 5116 10808 8826
151 4884 3284 6179 4287 8430 10063
152 8956 8139 9164 4622 8043 9843
153 2383 9205 2975 4618 82
154 2896 9682 3344 7798 4038 5171 3342 4194 6085 10 4029 7801 6225 605 8434 9360 10419 2192 10282 9550 10312 339
155 2062 1004 9904 11255 10049
156 10674 851 5337 304 2583 3212 1948 9645
157 3256 4677 1194 191 10180 6433 3264 8206 6229 7397 7480 8867 5606 11025 7743 6531 7191
158 6159 9918 7217 11453 10682
159 6637 4943 6759 7731 6802 5058 5095 7813 10926 10926 11528 10407
160 8807 997 10608 335 1927 4838 2797 4871
161 11625 9540 6367 10722 8710
162 3840 7300 5581 2036 6926 692 11246
163 7966 6567 10141 7858 7453 5760 8424 5957 8434 9858
164 3140 2096 5770 9201 7913
165 5733 1441 1650 2326 7303 4697 11449 9442 4353 3670 4267 7037 5294 10612 4033 5356 3446 5017 3046 6043 2231 980 4264 7131 7164 2335 6399 7467 2284 7871 10866 9627 8295 4823 10857 9458 9143 604 9506 7973 4064 10561 3366
166 4739 7056 7627 8581 9284 5066
167 9381 7644 115 2966 11336 6744 5783 4285 1007 6548 7792 7612 11478 3438 2891 7077 2491 5431 5179 5771 10678 9158 7613 10295
168 8148 6633 2690 6593 8075 5899 7099 6997 8223 6141 2985 7351 4705 10241 9502 5942 4064 3788 8325 9525 9875 11299 10056 9460 5769 8509 8554 7723 10991 10309 10899 10393 10017 8887 10107 10573 8121 7728
169 9004 344 10763 8159 8771
170 661 6839 6890 5408 7906 9862
171 1075 877 4424 5927 5189 7433 6173 9034 5795 10869 10047 8512 11249
172 10329 8130 8383 11456 5219 7262 10141 7897 8387 6908 7477 7454 8839
173 2043 1835 1836 488 6795 3712 3733
174 6563 1054 5225 5870 7816 10369
175 1795 4763 2285 1417 2364 2056 1429 680 9517 8885 10691 4233 2329 7741 1912 7201 1434
176 4529 4819 5434 6262 10834 6459 6828 8919 5186
177 9017 4945 7116 6963 7873 10007 10762
178 1451 1317 1969 8860 8697 954 9703 472 164 7040 4580 11547 6801 8113
179 1996 6791 6039 2794 8418 5443 4766 6311 5510 4814 657 7415 6193 8273 8588 10266 9228 9980 8002 3951
180 3987 6126 5403 5342 1882 9183 6804
181 1629 8206 4510 8348 8309 6162 4705 7837 9744 11607 2786 10185 10247 9967 8924 9975 8253 8254 3528 5543 10107 10307 6597 8604 8195 8185 9946 8612 9253 2893 7713 179 7711 8124
182 6230 5761 10649 6144 569
183 8771 4992 7888 7902 360
184 7621 10389 7785 170 7124 8762
185 3518 7086 129 3737 1924
186 6841 10409 5398 5035 663 5787 7350 4803 8335 5086 313
187 539 3526 9688 3335 3621 8868 8467
188 6719 6019 3740 663 8755 10164 8754 6357 3764
189 3255 3120 6123 5177 7084
190 560 1047 3641 704 1188 1097 93 7468 506 2547 3449 6149 5530 5530 5701 1093 7212 4804 6829 5350 6061 6954 7907 6352 6694 11640 6968 8476 9379 10451 9640 8786 7823 8141
191 4449 3814 7489 8427 11624 5059 9094 9278 9941
192 3847 1614 2839 1816 4073 3816 2332 10263 3490 11079 3047 1948 2279 3481 2222 11143 4578 1129 3470 3962 6273 4177 7190 5844 3650 4544 5404 4443 6307 7308 6309 10149 6265 5977 850 1700 9818 9818 11072 10130 10250 7302 8575
193 10901 3928 6324 8889 9731 10250 9353 6482 10542 10534 9924
194 11059 10618 11313 11549 10012
195 1846 6261 2942 5121 2937 11514 2996 4300 3571 7390 2396 6353 6647 5447 8013 10644 6772 8498 1231 9366 7873 3756 9315 7914 7484 10185 11444 10379 8834 11002 9404 11270 10854 7993 2874 9425 4010 6989 10542
196 10258 7951 6992 10644 602 9518
197 4518 4234 4151 664 1943 11140 7834
198 6274 8572 7963 3396 7489 6675 9079 2297 8906 7602 9727 10942 9165 11106 1868
199 2014 1503 11051 3358 2388
200 923 5959 5299 5763 4864 4168 6635 10367 1331 3871 5232 2421 277 5844 4980 4804 7908 7621 2291 5575 10118 11545 7465 1271 3656 11248 11009 5963 2498 10581 3713 6011 4265 7558 6761 7777 9132 8188 1886 9010
201 4119 7259 1145 1493 3921 4923 2097 10786 1696 428 7698 8630 7698 3154 4147 8283 4923 2764 3525 4193 3243 919 9576 11163 11194 6360
202 1290 362 11277 1102 8986 2928 3237 5175 4427
203 1223 2268 1139 4248 6574
204 8681 6092 11315 3558 6203 6677 7314 11175 10499
205 6178 7560 278 6106 4990 4982 7367 4450 7398 7419 4834 6923 9585 7407
206 11639 11088 5294 6202 7907 6852 457 9851 10790
207 5147 10669 6201 9818 3773 531 11238 3101 5897 1734 7056 4485 4329 735 5989 5590 8291 5983 5446 9466 7460 3268 7141 9590 5615 4781 9526 7914 9657 10593 7555
208 9013 6942 10866 9242 5717 8425 3999 7386 3663 5609 8272 7734 8155 8605 7758 7744 7751 8849 9458 9429 1983 10281 8621 8588 3334 1761 9476 8789 8793 6835 11276 11127 10379 9075 6030 8475 7315 9816 10421 10665 7834 10998 7877 9553 8132 8836 10116 10411 7297
209 7205 4219 2101 2091 7168 9077 6006 101 9136 9035 6905 9984
210 3277 3649 853 7623 7962
211 2586 2732 2390 3583 7209 2526 2921 3764 708 3917
212 9754 8561 1879 9077 9406 10544 8839
213 5157 11440 11157 4015 6428 5431 11531 3048 7586 3560 7211 8771
214 1734 8921 3809 8607 8985 10529
215 9086 240 8222 8507 11477
216 9943 6751 7335 2800 4268 4503
217 10107 10570 7359 3170 2834 4051 3763 850 4399 10866 8568 5025 6952 347 7351 5562 4568 9330 11563 10512
218 7409 7621 2870 5873 5877 8590 2822 11323 7161 5752 1804 3848 4401 7906 7982 10001 8551 1765
219 6906 6928 10827 8681 10611 5713 11119 5765 6560 6693 4781 10016 8206 7305 7538 7659 8363 10729 8563 7317 9543 4301
220 3435 9067 2617 5380 8161 3813 3903 3381 3857 9568 6592 5431 4709 4884 10503 10128 3814 5796 3808 6822 3983 9932 6387 10966 11273 11482 9182 8766 11353
221 125 2752 11290 6130 11594 3051 10612 1077 2713 1978
222 4058 3617 7465 5477 4453 8643 6395 7430 46 8738 11035 8146 6932 9046 5798 5801 10398 5797 6885 8946
223 10297 10553 9790 1505 2227 8466
224 4819 10808 4437 3160 10623 8768 9639 5059
225 1962 10709 5661 7335 2763 4417 4973 5619 2443 6186 6697 3994 10390 8248 6494 8210 5894 3826 10361 9366 883 9810 6765 3615 6760 9108 10791 5904 11457 11286 10787 5556 9347 10967 6202 5890 6854
226 2651 742 11003 6140 5250 1899 3469 3075 11281 4970 11547
227 3849 3261 4111 6584 7355 11120 9599 7939 9418 10765 10379 4758 9904 9801 10986
228 6590 9961 10904 4112 1617 6149 9753 9818 10379 8604 7575 10937
229 7735 6635 3645 4695 6161 11379 2498 6371 10155 11481 3295 5665 5591 1069 6122 6395 9665 8652 8643 4971 8784 7549 1990 546 9624 6233 8274 10317 8410 478 8140 9357 844 7717 7315 9113 11497 7060 6197 5798 9888 8000 9579 1886 8475 7060 84 579 10398 11487 10078 9894 11053 8134 10386 9974 3523 223 7808 11053 10675
230 1841 4568 6423 10723 11410 7676 8907 4272 9791 10085 10385 10158 10749 4489 9492
231 8529 10998 3524 10831 7187 9909 8156 10057 10872
232 4245 5991 1399 6447 5773 8752 8284 11509 11509 10623 10357
233 4528 2913 2880 3434 10285 7946 6635 10 6377 3581 10751 5792
234 8329 4075 11610 330 2166 2605 3552 4570 3253 5330 3516 2904 3759 3250 10881 3613 6284 3311 7389 2533 4437 6895 6102 11607 9998 9631 10583 262 4384
235 6559 7341 10503 8749 5605 8071
236 5179 2137 5409 7651 11386 8898 8574 7630 8628 6172 8750 10131
237 7453 5926 6349 514 9300 10788
238 4590 7894 5795 8806 10309 10234 10415 3653
239 1451 1844 3711 10845 1695 2744 10885 1401 11298 6844 7258 1295 5310 4072 659 7925 2700 2703 4737 8567 3365 2081 6844 7290 8771 3580 1912 2669 52 3344 4142 4822 1946 4702 7604 4806 4876 4686 9160 10261 4397 7121 991 10980 11296 7529 7876 5546 9679 8194 9594 8993 7144 11292 5165 8904 7636
240 7375 8895 2941 5368 6307 5823 3676 10340 8855 7869 55 8230
241 6262 5873 5646 7376 6801
242 3258 4135 10263 7663 5959 7452 1775 7489 7105 8688 7302 8894 7938
243 1161 2916 3104 6831 1990 8437 10763
244 8920 8592 624 8892 9016 7114 10897
245 2220 3794 852 4861 3978 3977 3578 7202 4227
246 4246 2034 7913 5091 7546
247 3607 219 10875 6084 5359
248 11141 11597 3583 3245 3536 1755 10399 2028 10530 7204 650 1103 4344 1829 5399 1222
249 1525 11098 10626 4735 10577 10720 8489 7635 5055 11240
250 8292 5484 7562 8918 8882
251 8526 10741 6751 7148 6167 5066 10068
252 6658 6683 10155 5029 6754 11064 10815 2184
253 7612 11097 949 8947 10677
254 10016 5955 4362 7907 4604
255 10785 8618 11520 7004 11559 8431 7257
256 11209 5120 6346 4776 6242 4490 10343
257 5187 5374 8666 7580 8874 7142 9098 9571 10161
258 8660 1304 8667 3666 8048
259 2623 2440 3619 166 7508
260 2029 2621 9504 2154 5178 10343
261 1922 10831 4401 4579 5515 7251 8962 9351 6490 11586
262 1613 1455 27 153 4186 5149 1490 5563 1817 7842 6603 5327 6171 11496
263 9590 8537 8157 10443 6357 7494 9149 8255 9975 8836
264 3641 381 10271 1651 7251 6257
265 3262 3193 7813 10521 11484 11496
266 3352 5128 9448 4115 9313 4641 6390 9270 9987 7847
267 7034 2116 928 7465 10712 5133 3490 9841 6273 9234 9437 6809 5858
268 11140 8059 4738 3643 550
269 6658 8479 4982 5317 7642 11526 5568 8788 7911 1751 11081 9407 10937 9812 10590 10726
270 7963 6413 8787 5970 8841 8839 5519 8769 4086 1833 226 9693 10072 11130 10277 10510 9906 7992 10342 10204 1590 10028 8710 10142 5851 10606
271 7103 8105 11350 10000 9793
272 7170 5402 4516 3925 2491 647 10744 7443 243 8656 3186 10214 8184 9157 8799 11552 10240 8600 587 3829
273 7001 6437 2866 4245 6676 9751 370 8611
274 8801 1987 1427 1117 7329 1497 3035 755 1017 9591 7279 2039 2173 4409 2979 1019 292 4364 2541 3848 6582 7055 6055 7052 6605 4772 5352 8292 2610 7041 6852 6969 4309 9070 10449 9796 1759 9456 10664
275 1373 2999 5289 5209 3380 11483 11307 980
276 5213 5283 7112 6135 4017 10444 5764 9357 7751 9148 5520 8313 2927 4825 8191 6136 5668 7673 7863 5784 10573 2407 8410 5071 11472 9676 10107 8760 11256 5988 10078 4967
277 4092 2342 1376 1749 3306 2448 3466 2277
278 6327 9962 1324 4718 4716 3689 7260 11041
279 5360 4464 5505 8527 8073
280 4434 661 8196 5704 5606 4624 4227 5293 6823 10848 7415 7891 5604 10237 6678 9736 9196
281 4424 8788 8631 10905 8090 8750
282 852 11563 5202 102 3410 10523
283 7212 4397 8029 500 6172
284 10501 9460 9513 7982 10005 5323 10379 8337
285 3142 5555 5762 43 5341 4932 2316 7202 5914 11330 10379 3644 8913 7691 9245 11046 2316
286 2331 4233 2466 3211 3816 4744 5413 7988 8183 3632
287 7641 9743 7836 7758 9047 11375 5731 7691 9428
288 946 944 2347 11201 11596 2038 11233 5993
289 7037 11597 3531 8342 3015 3140 6572 7409 2776 3280
290 4570 9832 3262 11401 7621 4194 4684 6863 2806 6427 10784
291 6770 6770 2918 3020 3495
292 7507 7976 6840 7135 10404
293 4032 6862 347 8279 546
294 9608 9407 141 10893 10857 10060
295 1716 2049 2169 589 11226 2453 61 2060 2038 4215 10581 11160 2588 2651 188 2298 11110 8161 6296 7216
296 11178 4175 5257 3519 8408 5956 3824 4078 3912 7409 8561 8992 7905 9829 5392 2826 7455 4571 7355 4803 7857 5804 10077 7932 9242 3896 9021 9830 5609 10905 10905 4673 7775 7975 1709
297 4004 7909 10735 9899 7835 11246 11359 8659 262 11046 10677 9926 8753 511 2812 6804 9626 5857 10658 10060 7014
298 11450 10016 9021 7547 8641 8577 9047 11171 569 10069 30 8923 10123 9831 5397
299 3711 2976 2798 9768 4654
300 6538 11640 5035 5556 10980 5195 9419 7595 10644 2773 8566 8336
301 6248 5507 6694 7090 8956 8108 9752 2227
302 7248 4749 6465 3501 10905 9183
303 4150 7755 5913 6302 7738 4378 8163 4587 9074 9321 9882 7597
304 2458 3123 5217 7976 8161 2450 2941 6567 10668 10493 2934 9385 6682 5567 4728 10959 4994 5620 4845 10959 8078 5548 7114 9242 4509
305 3265 7604 11430 8411 624 342 10059
306 890 1517 793 962 4585 1529 1646 10246 1696 21 2264 4868 4866 5431 8532 7339 10529 11353
307 9358 6922 8430 67 5775 1803
308 3655 2708 3266 3154 2974 8564 3840 5356 850 4684 4858 9818 6089 4755 4031 4131 9371 3993 11470 9045 7483 7097 8436 248
309 7453 3130 5076 5062 5065 5101
310 4737 1485 11061 4066 8688 5124 10764 9054 9567 9630 10854 10440
311 10509 7236 3698 10936 7190 11291 7621 10261 4434 7347 7327 3661 8889 8153 10828 10032 11048
312 2772 5931 5946 8419 9600
313 5051 11223 2739 3982 5584 5695 7255 5912 3089 6950
314 3854 2302 3973 2242 9920 10530 4121 2717 2079 2249 4870 2722 3069 4275 2686 2549 3493 1209 1519 7735 7735 4393 7735 3166 2408 10541 841 2605 1815 10995 10936 4096 2051 1858 4476 1918 8667 239 4966 10402 292 2027 5017 7768 3430 4443 5577 4484 924 5263 5529 128 5617 5627 4313 11099 4731 6182 5601 4574 1324 3893 4778 5377 4216 4319 10465 4712 4875 4111 4438 6524 6104 6506 2841 6743 9562 6613 11340 4201 6610 6286 7049 7492 7114 5966 7486 3968 4877 1050 6902 6044 3832 6232 4813 10374 4262 5616 6694 4320 8576 5606 9200 6711 6287 6469 6687 3541 7495 8689 7090 226 5675 2757 3319 2728 1321 5275 6572 2862 8909 4311 3499 2274 479 1438 4513 5659 3123 7619 11492 7160 3868 6346 4197 4126 5355 3728 7948 2326 4618 5240 9960 1704 358 8540 5778 7153 7754 6688 8285 9246 594
315 6332 4974 8641 5731 7442
316 7201 7056 9819 6883 6604 11068 10864 3088 5783
317 6673 4183 6634 9753 10664 11303 8828 9237 9967 10733 5913 11509 6238
318 4061 3730 4685 3968 5278 8625 4210 6971 9280 9118
319 3154 2118 8022 9616 2491 2490 1339 2626 3616 2137 2798 4300 1121 3230 1668 2391 10743 9338 2671 10831 3789 3817 3121 5137 4863 4516 3058 1789 1 2832 11026 7435 9823
320 4197 1946 4126 9394 3093
321 5841 11252 1524 5334 3020 11395 5294 3048
322 9527 8590 5554 10831 5551 10831 6222 9791
323 2476 5663 7220 10433 6697 5558 7660 6675 6217 6679 3751 7438 9797 6878 1029 7134 9102 10510
324 660 246 802 227 944 1625 3080 72 3833 3048 3272 11112
325 8926 9515 7178 3934 4958 5702 10286 5604 5543
326 9883 2329 1812 3293 7650
327 5473 8561 3765 4797 211 5103
328 7270 8277 5595 6978 9599
329 5892 7946 6603 8386 5581 7137 6263 4284 7917 2473 2137 5052 5607 4575 5902 6089 4895 7232 51 7060 4510 8274 5819 10863 8371 6194 6662 4272 9035 7315 9921 10616 3523 3523 3523
330 2490 2491 2491 4075 5306 4323 3620 7865 2634 10831 1326
331 6772 1177 7633 10866 129
332 407 1074 7778 1262 2949 1381 1605 4733 2123 5311 4977 2697 5008 2336 2514 10004 3378 10804 10881 3277 2434 831 5712 4071 4154 8509
333 5224 10245 6210 4575 5538 4337 7905 5903 8557 7093 11466 8998 11042
334 5223 3459 6283 6261 7248 4959 4417
335 4145 6122 2962 7199 7118 9557
336 5733 2887 8863 11173 1988 8343 113 11615 294 7880 5584 8122 3419 6327 4859 4984 4149 4169 7221 4112 3376 1198 8972 10118 2901 2718 7750 4154 3640 4791 3120 5387 3013 4753 7508 7146 5794 5308 3478 6120 3303 11241 5000 3052 5881 7882 6072 6927 7150 5297 4166 5649 9809 10274 4094 4200 6624 7686 8348 4269 918 7980 1470 9826 7952 8369 8412 11548 1804 7000 11120 8609 7671 11619 4382 6797 8042 8063 7239 9840 2712 7454 5698 7275 7303 9601 5952 9136 6158 10182 11159 9604 5657 9129 7111 6007 8301 1505 7786 5691 8475 11046 9789 6421 9445 9235 11015 9356 11545 8587 4769 8745 6804 10773 8825 11391 8612
337 8154 5028 4382 10544 7961 7915 995
338 63 5634 1050 5720 4813 7733 9335 10390 7202 7460 6460 9347 183 7966 8345 6496 2082 1962 9164 8629 11161 5520 7899 10100 8177 8371 8758 11113 9967 6086 7021 1247 9752 9801 1950 4334 7494 7838 9957 9558 10892 7089 3207 9373
339 6842 7105 6606 7548 6823 5734
340 7034 5489 7369 6743 4824 2210 7451 8020 9276 5081 210 8806 5103 342 9149 10500
341 8024 3608 3091 6021 11165 9847 9652 9731 9848 9482 6358 8935 10572 952 8597 7812 6049 9842 9842 11247 5762 5759 3321 8639 6787 9357 8535 7751 7746 7758 7744 914 8333 7636 11559 9406 10454 10869 3844 8382 7844 10437 8600 9678 10264 9827 9256 10870 10812 10870 7705 2491 9971 4748 10975
342 65 2598 64 6129 4677 4605 129 5933 9211 9523
343 11163 2958 5736 37 6226
344 1955 9676 1515 11042 8088 10644
345 4047 2562 4 3026 11336
346 8416 1971 3559 2785 4971 8075 4868 4868 4868 6884 4749 11159 2885 215 4397 2578 6742 779 11043 8283 7935
347 414 969 1290 1623 1400 3563 5248 3867 5995 3939 2393 4263 3972 2161
348 11158 8032 8361 7953 9410 4045 8605 8580 5933 11544 240 10731 9506 76
349 11101 6851 9645 9585 9932 10905 10905 10214 6157 5274 105 51 10762 8622
350 843 941 444 1289 610 7559 11335 116 6832
351 6393 4536 9886 8602 7678
352 3854 1749 7663 2001 11019 6722 10915 6333 7160 11492 10919 7824 10920 4728 6125 7366 1734 6540 10785 9637
353 4260 420 302 10778 2218 6537 9480 10308 9190 383 952 6543 200
354 2081 3292 2597 3666 4901 1946 10482 10060 11266
355 4897 4744 6930 5153 4700 7303 4855 168 10521
356 11159 11437 5410 4633 6539 4410 9448 4421 1881 1241 2560 10286 8065 10416 5032 8277
357 7016 8704 8295 9796 8717
358 6174 5401 6915 10937 7269
359 4621 7212 242 101 150 7874 10063 4086
360 2058 11448 1763 1119 2268 1172
361 6014 5354 5780 10866 525 4750
362 7426 2345 7054 2849 3134 1236 1239 2877 11099 6250 1900 3627 3511 2963 3863 11522 5417 5144 6376 3957 10879 4230 3859 6603 5230 7581 7886 5108 5099 3196 3195
363 6261 4989 10800 9357 8219 1868
364 8561 7137 10925 11163 5072 5078 9445 1247 8268 7188 10785 8283 10983 11560
365 1982 1580 805 2591 79 686 683 614 9461 11147 257 959 1758 519 10224 11435 8062 44 2401 1888 11151 1254 858 1964 11151 2465 2358 2953 2824 1126 1940 882 4084 10581 2818 10577 340 6718 1877 3005 11486 3191 939 3184 11110 2556 5694 4224 3315 10879 5887 10600 7335 7278
366 4536 6514 9413 11398 10319
367 4245 5433 3071 4454 6754 7940 10416
368 2449 7553 7126 7124 8477 8856 8641 9051 8670 10765 2620 8659 9428 9696 10781 10950 10614
369 1535 8698 5048 6014 5676 6558 7667 7987 5094 6253
370 7735 7864 1535 8960 10635 11622 7198 10499 11413
371 2507 6189 7173 539 4628 11479
372 10859 4710 3314 3808 6397 5860 6598 9932 10159 11624 11116 8872 9957 8382 7518 7834
373 10959 5317 7243 7684 8741 10857 10857 11024 10049 5117 11509 8145 9232 8781 9314 9658
374 5535 4386 8303 6910 7686 10644 7691 10130 3195 9409 58
375 3557 7248 6035 651 2034 7316 8921 3786 5029 4322 7773 10478 9404 7489
376 2925 4275 2986 2629 11223 2664 3217 5745 4993 8347
377 4090 3682 7252 8788 11497 3822 8145 10953
378 10197 11091 2289 4966 1896 4469 6182 5427 4580 4264 148 7716 3179 9011 6203 10280 8516 8514 8107 10937 9852 9506 7997 5088 10999 10980 10140 9852 9784
379 331 10933 1799 2922 1061
380 10598 10598 10598 10598 10598
381 11246 605 546 10060 6990 8700
382 5877 10993 3256 3109 2070 5947 3163 4980 6009 10035 7655 5713 5548 4282 9437 9291 8612
383 6491 5594 5786 6285 11619 8502 9009 11039 10609 9135
384 5553 10764 2727 5129 6428 6391 9311 6086 6704 11375 10980 3196 8361
385 6332 7946 111 6585 7648 4483 10514 10717 7297 8298
386 5860 4032 3759 3251 7882 4453 5695 10734 5044
387 3820 2105 8366 8909 6477 7335 11239 5783 3746 8921 531 252 4808 2644 4575 3975 9410 8666 4382 4369 6131 10902 63 5852 10222 4986 213 6617 5129 1240 3632 2924 5546 8065 7079 7868 8390 10495 10710 9386 11334 9668 8015 11321 9048 7861 9358 7839 10687 167 9103 10937 15 10419 11457 11316 11102 4172 10590 11286 7866 8543 191 10854 7404 8023 10644 11224 3951 1319 9179 7914 8016 5650 9372 8354 10389
388 6612 11034 6020 7873 9744 3528 10510
389 1161 4991 230 2949 2876 171 4283 7904 3836 7140 6261 10678
390 2104 10541 9768 3476 7474 1005 9313 4818
391 1816 4284 3193 4412 3453 4400 7036 5577 5824 6975 5189 5963 5796
392 2033 8720 721 1348 1346 1949 1300 1058 766 781 7021 792 2061 7995 1820 430 10378 2401 1908 10321 11072 2419 10713 5178 2389 3712 2356 6512 10298 7290 9646 4921 3217 3499 8567 1789 10956 8137 980 5017
393 9164 673 8209 10095 7020 7477 10217 9202 11562 9485 6036 8763 10719
394 4849 7864 9918 7476 9418 11129
395 5237 2388 1881 2487 5097
396 8167 10180 5002 5734 6902 9508
397 5349 3347 8004 1083 9886 60 6576 10340 6401 6399 6915 1718 7129 3418 10761 9269 6557 7187 10829 5165 5988 11346
398 1737 5188 8060 5274 11450 7107
399 5225 6299 7214 5709 2652 7915 6368 8661 6905 8814 5844
400 3265 5322 7865 7251 5321 3681 6208 4719 10035 7604 4962 24 9728 7694 11184 10428 3741 6511 3787 5583
401 1017 9017 9038 10886 5653
402 6156 940 6505 3953 8361 6265 5630 6413 3149 10424 6945 6575 10562 5728 7618 7757 3392 8798 5650 8798 6151 5817 9460 9590 226 6749 102 10678 7652 10779 5323 8976 6994 8949 10227 11133 7902 8011 8795 7556 10963 9310 9738 10163 9763 9764 10427 11071 10563 2491 10719
403 4610 5449 11155 11194 8378
404 7965 4533 3737 7665 9270
405 3093 10722 7155 5462 6918
406 5661 4688 5845 3987 6316 7446 10855 8851 7994 8874 8246 8850 500 10227 6474 9112 9221 9858 9815 11522 9764 6614 11354 10056
407 5434 5230 5440 5206 9992
408 4661 11037 6951 9448 9313 11142 5374 4571 6141 10854 7720 9567 9294 6076 10866 584 10955 10384 8676 10983 8278
409 5354 8683 9391 3145 7653 8199 9633 1965 10661
410 6621 5482 6729 3944 1157
411 7842 4716 4834 4805 8641 11263
412 4866 11134 8432 4680 3090 3610 8895 4597 2960 5459 4262 11502 6470 5429 4486 6629 7493 8540 6673 8186 8676 8540 8888 9539 9844 8888 3220 10534 10829 10829 8981
413 3444 4118 8954 10959 3703 10083
414 4857 3245 6591 3646 650 1077 2994 463 3244 11369 125 4891 10490 3086
415 6143 7406 6857 8391 11246 8529 9089 9941
416 4140 10844 2855 8788 9341 9548
417 6099 6574 6652 11216 8469 8877 10781 9325
418 6654 10607 5282 1345 2245 727 11153 2525 3569 1176 4233 2080 10641 3910 3143 859 10894 4401 3292 11336 9576 3841 3840 3586 7359 3778 5023 5053 5150 4738 5759 4910 8915 11038
419 11609 2065 3693 8800 1885 6880
420 6465 8921 7225 5905 6949 11544 9908 10880 8289
421 6958 3471 3494 6613 6352 2941 3549 5462 3597 7983 7153 7228 9164 10058 9242 8619 8608 8892 7090 8327 5203 5438 11047 9852 10853
422 8590 7205 5938 8516 11407
423 629 1551 8567 4353 514 516 10421 10717 10717 9553
424 877 8281 9521 3556 8397 8596 1624 3787 7956 9596 10966 8380
425 548 4954 232 10165 1565 2471 2702
426 4486 5541 682 411 11427 756 2460 6775 3937 2407 2454 2726 4854 11463 1764 4589 811 4264 11396 5121 4852 460 1493 2034 2034 613 8698 465 11483 8211 6906 3794 11446 8291 9556 10295
427 7209 11107 7666 3277 6292
428 1041 573 7577 3704 7409
429 4397 994 935 6327 10777 3570 10961 7634 8869 6767 603 10937 4951 604
430 2112 367 3216 9149 10451 6328
431 3098 2660 11070 2694 2986 1980 6752 2081 8567 2722 3592 11229 2263 4727 6722 9661 1121 4436 4940 4543 752 2877 6874 3977 9146 7893
432 291 9065 754 838 95 3711 1613 10426 2169 7034 6063 5922 10035 6942 6142 8527
433 6598 8471 4301 10623 6769
434 978 979 969 2570 997 335 1306 8860 944 2157 11298 5627 2952 4600 9526 5734 7344 11247
435 6870 6352 5169 6469 11303 10609 7894
436 6374 2414 8634 7131 10407 951
437 6284 5042 4302 6212 10320 4146 4886 425 8051 3885 6810 3110 6162 4129 8500 4653 5913 4722 10696 10404 7139 9915 7914 6587 7734 5022 8638 4746 6799 5942 9062 601 5784 30 10295 9216 9305 9798 10678 5351 542 7010 1521
438 6095 6443 11250 3860 7858 7629 8788 6361 7215 8277 9853 5639 5675 4657 4282 4191 9830 9462 10893 3945 4807 9228 9765 8216 8948 10370 8326 8578
439 4775 1239 6195 4863 5577 2788 121 9241 8496 2569 7935 7903 2687 3507 2913 4206 10711 5380 10721 10659 6225 7814 11532 10030 2579
440 10995 6558 2690 8148 8075 4571 5941 7814 9255 11431 7906 8949 8302 11428 9183 4064 243 10333 8771 9166 10991 10991 10776 7557 8916 9662 10584 11254 10296 10458 10504 9901 6419
441 6178 11401 3564 4719 11570 9095
442 5540 4895 2473 6818 7487 6146 7717 9310 9995 9748
443 3370 4265 7776 3516 9368 5832 4779 6237 5910 7748 5663 10751 10285 1724 3119 5314 10155 10659 5278 7662 8456 7060 4114 6397 11161 7133 5790 6869 4653 6395 6756 9164 10867 9050 10216 10704 9975 6231 11292 7185 11444 8286 9904
444 8338 7882 4282 8440 2745 11336 7251 5229 10299 1658 1431 9338 7299
445 144 298 548 838 4148 4954 1228
446 10844 4367 7390 8549 6405
447 5175 10266 4612 5700 10844 2970 8902
448 5503 7243 6725 7053 8055 10866 8908 8878 11359 2159
449 9318 8482 7514 7251 9645 1866 10433
450 3491 11164 11093 5498 3643 3283 5617 2724 4963 4380 7508 11241 5902 2611 3163 5491 3371 5876 5821 9335 8223 4636 5692 7667 7753 7043 9021 7745 10867 9031 6810 7947 129 7846 8932
451 2676 8630 2653 8764 10416 3394 9524 7555 9713
452 3404 8282 4047 1277 3552
453 4882 8827 8827 4655 10314 6905 9722 11457 10750
454 507 6113 6113 1844 1564 3115 2136 435 956 730 974 4571
455 9811 7824 10920 6703 8405 6851
456 4557 5003 3564 5739 8780 10761
457 5551 8347 4129 8613 10266
458 7502 4791 6556 5251 3724 7157 3128 8189 8523 6986 9604 9591 10549 9744 9412 8411 10349 10116
459 11597 11227 3868 7248 3447 6035 11336 7122 3994 5073 9807 5178 8258
460 10180 6820 4706 6840 9448 9074 2480
461 4886 6877 10796 4757 9452 10451 3690 10803 10011 10219 10795
462 8800 2974 8564 10336 850 8685 5150 7199
463 9416 550 5137 4865 5838 7565 9032 6989
464 7013 1724 5174 4981 1737 4546 4079 4482 5356 3953 4287 5210 3922 6751 7112 5591 3661 5808 6416 9180 3653 10170 8455 11244
465 9458 9900 8847 8847 7603 10678
466 7000 10404 10546 11246 8641 9915 3011 11359 9550 9813 9039
467 7239 9330 9124 9561 9181
468 6469 2518 4154 4367 5035 4912 11627 3396 6595 8183 10127 3644 5315 7991 7626 6148 8644 10849 4842 9118 9401 8679 8126 7396 8765 8841
469 8338 7287 6092 5432 9160 4274 6503 3773 5124 3233 1821 452 9469 10883 8430 1415 1624 10785 8121 11473 9035 11270 2187 9916
470 6111 7378 6444 7963 6505 7292 5621 7502 5336 3175 8077 9077 7727 10198 11054 114
471 10024 10634 10789 4393 1918 61 4275 1519 3493 2662 353 10547 8406 10703 3834 175 3323 5504 10368 8070
472 4839 8246 9352 7940 9822 7348
473 4437 4081 3984 6019 6325
474 11227 11446 9035 5061 5066 9930 10295 10439
475 7663 2667 1434 11003 6996 3562
476 6217 3554 5232 6501 2617 5557 10935 9568 3435 7879 8007 2277 11492 7160 2894 4594
477 10438 2998 2721 2762 1851 3139 381 1675 4610 4921 2326 2484 872 6366 8810 7211 10898 835
478 8811 4629 7657 3803 3130 10379 3653 7943 10416
479 11158 256 8634 6764 9846
480 5031 5822 3104 8530 9157
481 2636 2342 6580 6389 1781 10735 5084 8879
482 8953 4536 3831 10044 3987 4931 777 8007 11103 7822 6089 3017 5649 4877 3558 5203 9850 9699 10449 9536 5178 11218 9834 10272 10507 379 6523
483 1064 10284 288 6553 2839 1962 10295
484 10004 1623 4119 387 751 10743 3230 2972 9721 7761 9215 10808 9744
485 8353 9402 10110 7529 7313
486 826 447 3983 11374 669 169
487 6802 11501 5952 9391 5852 8646 8471 3714 11497 9549
488 10314 8724 6632 10415 3690 9995 10249 6288 10788 10294 8014
489 2799 5479 8038 8233 7773 7106 10371 10109 7364
490 9863 5301 6857 10415 595
491 1876 8487 79 6 3316
492 1936 10720 3978 6104 1942 8784 9967 10137 10715 8713 9741 9742 10085 7646 6357 9837 8492
493 863 891 7658 3442 8283
494 1187 1550 444 1464 1532 8697 1811 10321 4531 2121 960 9533 3164 1077
495 8544 6699 8064 5861 8869 10893 9352 1142
496 8348 5963 7654 10307 11526
497 2793 7508 4716 9808 7037 7559 3868 4805 5170 4048 4937 6154 3849 5979 4513 8902 5198 8909 6572 8359 4721 3763 5741 11223 8342 5828 11336 8172 2699 9044 4641 2872 10390 9313 8154 7305 5966 4830 10827 6934 2443 11531 3239 9260 10374 8291 8551 11464 9366 7785 3899 10961 4725 9108 3663 8725 8064 2167 7420 7680 9526 5561 1536 6479 4638 11593 3463 1370 7929 10854 2101 6481 5917 5615 425 11437 10734 6595 7435 2491 6041 6313 6901 6390 1947 7523 5809 452 8340 3077 1470 6765 8149 6655 7564 7656 4384 10828
498 2911 9273 5094 10250 8806 8222 8168 7357 11078 8814 1272
499 5559 7617 8435 9429 11575
500 2043 4882 9248 7901 8383 7685
501 6417 5933 5319 7429 8312 10808 2808 8070 8031 11398 10277 3989 11621 10587
502 1396 1036 10426 7021 1242 10599 11596 3606 949
503 7001 7251 6053 2533 9806 3335 5695 3984 5052 6720 3264 5621 2323 6187 5492 9372 9932 3110 10216 7795 9751 9668 9140 9262 546 11118 9206 7556 8268 8695 9257 9358 8888 3626 8888 10470 9522 7222
504 9564 3437 2405 1682 2748 1465 350 2597 2246 2244 9416 3475 9517 3789 5137 5133 550 5365 1511 4371 2979 4215 2447 11220 9480 5487 5488 4397 5161 1822 3140 2889 9424 3024 3023 3020 3018 9849 2866 4940 8564 9977 4984 10575 5877 5873 2174 261 11405 87 205 10431 4613 8813 11501 9466 2886 2736 8860 2714 388 10350 9704 9708 10978 10659 9204 6662 8410 7185 7010 6233 4146 4355 735 138 5565 8787 10808 11303 7689 976 11389 9087 1545 10363 10366 8455 10563 10272 11370 2532 6752 11517 11041 3616 10950 10632 10812 11041
505 6801 11430 9731 8994 11125 8636 8108 8716 546 11144
506 4818 6133 8914 11589 10857 11140 11074 3196
507 3806 10372 5192 10248 4036
508 6683 4477 219 5029 5707 8223 8844 11497 8782
509 3559 3753 4981 8294 8037 8018
510 2844 4683 2231 552 5601 4039 3766 8421 6587 5113
511 9818 6501 3342 9382 4577 4399 6219 6538 9775 4509 10543 3201 32 5527 5003 4543 5273 4126 6685 5935 1873 10649 6406 3597 5883 11340 2835 3545 6352 3136 5507 7495 6954 4319 6768 6473 6079 8274 8819 9928
512 2177 4426 5260 6913 7422 2101 7920 5308
513 1881 10925 7588 9126 5942
514 34 4765 3974 6169 11440 6616 2194 1889
515 5404 11103 8430 8407 8431 9861 10708
516 1998 430 1262 2314 27
517 3523 1187 25 2410 1332 1867 2992 2908 1125 868 2698 3029 1628 10831 8603 8568 5183 2897 1645 8200 8540 10762 369 10449 8742 1594
518 2490 3609 3225 10192 6832 3717 7368 5459 452 2377
519 445 5915 2965 2257 11052 6602 3965 994 5558 4338 7092 5627 8656 9295 3270
520 4913 7231 6151 5813 8539 7173
521 6836 4627 10391 7255 6941 1120 2179 5501 6280 3571 3127 3463 7721 4832 6313 11375 1751 7012
522 6276 5945 4135 6488 9838 8422 11104 11408 10137 11509 10583 9575
523 10996 7654 2276 10379 10129 9523 9845
524 531 7821 3556 5788 8893 6570 3615
525 8338 7034 10235 11625 10569
526 2609 3325 7281 8539 8023 9276 10788 7669 10741 9953 11066 9147
527 7031 7988 6199 6377 2377 6608 7615 8680 7720 7339 7477 7904 6098 9233 9845
528 495 1181 494 2033 1998 1062 732 275 8720 6718 238 2288 274 10192
529 5953 4884 7369 6991 6952 7586 7994 11034 7087 8628 9457 6607
530 2494 4038 4547 3427 9318 4864 10957 5183 5771 112 7879 6848 7335 5571 1600 7726 5511 4886 6550 3786 8125 6455 2491 8294 2308 3215 11616 6507 10730 5014
531 1233 10866 6867 3050 1656 4216 5516
532 10152 6297 2856 4768 7830 11115 9724 11093 11369 3367 11522 2480 9504 11162 3763 5596 1853 5141 426 10676 11123 10956 2113 215 4767 5632 4715 4400 4399 3424 3473 11162 4194 4549 3429 4427 3672 5053 3483 6728 9688 2690 8148 8412 7315 10251 4363 5378 10733 594 11244 10441 10907 11522 10354 9819 8249 7271 11425 8374 2164 11053 10504
533 7615 1843 11244 3653 11294
534 10297 11587 4241 6544 4829 10844 9754 8361 5636 4803 6999 1637 8500 7725 3793 4213 7706 6518 10315 9030 7636 8772 9651 9675 9608
535 6295 6906 5580 6300 2247 7689 10032
536 11424 7095 6874 6637 3011
537 3137 3444 5695 10389 2220 11107 7121 7666 4726 4945 4803 5709 10093 6153 11232 6594 10644 8850 9958 8794
538 1073 1291 1633 708 3302 7666
539 5451 2842 6160 3610 5558 7546 8788 8102 7672 11161 3787 3015 8385 6074 9854 10046
540 5620 7184 11589 10164 8395
541 3790 11135 3038 3277 6122 10617
542 9372 6318 10569 10696 10967 10967 9352 11398 8326 6798 10596
543 9156 3020 11400 6149 7128 10649 928 7036
544 1488 1522 1481 2355 1286 804 2383 1396
545 5498 4128 3381 4400 11178 6881 2420 6409 6175 4117 5222 2491 5447 5276 10569 6315 10837 7245 9089 8976 5087 9255 10763 3506 8830 2164 11078 10499
546 7783 7707 8573 10558 9178 8548 10402 7198 10940
547 589 3060 1302 2810 3612 330 3055 1670 10691 5287 10343 11076 1284 2811 3136 1105 9690
548 4063 740 3583 5013 4029 8762 6353 8013 8148 7215 10866 4615 9345 5666 9694 6593 3818 8979 8057 546 6603 3195 9916 9507 2034 9370 58 7242 509 7659
549 6898 7294 4313 7076 5262 4990 8502 11440 7634 7601 7911 5788 10211 3738 10623 2270 8861
550 322 557 555 1243 33 5758 933 4515 643 255 1676 1525 1094 11011 8860 3921 744 2318 10220 9402 698 10461 4042 1392 10498 2240 3253 3804 5151 3844
551 9318 1881 5554 10718 11007 3618 11131 8312
552 6347 6812 7217 4133 1594
553 3996 1496 10309 9850 1841
554 10397 3529 6635 8416 10659 7527 8829 10504
555 9480 9480 4509 5874 7522 5266 4002 6363 7217 9108 1751 7699 6193 9582 9034 9157
556 378 1293 572 807 864 10117 967 4148 622 3535 977 465 1640 2328 2865 1655 6448 1717 6261 10034 2752 1696 4042 3657 9472 2403 3845 6236 9417 5530
557 9608 9944 5804 10925 9222
558 10336 7013 4133 10521 2263
559 4122 5431 6722 2457 8018 10741
560 6555 299 6551 5992 9743 7918 8425 6837 5983 9021 7983 2232 6353 8246 9690 5147
561 5334 7311 2194 2541 919 9576 4770 5916 6645 6897 5259 9521 11375 8232
562 3510 6594 2098 7035 8555 6801
563 468 1327 933 5582 3789 1371 11217 3921 7950 2401 1230 4344 1578 1591 2245 2534 1037 693 7950 2331 11242 1458 9517 1565 11101 7021 2741 4045 3139 4012 2062 2732 3582 11070 4868 3913 2356 4240 147 2286 5276 6212 8921 4167 7830 3655 3133 4442 5849 3185 10047 4764 10875 3163 9687 3428 11239 5811 4133 9347 6760 366 2467 11026
564 3064 4686 1366 2480 6209 4287 10649 8361 7799 3016 4232 4698 6561 11524 7842 11588 10374 4877 11330 107 6847 8898 6451 7618 10871 4826 10738 9838 3741 5520 3380 141 9842 8204 9998
565 10153 10286 6527 9028 169 11148 9446 11307 7911 10003 883 11104 5285 3768 9319 7391 8059 9793 9664 9528 7829 10151
566 2138 3435 6137 1079 4473 3342 2476 2799 7757
567 4502 3680 2101 5198 2400 5439 8055 8561 4584 9460 8209 9744 8537 8422 7923 8728 8906 8222 7803
568 10237 8472 10085 9930 3523 1375
569 650 8939 10411 2170 10080
570 5554 10575 3332 3908 11512 10553 5954 11511 7340
571 2522 5237 4672 2222 6378 6544 7631 4165 7659 9182 10760
572 9414 6446 9368 5791 6776 11489 7501 7431 7412 6187 9372 8435 5938
573 7583 10831 4117 7283 6777 6430 7156 5159 4067
574 8427 11492 5662 3219 8427 8427 7824 6229 3720 4827 7159 5013 11211 6491 7681 10921 7526 4131 4496 3812 1654 11075 9429 6933 7569 8808 8118
575 4055 5696 2560 3127 6477 11142 10877 6338 5852 9008 9810
576 7209 3998 6913 202 4261
577 1572 10748 2593 5972 1699 1622 1787 6170 6170 11517 3586 1789 4950 7029 11342 7680 8174
578 4547 2335 3167 764 5221 6851
579 1744 2723 7237 1836 5766 11440 7074 8992 8607 8471 7728 8952
580 7452 5968 6784 10361 11021 3110 3663 7739 11312 10273 8710
581 6832 11022 9313 4740 8788 10558
582 212 1923 7203 422 2183 3659 998 1088 95 3334 11147 2060 1958 273 722 1810 10916 7487 3859
583 6045 8673 9368 5695 9527 11524 3557 5145 7447 5125 4716 10548 1712 5822 9608 3860 6265 3995 6324 2491 10087
584 160 238 3550 1614 10336 6466 2676 2231
585 10624 7044 4611 8381 10058 6659 9590 9599 7720 8554 1779 9052 7598 11359 11230 8367 5382 2276 8287 1843 7913 8037 8325 9812 6779 8908 9451 10107 6804 8496 10773 8771 10754 7949 10555 9984 9331 11282 11564 7198 10931 8566 11622 10081 9309 10732 10171 10108 8759 10057 10057
586 10883 6177 4442 4518 7884 10374 6594 8490
587 7005 847 3346 1723 1152 10019 7381 1043 2135 2938 1358 10084 10488 9450 4249 7002 2361 7748 11259 11281 9852 10379 11355 9852 84 8330 14 7656 7338 8726 11328 9087
588 6244 5199 761 10875 7465
589 4933 3265 7480 8899 11108 10937 8942 1247 10754
590 4324 2340 8625 3517 5454 7745 6869 395
591 8725 11157 4507 5973 11439
592 8551 4005 9954 10808 8175 9082 5274 10003
593 4983 6414 7570 595 6049 9919 598 9297 596 8481 9957 11365
594 4974 447 826 9472 7489 6822 4916 8478 2576 8788
595 2583 2030 11122 7025 6232 2720 3524
596 3828 6739 6418 10905 10542
597 183 9241 10042 5413 2991 2341 7212 4079 5474 4993 3531 3565 4684 10875 6269 3671 11481 10389 11524 6857 6354 4867 3953 3517 9848 4272 8123 8457 10926
598 3263 6369 10842 10543 357 4051 2330 3369 9646 3770 4921 3004 6149 11435 2003 2787 3172 278 3489 1212 5433 2251 2071 10875 6234 4719 7686 7660 7810 11479 6495 6363 7734 10863 11626 7444 10573 10241 3644 10085 10666 4769 11487 11431 1056 7106 11038 9091 10294 9579
599 8863 9611 4215 2748 7037 10640 5546 4724
600 6808 10667 10038 7989 11465 10708 7582
601 1603 1076 507 7484 921 4585
602 9201 6799 9641 8362 7862 9506 8221 9968
603 4589 4517 4323 7375 7190 4465 5137 4534 9480
604 4045 3858 1392 3148 2697 3094 3374 3217 11140 10321 6996 2735 4298 2755 6212 2186 3643 10668 8385 11183 1063 2707 616 9077 7086 8501 2611 6841 3335
605 8140 5070 8820 11303 243 8036 9549 11304 10049 9579 8395 10579 2187 11244
606 7622 5197 3045 8310 4824
607 9941 5349 5595 7057 5571 1308
608 7149 3487 6975 4176 7349 6271 2308 6592 7840 10424 10866 5646 6869 6797 7173 8915 8510 10905 8166 8847 8847 11283 11312 161 9482 4935 8744 9722 6007 4735 8746 8987 10072 7975 9341 10727 11267 10277 11544 10966 10218 9967
609 1820 4179 2798 3302 1216 4906 3414 1670 3193 3758 10653 7225 9408
610 5121 7946 4736 3363 9644 8115 9668 8363 7633 7400
611 3871 3100 6024 2706 10995 3310 6566 7704 5012 10563 10645 10365
612 6637 8850 7853 8979 11579
613 5761 5681 3826 5990 7875 6883 5823 7390 6751 9021 7835 8375
614 11578 10595 976 9323 2893
615 1923 11455 2459 5597 9069 1022 8048 346 10768
616 6338 7390 6963 8933 6530 8111
617 4520 7045 7277 7666 2930 8250 6225 3880
618 9616 2134 5721 2992 3871 11305 282 1628 9977 3393 1144 11414 353 2447
619 7008 4501 5809 6599 10866 7200 8785 8817 8417
620 1565 680 10399 6230 6057 1355 11436 8836 6779 11264
621 3213 3954 7204 9205 4381 10502 11034
622 4230 8297 5426 10093 7342 9834 11549 10408
623 89 11363 8553 5094 9862 9662 9995
624 1138 660 840 763 1551 11151 1578 87 5344 3259 1312 5910 6341 7050 7049 7051 5297 11181
625 4646 10 10721 11580 5012 9147 4010
626 10047 11152 9469 8641 6249 7182 9790 8431 7837 546 9947 6990 8094 1950 11140 10043
627 6076 2560 6058 4133 10644 3498 8537 11246 9211 9501
628 5695 4167 11257 9458 1370 3133 11513 9426
629 6946 10237 10049 8258 10913
630 8507 10473 11568 10616 10393 10552
631 5432 10464 11450 2480 4162 7546 8121 8686 5096 10459 9192 9468
632 1083 6837 9318 8136 402
633 2739 1765 3102 661 11196 10282 9690
634 4635 6584 7536 6974 10762
635 3123 1438 5908 5151 6652 9185
636 1774 4901 8024 5605 9570 8529
637 5813 20 8006 6598 8235
638 2969 5800 5487 3026 2435 5475 4543 5528 4170 90 348 5747 10717
639 7305 6298 10237 8050 1951 1506 8361 9053
640 2199 265 6338 6062 11251 9410 111 2960 5767 3782 2091 6423 5982 6947 1091 6220 5535 7251 9094 3896 8858 10069 10905 7027 6247 3859 10415 10510 4551 10831
641 1049 8270 8719 6088 10204
642 670 2548 389 481 682 2239 441 838 5837 11551 8083 774 1147 1280 1647 25 1051 1520 4119 1066 895 1278 766 2865 1274 623 1616 1151 255 1243 387 5618
643 2034 6848 5209 6744 8762 11225 9954 7611 9662 8106 7402 7787
644 7069 10696 9140 9500 10542
645 2106 10819 324 6650 2558
646 228 3006 3006 893 1038 2108 1062 475 9099 3422 4380 4525 4628 3814 5572 11308
647 2548 2254 3184 11206 2464 7882 6969 10653 6242 10523 10790
648 2140 9205 2020 3982 857 2317 11357 1236 2495 3134 1466 1885 2849 3049 4216 2959 1916 3400 2204 4295 4621 2978 3511 6649 2650 4534 7583 3658 5294 2201 2306 7666 7110 7120 9325
649 4867 5193 4605 10569 4958 1029 10872 10644
650 3892 5869 896 7796 2103
651 11330 9050 10893 11505 10189
652 5680 5783 4062 6570 8438 6507 318 9596 6665 7826 10678 9676 9340 3614 240 10333 8854 6804 3351 8885 10654 10616 11586 3879
653 6685 4805 358 7300 6469 9200 11090 6287 8078 11340 4731 10976
654 6681 11154 8196 6539 8408 6592 11278 3952 2985 9580
655 679 3715 10543 3527 5137 5133 4218 8338 4201 3420 2340 3744 928 606
656 6837 10035 4284 6680 6242
657 5974 2510 6278 6308 10984 9184 9016 11515
658 2700 4186 8163 6504 7215 8306 9437 8073 4590 9267 11108 8844 9731 10780 10803
659 4838 2056 2212 685 5268 7809 4535 3650 4435 4494 3904 4424 5003
660 6226 11244 10077 10882 11174
661 7034 7034 4646 8829 6710
662 6659 7318 7685 8273 9140
663 2774 2791 6105 10042 11491 5293 4765 6244 3824 9077 5634 8369 138 8078 5206 7441 7041 8500
664 897 857 857 1224 1018 527 4106 1072 4344 7995 10621 2725 1571 1750 957 10271 10271 2434 457 6140 10436 4275 2729 2408 1749 1900 2588 2468 10911 9069 10743 1558 11565 6518 6333 11492 3761 10920 10920 10402 4728 7824 11018 111 7396 8140 9132 4935 6933 10229 11595 8950 8663 7902 8521
665 9818 5003 1757 9669 385 10717 10680
666 3263 987 2685 4042 2780 9462
667 3814 2035 5053 7343 885 8091 9676
668 5287 6489 8198 7949 8736 9599 7136 9261 11398 11390 11358
669 7171 9164 7269 10496 6939 1942 6615 6511 6684 8755 7331 5830 8012 7834 10869 7395 9812 10623 9770 9878 7198 9331
670 5780 3305 5348 1754 1753
671 5027 9961 6639 5624 777 11617 9403 8683 10777 10777 10777
672 5566 6832 5233 1127 3580 11597 7539
673 6645 3432 5626 4874 7564 9190
674 7327 2871 5065 8540 7271 502
675 304 9680 10414 1471 1659 11597
676 9942 7368 7369 8479 6089 2891 10734 8680 8203 6528 10821
677 23 10570 2438 10570 2967 3342 6257 8739 6842 6577 3565 11523 3761 5156 11008 6232 10660 8060 7585 236 235 6781 8356 10107
678 1956 7842 7343 7030 8973 10459
679 5658 7033 4191 4184 11588 4813 2193 8576 429 8839 8829 9186 4935 4098 9452 9254 8351 11532 10609 9317 10340 10582 6943
680 3419 362 11064 8104 7901 4933 8425 10415 9149
681 7427 6837 522 8281 7449 5720 7619 8502 2561 5206 6938 8609 11177 8458 9273 5094 7322 8682
682 523 792 11277 2154 470 3095 11275 10273 7835
683 5370 7359 3405 8174 7731 1979 9493 3561 9978
684 10808 2806 884 11168 10673
685 4927 4685 4917 6846 9217 9433 11325
686 1144 850 10466 6724 2034 7299 8658
687 6674 7356 2855 6492 11468 7657 11279 8629 8833 10697
688 5975 11158 7081 5821 11386 5905 6919 3752 9390 9905
689 6911 1658 10404 8788 4930
690 2922 10957 5160 1158 7993
691 9044 5258 7879 7149 6806 10623
692 11217 7578 2599 11521 10810
693 1139 11541 9721 9251 8877 11216 8021
694 8343 10843 6222 1143 6227 8400 11247 9049 6826 8876 9036 6268 10449 8512
695 694 10308 1992 10969 833 1383 10745 6844 3095 2001 5302 2719 9754 8609 9418
696 8408 6330 4021 4930 7458
697 9414 6311 5021 8482 8632
698 6445 7452 6577 6913 6578 5595 5031 7409 6174 5332 6206 5924 1731 11297 9271 8820
699 11237 2628 1010 2115 3096 5638 1918 11412 5512 3474 3887
700 7741 11445 4189 5733 6261 1900 3342 8167 10543 8218 6705 9456
701 1225 11427 10134 6490 1975 6655
702 5158 4046 3419 7409 5142 5878 7736
703 1148 2543 1028 2554 39 8630
704 6604 6869 7129 6686 10529 11506
705 8788 8452 9201 4951 7869 7949
706 5072 5074 5083 5086 9305 11460
707 1652 1206 3798 11074 1729 1185 2160 2268 2505 7865 8502 6737 9402
708 2915 4061 7964 9358 10077 8043 9357 10708 10829 6849 10057
709 4868 5538 5781 248 211 5069 9300 402 11024 3350
710 8965 9613 207 10483 1272 10792
711 3476 2887 10301 10970 2572 7986 11276 6200
712 4995 6893 7191 6028 2404 5895 10892
713 5220 9466 8361 3944 5639 138 4326 10429 5709 7169 11007
714 4397 9842 2527 11491 8359 8575 5792 8348 10118 2096 10433 151 3119 185 7706 6683 4503 4554 1069 4530 5580 7903 2473 2325 11079 9930 10410 10659 10155 7261 7857 7282 11009 8272 3505 9083 5194 10077 10107 8981
715 11028 9563 2526 1750 2406 198 2428 5928 6870 8954 9454 8579
716 8446 11388 4806 4031 4050
717 2476 11205 2855 11167 10733 7688 5208 9899 2776 7632 9601 6145 8749 10516 7549 5438 8133 8601 8449 8146 10990 8983 3366 9827 10609 7967
718 10565 4624 5142 6156 11022 3232 6481 2851 8544 7303 4847 9387 3951
719 5699 5377 3494 202 5179 6337 4938 2398 5888 6323 1955 7240 6902 3832 1050 6594 7194 2491 7049 7441 3255 6554 8579 7020 9119 8692 8592 8713 8755 8141 9742 10545 9452 9131
720 691 1481 9369 1361 813 10825
721 11005 5304 11529 4116 7038 8718
722 6067 6375 7531 7282 11392
723 5753 7779 3752 7937 9362
724 10004 1716 2530 2699 9418 11003 4298 8609
725 1842 671 4762 2618 8811 5344 5695 8023 9374
726 5054 9842 3798 1992 2360 1420 9042 10268 6261 10250 10107 8534 10043 11166 8260 10200
727 4647 10374 8810 1895 6133 10937
728 6396 4447 3015 8140 9282 11207 10385
729 3073 3826 7546 9657 10171 7850 1977 6997 11128
730 2975 11284 3590 11538 4536 2308 6848 7455
731 6975 2858 2494 2299 9808 1996 9547 6567 2291 5433 7908 1724 10466 6244 5623
732 5428 8275 8536 113 4767 10943 152 2904 7657 3386 3616 5174 3312 6319 3531 5922 3140 10711 5613 2169 2396 4081 6322 4676 10774 4632 8479 4270 4787 11276 10478 6973 7486 8661 5014 10549 8246 5022 8333 9958 10001 8945 8979 9939 10342 9771 9505 8380 9938 8555 8511 3799
733 5220 8921 3015 4654 4440 6304 1712 3089 3730 6683 3522 3679 2091 6962 7840 6269 266 2101 3284 662 11232 6021 4330 5616 6899 56 6838 10573 9352 6974 10273 404 2075 7143
734 2226 1708 1930 2534 2047 7034 10088
735 7037 4744 4903 7125 5426 8075 10796 8382
736 857 3336 5522 5555 3338
737 1243 1287 5020 1481 693 1575
738 7092 5905 10679 8762 8362
739 5835 9426 1157 9169 10972 9715
740 4476 1885 9811 2558 3993 4821 3087 1212 5176 4738 3897 6866 7525 5993 151 2648 5104
741 5821 11371 8963 9483 6580 7704
742 4734 4530 4521 3999 4211 5274 5565 5559 4766 211
743 2662 2628 1446 2628 2161 10010 1376 2737 1559
744 5651 6873 3519 6378 11584 4676 9313 4800 6313 6783 9367 10787 9352 9589 6655 4136 9404 10710 7868 375 6272
745 8234 4717 3471 2450 6777 8108
746 10268 5754 8248 4033 2644
747 8706 8707 5072 11590 9848
748 2456 6277 7360 172 7625 5362 7590 3608 4127 10216 7669 3334 9582 8333 7563 10793 11436
749 5661 541 4030 6316 6661 6301
750 6570 7909 8581 3145 9021 9740 9338 7473 6615 7676 7841 4208
751 3111 4647 11271 4612 5767 8898 9009 9523 11016 2021
752 2872 2395 3716 9347 464 5086 4034
753 3109 3015 10630 525 605 8457 10561
754 2753 7735 5793 4080 3610 2784 3090 3485 8172 2277 6164 5940 877 3109 3393 4011 6406 6065 4641 1881 3662 4696 6074 3703 9265
755 5451 6622 5656 5869 2042 8968 584 591 10803
756 10466 11159 2179 9719 3000
757 10852 854 2885 5118 1495 7885 3980 6112 7145 516
758 4427 708 4011 4533 4485 4645 5347 4861 2751 7798 6428 1538 3256 11380 6477 4356 8408 6391 8575 2394 5877 2524 6647 7682 9526 10877 1100 2361 7716 5401 3859 8105 4487 3732 9337 10825 7404 7415 4511 1034 9108 10794 1554 7230 3934 10659 6812 9435 6027 4927 10257 5829 8544 9573 4099 7232 6305 8238 5037 7359 8666 661 2884 5823 10478 10764 7642 6295 11405 6783 7614 5785 6200 7202 3074 11593
759 701 193 534 540 3894 703 7311 1338 2142 1342 1169 944 954 8137 4204 4534 676 2723 2582 8052 7259 9045 4912 8347 4787 8519 8464 8457
760 10389 2760 7453 5909 3885 6380 2826 11021 4883 5952 5071 7374 5082 5078 10293
761 5695 4509 6219 4867 4965 2920 7406 7216 6068 3808 7001 11460 10623 9612 9142 10672
762 6716 10503 11296 5058 9279 604 8598 9842 394
763 7427 11218 11009 11166 664 8755 8754 6569 11354
764 7741 2996 9241 8196 2484 5128 3329 5790 10500
765 1854 3738 8782 10279 10673 8789 9938 10812 10642 11110 11207 11147 10762 11616 10948 8298 11041 10950 11207
766 5761 8354 3138 5572 11177 8410 9855 9070 5708
767 6568 9418 9918 8784 2806
768 3160 7589 4594 3545 10569 8269 11363 7473 10218 8713 10379 9792
769 3716 8573 2443 6039 3875 9366 2830 11437 131 5606 5660 8291 2315 7328 3750 9402 8500 8788 10222 10286 9108 10830 8850 7998 9179 8980 9736 8262
770 6410 3986 2132 8736 5129
771 9853 2742 3233 2333 11347 346 216 619 5311 2273 10220 4579 4464 5137 5735 1995 5922 9645 6080 4324 6881 2228 2163 10804 7698 4193 3722 10391
772 1937 10916 10916 2003 3430 6433
773 11599 4557 6317 4949 4356 4285 6252 9480 6054 9527 11531 4437 2275
774 7300 2435 1538 10659 7700 6011 6909 10751 7745 8643 6687 7260 624 10516 8454 8556 6231 6194 10508 11227 10164 5598
775 612 3006 1961 1961 10023 1190 1961 423 611 9056 1796 1139 2770 7210 4763 2636 226 5309 10621 3845 274 2143 2494 3702 2067 2708 2389 2503 126 7034 10799 4004 7160 1600 5567 4827 10919 4811 6000 5608 8018 11432
776 10223 10721 1714 5113 6605 261 1645 6166 10733 11588 4726 6596 2982 11009 11368 7989 7010 7183
777 2722 1859 4073 3816 2536 11517 4997 2079 790 1773 4406 10541 6836 6836 6836 1770 7554 5601 6904 10994 479 8909 3496 11322 10733 7914 6929 10866 5568 4514 3952 1722 3966 1095
778 1787 3412 3221 6541 3709 7776 2976 2964 2873 2573 6591 2462 1823 2144 3966 4562 3988 2053 3789 2064 9735 3729 6296 11019 5607 6551 11001 8411
779 6177 7368 438 8172 7409 9469 11489 8290 8136
780 5953 6725 5896 11196 9657
781 3949 6735 6181 6164 6160 9421 11407 6831 10379 7712 546 11280
782 5937 5512 5462 7067 7199 10866 5385 8383 7249 11607 9392 9254 8472 11180 9220 10770
783 4241 10464 7516 2348 6608 9077 7871 9596 9949 10415 8235 9062 10831 9463 8365 9165
784 7625 4615 5786 8539 8383 6523
785 3940 7341 4485 5761 9388 9722 7257 7417 9579 2270 8042 10934
786 6209 5757 9013 7215 8683
787 1674 6228 8059 4344 7377 2454 10946 7578 7307 7212 7044 1608
788 5175 7604 8084 1585 10199 6956 3052 8454 8559 10295
789 11191 2396 5023 2593 6433 7588 8828 8003 9039 7841 10708 7931 9354
790 3764 8138 10584 10449 9256 11146 3653
791 1720 1766 10376 1107 2061 11244 11435 11011 1644 2865 792 2742 1451 781 1611 7381 10426 1337 1001 2045 2465 5455 2278 2593 3563 3069 7034 5497 3562 3449 2861 2444 2972 475 7034 2898 17 3970 70 7034 3936 7034 7034 7034 8546 2615 2434 10246 5311 2244 10767 2630 2850 1127 2538 2551 3061 3416 4592 4562 463 3513 1559 7290 3369 4576 11420 11233 5603 1347 2849 2504 2754 10313 3855 650 2491 194 5513 817 11135 10577 11185 2520 87 1968 9205 1339 8811 2626 2048 2483 2687 4084 9671 3148 3675 1203 9205 8811 2837 3199 5321 7882 11401 5511 2965 1809 2769 5670 11101 737 1944 8023 9899 3768 7283 6371 5029 20 5508 4254 7594 11563 5811 7898 5087 9284 9275 3270 345 2218 4735 2649 9327 3302 11394 4147 9305 9299 516 9650 3735 1755 10563 10300 3451 3276 2490 7955 1827 3860 585 593 577 9921 10574 579 587 10028
792 549 2480 1267 5921 4814 6960 11065 11361
793 7255 6673 7302 7231 6721 4237 592 7949 6955 10290 10115 9232 6314
794 4112 4320 4316 1083 6240 6841 4888 10893 10496 4683 8407 9567 11303 397 8861 11228 10371 10833
795 11147 10188 3523 3653 9629 10646
796 3130 3707 9975 10233 379
797 10088 10018 70 10945 2971 3004 6140 181 11458 2415 3267 712 4389 2424 4662 7026 11450 2602 382 3144 2283 3030 7029 2932 3500 4468 8205 1978 8205 2373 113 10829 3613 2933 4697 4629 3342 2666 3433 6137 4506 2823 2858 3698 2897 4033 3961 6389 5413 3093 4035 10191 4274 7750 11260 9961 5974 2681 6174 5346 6409 6526 6865 6437 6235 6114 2643 3848 9999 10630 5373 2960 5308 3484 6825 4255 6254 10051 3870 5265 5956 10808 5891 6034 5662 6850 4370 896 7526 11008 4981 8217 6018 6209 11489 7890 5197 5794 8248 7379 5754 9754 3295 7467 5749 6631 5336 7434 7241 6204 8436 5767 4309 5728 6747 8310 7612 2537 5775 7197 11085 7785 4292 6961 7772 1791 7301 11075 8353 7677 4801 9583 8216 6924 8605 10182 11075 11575 8613 11067 9403 7673 9342 10481 9499 9344 11472 10529 8662 10086 1981 1375 11034 8513 10105 10491 9453 9597 9959 9834 9494 8002 1741 10828 9992 10795 9953 11616 10649 10113 9346 10168 9971
798 2760 4432 6293 2970 7057 5349 6274 5436 6915 5600 1934 6325 7503 6007 7407 10315 7265 9546 6746 9892
799 1242 904 1001 3297 1614 8860 2050 2662 2661 9004
800 10287 10288 94 2149 1695 1671 230 10599 1299 10487 2651 4744 4027 243 5057
801 1820 2039 3901 7100 11335 5592 4001 4550 4894
802 8779 7826 7835 9685 4186
803 4097 2959 517 5366 3981
804 2939 280 2833 1281 10678
805 10268 4975 9634 10180 11107 6350 10383 6688 9203 953 7314 10967 9247 11208
806 6802 953 10561 9842 8886 9122 10574 1759 10668 9370
807 838 1041 93 969 802 1961
808 3331 4207 131 2100 10594 7172 15
809 2176 11074 1811 2403 2067 9735 9547 6630 7763
810 10389 8234 8551 9843 10926
811 701 303 922 3437 11153 6735 7965
812 4990 6841 6598 6913 10063 5319
813 751 1904 1165 1074 374 1557 689
814 4091 8762 7146 8667 3897
815 11051 3117 855 9497 7681 8264 6153 5568 3556 8847 3832 7260 5098 401 5082
816 7663 1377 3458 3443 6582 6710 5862 6590
817 11315 1791 11126 6980 11185 6992
818 5695 8739 3828 7133 9734 8372 6984 9998
819 11545 5234 11142 5677 1702 9657
820 6580 10687 24 1631 6261 4017 7178 9627 5817 7734 4757 7442 9975 7930 8899 9812 9781 9579 10227 9396 10665 9423 4551 8270 9097 10294 10293 10050 10431
821 7897 6525 3503 1486 8210 10769 5414 10510 11133
822 6724 9634 10180 3831 6926 8671 9016 9230
823 6125 8479 6373 8427 5500 11607 5408
824 3937 1614 1978 4344 9215 9622 11436 10107 9557 9409 7803 10848
825 5437 8383 5048 6087 7553 8177 7462 5203
826 2341 11033 6376 2885 9534 5372 7780 11330 8148 9799 6509 7667 4429
827 6826 8517 9550 546 8761 8897 10032
828 363 637 1481 2715 2290 174
829 2703 6390 5877 7452 7295 8528 7092 10273 10967 10033 8520 11371 11518 11106 11603
830 9616 3655 1347 616 4876 2480 5243 3733 9568 4328 5874 9251 980 5409 2578 7299 4464 3831 5209
831 10641 4662 10464 11446 6746
832 1494 1341 410 1207 1589 7900 11011 11488 1699 4231 5460 3161 7955 11354 5809 3028
833 6483 11331 9034 8289 7352
834 1750 2491 3134 3475 7146 5304 10895 1498 6245 5553 5725 3278 11103 4017 11617 6164 10794 4344 4182 6457 10241 8717
835 523 10336 728 3443 8166 6811 9229 9476 6755
836 5558 2738 4245 5503 4974 5050 6401 6416 10866 4375 11213 8933 7140 10562 6544 11493 7966 8180 8724 5759 3495 10624 8164 9958 7791 10736 2404 9030 8965 4611 11237 9157 11545 10003 6148 3750 5819 7346 10381 1247 10098 7477 9725 10269
837 4893 5524 7160 1782 2817 3811 4873 2799 6303 9842 7170 10180 4458 3676 1367 419 10314 7196 8684 6387 5495
838 11433 20 6929 8312 503 9193 8222 8361 8887 10672
839 10821 11104 8617 10991 9597
840 10344 7027 6842 3995 5749 1718 8839 9118 10896
841 1771 2870 4740 824 3974 11022 8573
842 41 7751 11624 9482 10241 7374 354 10334 8079
843 364 499 1110 3894 1206 9044 5799 5476 6915 8479 3264 2059
844 1152 746 5295 470 9402 9465
845 2638 50 3507 3454 658 2330 382 2782 2358 558 408 2810 3029 737 11110 3715 3458 5474 2422 1724 9646 1864 2035 4218 4126 5671 4492 3846 2787 3005 5995 3120 2933 6228 5627 3342 2890 123 10669 7406 2645 3191 5384 5343 11000 4028 4554 4521 11336 2298 11547 3516 10714 3045 3040 3107 10457 10285 5949 6554 6161 4304 10410 3649 5663 3505 6237 2794 3234 7779 10659 6962 10786 5782 5210 11119 8130 6663 5452 6696 7238 4257 6133 10765 5778 5071 11545 76 7242 10107 9377 9711 8916 9543 10236 7107
846 5983 6261 4678 2034 5914 5316 4933
847 11164 10169 2426 11141 4141 2154 2218 5670 382 3997 4662 2422 10530 1553 2081 3589 2045 3652 4195 4049 1044 1907 3353 11412 7446 6484 10671 6269 6204 11350
848 1633 2255 11206 5244 3294 2264 4229 5095 7139 10415
849 9017 4783 9634 5168 4565 11213 6509 1891 3429 8698 5483 4653 6756 11196 7119 8099 9645
850 6161 2835 6472 7528 7822 5604 8655 9810 8296 9446 8788 11186 10383 5501 8341
851 6450 4379 4805 4713 7624 7252 4568 4726 10999 8106 10171 10427
852 2578 172 6102 5735 7008 4364 10340 5400 7548 7546 4834 11287 8340 7042 2040
853 5121 1817 2925 7771 7212 2137 4117 9345
854 8361 111 4718 6139 8030 7102
855 8022 11555 3333 4586 352 1501 11529 5009 2801 4616 4646 5978 10336 2629 5912
856 10016 6808 7122 6939 11308 8828 8880 10846 9987 9202 11409 8566 9609 6310 8244
857 9886 9385 4386 1881 141 503 8677
858 11363 4732 3799 3383 11048 10227 9502 11048 11048
859 3486 5596 4449 8798 3850 6220 3176 6266 7123 10764
860 6244 6021 675 5609 11590
861 5442 8107 7869 10643 11296 8703 8499 11474 7395 7186 10955 590 11034 9015
862 9495 1251 1316 757 1381 9860 2139 3943 2740 6170 83 3014 4305 1373 9564 3437 10502 2837
863 5529 6542 5995 3731 5540 5189 4766 5509 11591 5845 6237 6420 8112 5591 7060 4276 3812 11271 5697 4998 9081 11367 8337 9798
864 3093 10743 11339 4606 4754
865 10959 4347 6912 7843 10532
866 2870 7231 11432 10678 9541
867 5649 5446 2165 7097 10516 398 5077
868 2497 4104 4528 2177 5384 10751 4 1182 1276 1069 7037 4461 5499 3552 4695 5540 5320 10413 10659 6476 5538 3581 5321 10659 2365 9943 5509 4058 6161 5278 10867 7594 8907 7537 10992
869 8978 246 748 9883 10767 1816 9069 5266 4783 6401 6929 9657
870 1407 1540 2080 3168 2689 2051 1584 2933 2438 3342 283 4554 7394 3850 2850 2558 4473 2875 11339 4606 6582 142 8502 6803 7445 5255 8765 7743 4803 5506 5335 9021 7487 9789 8509 8325 9624 10468 10060 11282 8455 9935 9171 7713 8614 11244 10491 9629
871 7182 11163 7289 11168 5105 10857 7906
872 10570 9818 11389 8511 10381
873 3249 9145 3422 6785 2677 7287
874 4669 2999 2429 4290 8863 7409 266 5578 10054 9449 8560 10906
875 10644 6963 9842 8612 1709
876 4685 4901 11039 9917 10116 10518
877 1222 10799 8771 4537 1604 2279 9826 7393 4953 11213 8373 9728 10485 2767 9743 8651 11505
878 9949 4078 6147 11061 2096 3532 4485 40 5431 8038 3571 8112 8498 2220 852 8296
879 7783 6759 8191 7475 6807 9082 8900 403 9294 9281 5069 5103 5078 397 312 9282 5086 5083 10869 9301 9762 9288 5082 9305 5067 5068 5111 9276 8771 11567
880 1663 1314 2160 1172 1352 2212 2696 4231 6987 1863 10465 2567 2679 9883 1197 3388 3456 2918 4053 3065 5310 3956 11140 2274 445 4151 4513 3717 9608 10389 4851 1321 3322 5009 10192 4421 4641 5685 4996 2851 4099 5401 7539 1746 5
881 2870 2491 8226 6021 5301 5567 5088 266 8092
882 10876 8630 61 4155 9044 2202 5978 10839 4057 5294 4032 4772 5484 7461 7842 8630 6919 6465 138 8609 8019 7551 10651
883 1652 7917 8427 8408 6110 8430 9406 9164 10346 11062 11359 10568
884 4321 3115 613 6716 6760 4227 8714 6843 5403 6741 8238 1177 5982 10961 7565 11493 10866 5861 3703 6952 5970 4488 8549 10834 5214 11315 9391 3515 7653 10389 6404 9014 4847 7340 8732 6856 9411 9720 10241 6767 9567 10967 8108 7314 509 8543 8974 10295 7868 9906 167 6655 1319 10419 1142 8616 10125 8653 8578 11552 9776 3209 9172 10170 8278 11324 10590 11286 3951 10896 1518 4172 11457 5978 10975
885 6324 11279 2941 10727 10160 10499 10427
886 10831 3277 3956 5866 3857 4469 5695 3613 5366 4117 3594 3718 6085 3993 1827 5143 3496 7882 9617 6525 5811 4797 4110 10653 4032 11591 7341 4641 5372 5276 3959 3544 5571 5938 7430 8898 8838 1971 140 994 5765 4242 9167 6831 8368 3873 8709 9546 11590 7986 8537 2491 8764 10532 9674 9433 10434 4890
887 7668 9811 8208 7023 2335 10037
888 6252 6542 6641 2494 9045 6797 10569
889 862 10114 1796 6358 819 1216 1817 10720 4032 7811
890 1358 5248 346 3054 3972 3261 2587 2905 2788 2867 1829 221 3024 1994 3274 4 123 11630 10060
891 3221 1512 2901 4420 6968 8755 8692 10164 9741 9025 36 8096 7331 8786 9862
892 554 465 5277 4348 6700 6661 6325 9818 4541
893 5433 5955 5595 834 7465 2179 4040 5478 9729 3595 6432 7588 10893 9878 9331 439 6955 10645 9658 9770 10582 7094 11606
894 5885 7007 8425 9021 11375 8040 10470 10140
895 2471 145 3085 4344 2165 5043 10383 546
896 4146 1252 11586 7460 777 10797 10043 10060
897 1227 10746 1202 721 11217 1546 2797 3136 9270
898 3572 2512 11336 8059 3239
899 5997 9853 9799 5354 10752 2808 9460 9460 8795 5203 2276 1882 9223 8472 10123 5892 1056 11485 9834 1056 11431 9605 10041 7266 4777
900 7048 5196 3884 6415 1889 7885 8810 10214 9904 1990 11140 10334 8110 11107 6782 10439
901 6162 9115 5203 8092 11474 9353
902 6261 9285 9289 6240 10107 311 1778 585
903 6675 500 5094 9967 11029 11560
904 3682 10967 8739 7061 5378 9884 6764 7094 11353
905 5682 8052 5551 6929 6565 10595 9426 11258 8053 7195 6498 8663 2187 11073 8542 3207 9610 10818 9934 8584 4786 10431
906 7329 1148 822 1250 1758 2228 2740 2810 2312 2831 249 10910 384 5841 3452 2368 3858 3918 9818 2935 3121 5343 7999 2018 2929 10721 8953 10577 7465 2933 6711 4881 10374 7610 8793 11272 4276
907 228 4585 3152 9832 455 5971 7074 5204 150 9396 7357
908 5959 9961 4749 5427 6332 7361 9264 7846 9359 10146 15 10840
909 298 715 725 27 1082 2331 8406 3388 359 2390 4997 1216 2419 1938 4365 3453 2374 4056 1859 2079 5128 6189 2996 10949 4513 10478 1672 6690 1347 1080
910 8052 7999 6496 9115 7760 5056
911 539 5269 5263 5996 6870 5589 7619 5385 3011 9640 8126 9199 10609 9135
912 9279 5058 9592 10926 9331
913 862 921 7658 2336 1792
914 107 9657 9821 7348 11635 9851
915 5914 11632 10315 5957 9003 10897 6638 10798 9026
916 3748 3198 3260 3767 1749 4128 3226 1907 4065 5125 2114 2884 4441
917 5723 3088 5906 9950 6832 10102
918 5557 10336 5824 6068 9527 5723 7738
919 743 664 138 9915 7173
920 9329 4576 8640 6340 4025 11609 3125 9676 4437 5387 7287 5713 5147
921 7378 10630 5760 2891 8340 7966 4254 6586 6593 7410 5594 7328
922 8827 8095 9812 9386 10741 2477
923 1030 10224 2080 4855 9300
924 862 1296 1796 10502 1867
925 3115 460 6564 1493 904 2182 1888
926 3623 1415 5775 5748 7284 11038 10724 10724
927 10704 6832 1100 6194 7673 8959 11579 11460
928 6174 6978 1929 5113 7490 6612 6038 5439 5738 4276 7574 5028 9260 4120 8030 8127 7458 6020 2040 9460 9009 7551 10866 7238 7627 7739 9334 11576 9530
929 2603 10834 10500 9614 8289 10170 3369
930 5840 9790 5551 6983 10965 8232 9831 9158 10587 2164 5918 9715 1162
931 5604 6851 8175 11350 10504 7400 11415
932 6500 5200 7625 7548 6222 5559 375 8727 4098 8555 9359
933 3399 11349 3206 3573 4344
934 1613 1443 1510 9681 1346 1348 6740 1014 1716 2111 2024 879 3406 1343 3143 7098 4215 2338 3266 3711 5008 3488 2137 4261 4401 8348 7156 9054 7337 9257 7719
935 5928 2674 8198 11408 9401 8489 10470
936 7474 7311 8929 10205 11284 8059 6752
937 2915 8572 4659 542 546
938 6635 11379 5443 10728 9371 9999 3496 7890 5255 7445 4868 8625 10867 4868 4868 6261 3782 6261 150 2926 7806 9027 10572
939 1687 10933 694 1795 975 1062 749 2676 3334 1455 1317 721 1453 1363 7037 8907 2742 1719 6345 2245 2992 187 5311 2185 1917 1935 7359 109 1742 1809 2639 11290 2048 7220 87 2026 11057 9611 3935 10819 3734 3638 4141 3061 2565 7917 4051 9190 4613 9977 742 6284 4660 5368 7217
940 6046 5796 5258 5760 7305 6307 6240 11103 11157 6427 8408 1122 10562 7642 2179 4567 6973 7178 10569 9460 511 10893 10898 7844 3690 10954
941 8666 4655 7692 10716 1882 9655
942 6201 6814 7842 6850 7349 3571 6592 7604 8216 11367 10808 8979 11023 9986 8730 9427 10479 11218 179 4334 10754 10567
943 5679 10389 7552 11450 6201 9358 7384 7033 6472 7516 8125 5756 6353 6259 7757 7590 6937 11034 2232 7911 8900 9813 10060 8788 5177 207 9176 10788 8560 9639 10706 5688 10654 3879 9750
944 900 3346 1147 2056 10634 1392 5295 11609 2279 1505
945 5410 8639 4847 317 9523 7088 7970 7595 8939 6989 5545
946 4686 6580 7888 11464 7505 7775 3783 7106 11055 10504 1981 10529
947 3773 9941 6190 4776 2890 5528 1783 5985 11079 692
948 10751 8128 8340 4286 11213 3010 5359
949 5651 3327 743 6431 5602 5182 10090 6082 10143 7651 7783 51 8707
950 4342 11339 4606 6210 6237 6161 7696 6194 7941 8770 8437 9797 9763 11359
951 2776 3582 3403 2585 3789 2263 3185 2802 650 2780 7698 517 181 875 4298 4045 3518 2430 2394 9414 4858 8685 4863 10644 11227 11543 8219 7813 8457 8188 1338 2192 7348
952 7864 5348 7004 10893 3334
953 2880 2137 7138 5715 10197 3880 3822 10773 2270 9373 11540 10107 10675 10756 8447
954 3818 5605 8722 4701 10880 9542 11146
955 3655 5579 10530 2552 4147 3249 2342 1321 6814 1194 8059 4116 3421 3242 3577 3696 4072 9608 11183 5625 7258 7351 6401 8631 11336 9930 7962 342 8496
956 7843 5301 7215 7886 8307 6599 6087 429 6622 3859 11629 3380 7708 7873 7684 3319 11363 3906 6487 308 8788 8119 8107 8705 10857 3034 10172 8453 9278 9304 3272 514 7614 6670 9506 6755 8254 1977 1950 9232 7712 7372 9558 8565 9218 11104 2267 7689 8925 6638 8233 7614 9850 588 9169 4186 10319 585 591
957 7668 2385 1693 8056 9906
958 8771 4768 5261 8907 7084 7291 7956 7003 1990 9500 8222 5102 5079
959 1423 5310 2461 320 11382 224 8877
960 945 660 1168 9109 1114 5309 1502 9042 1379 10376 1388 1214 3442 467 226 10604 2656 2333 2593 2758 188 9402 957 2102 3203 3069 3550 10935 2837 10717 2551 2766 2064 1461 1233 2935 4473 6029 2828 5825 4760 6301 6136 7558 6939 7082 7659 8786 55 8423
961 3795 4112 7170 294 9811 4115 9318 8403 7755 4159 9599 835 9044 9628 9137 11024 10317 10208 1367
962 11493 4559 8330 9029 11612 9361
963 11030 11053 10522 10861 11244
964 11340 8408 7048 11352 3765 9534 3983 6049 6165
965 7469 4085 7465 7168 10060 10668
966 7902 1076 378 945 7530 7658 930 926 838 1251 1084 3535 486 989 1302 7608 4524 10246 2402 2742 2783 9517 10556 1893 11011 2244 4708 8546 2651 2483 2146 2370 2253 5026 10167 2233 9563 3106 3433 7220 1216 2468 10308 4562 4007 3816 1024 2039 2381 3790 4187 3141 4738 1971 4308 3039 4456 5394 4044 5912 1281 5596 4238 7509 1234 1840 4764 4110 5123 4353 8416 5183 1996 2029 3214 6865 2617 7201 9806 7251 829 3385 5132 6525 5990 6110 6639 2518 11026 4367 8898 6822 7043 8290 8749 7572 10996 1355 8456 10069 9545 11356 9138 11473 7669 10332 7902 8656 11240 10798 7337
967 934 912 11338 913 6054 4798 9367 2236 1211 8287 8928 536 15 9165
968 888 947 180 1191 1435 1510 1752 7439 794 1578 1727 1732
969 4457 3647 4202 464 10239 8300
970 11029 10340 7332 10180 7216 3946 9178
971 6762 5262 7919 5830 7951 6938 9153 8728 9852 8254 5107 9741 8965 11365 8458 7089 7934 8816 9246 9592 10091 10822
972 2658 3372 4186 5841 8800 2166 3847 1394 10321 2512 1896 4007 4335 983 3905 859 5175 5978 112 11091 6917 10141
973 7137 7704 8033 11074 8480 10315 949 11343
974 3656 2943 3285 5015 6605 4510 1889 7874 8430 9606 7984 9649 2164
975 10429 2882 10558 9565 7989 9582 4758 9670 9512 7563 200 10458 2159 5851
976 7287 3758 2966 4983 6545
977 2189 10414 1588 5309 3877 10767 1732 1813 2499 1393 11488 11093 3174 3411 5481 797 3855 1823 4469 8536 2395 5811 10548
978 1231 3637 199 7034 4906 4144 6436 2995 278 3629 5527 7038 6224 5899 9151 9818 7009 4929 6957 10044 4825 2826 5639 7544 10541 8422 10058 7015 1983 7069 9722 10678 10779 546 8929 9095 7014 9812 1759
979 9330 10711 8465 9498 9426 11566
980 53 2183 64 4797 5939 6100 5878
981 2781 2058 732 1364 2868 6851
982 10471 10576 11521 949 10362
983 6068 3120 7818 8619 11067 7444 6382 7372 9274 9674 9158 8294 3034 10033 10125 9468 8467 10345
984 8444 8869 11336 6573 8087 9670 9905
985 1820 11301 3254 2436 5311 2896 2863 2190 1715 272 272 2559 1496 6752 1310 1809 2486 6836 7008 7311 2206 2466 2265 1769 1767 1670 10911 11185 4204 8546 8546 7054 4858 5167 1940 11347 5910 2472 1862 1685 27 2586 10768
986 4588 10528 8788 9446 8500 9498 4655 6487 10387
987 182 5054 3499 4765 4435 5195 5751 4270 5871 5230 7252 234
988 7398 2478 6271 6174 6561 9371 9929 6196 7343 4677 7979 7763 8898 4045 9372 8683 3145 7173 6890 7630 9596 8438 9596 2985 8290 6979 11632 9136 11607 9545 6098 5468 9062 9523 8351 8815 4675 7654 8883 10334 10529 9876 11228 10212 11169
989 2391 3001 7177 7209 9480 10166 9986 9284 9299
990 6178 5833 6283 11422 5403 5915 4339 7419 2738 4324 172 8001 7261 6899 8419 7723
991 639 9599 9720 7518 9254 7834 6684
992 7237 6497 4447 4315 5452 3985 4280 5519 4789 5751 6249 16 5510 7465 9031 7284 5897 2229 10133 5296 89 2276 8302
993 11004 2072 4319 6254 11432
994 1120 10766 294 6096 8902 8281 9394 10245 8564 6708 9449
995 10820 11135 8067 11153 634 2144 2802 2307 11596 3942 11445 2494 2551 2828 8567 4764 10498 3613 3970 1485 6537 5015 6508 6218 367 8399 4973 9876 10897
996 10476 5183 4824 11352 4126 8728
997 3104 5759 9722 8123 10494
998 3742 7465 2335 9502 6706 9359 10011 10338
999 4893 2866 6208 4705 5874
1000 3475 2491 10520 6261 1323 6817 5834
1001 998 959 1820 1824 11145 7414 1159 1792 2782 216 2004 2973 679 2983 3199 1846 4047 2504 4030 7892 10879 3476 2043 4178 1283 9424 4744
1002 246 1676 361 571 1417 2419 28 8064 7636 9617 10318 11603
1003 7917 5602 4510 6456 10549 3126
1004 1264 1265 646 1203 1609 2898 3664 5043 5812 9806 6389 4110 6309 6275 6110 10277 9774 8837
1005 3988 10402 3772 767 3165 10045 9744 5612 10972
1006 11107 5768 10143 5602 4717 9686 4326 11338 6897 8206 11007 6322 3017 11588 5424 4324 6015 7283 8554 8898 4390 6451 7060 7590 10424 7355 6108 3501 8139 2985
1007 1259 575 363 6384 640 137 1185 9197 3422 2845 1105 2849 1878 1470
1008 2072 11179 4569 11549 5475
1009 9368 4613 5922 4244 5420 6261 6100 6974
1010 6584 5354 10620 101 4458 8666 6313
1011 2243 2367 4997 3816 4832 5814 11493 2830 8918 6686
1012 9462 8852 10096 9555 11118 2192 9674 7317 1080
1013 10267 3986 6444 7539 10478 5671 235 10314 6259
1014 4440 6533 9645 7212 455 4043 10973 252 1650 9396 10415 10459 11256 6493
1015 4533 3796 5558 3574 4544 1142 2396 1712 11056 11533 11321 9539 7923 8893 2882
1016 11388 3887 9811 6393 2608 1091 4221 8182 11077 2611 7531 10735 10058 8434 8490 9183 9776 11169
1017 6263 6652 2982 3663 8414
1018 1279 7285 5811 1594 11499
1019 7199 7752 10379 10049 10107 6989 8802 10737 8173 11425 10672
1020 6776 6827 9590 7126 7182 9193
1021 335 351 628 9042 6667 1181 495 608 4296 3921 10426 4674 965 1507 1031 4524 1784 989 1649 3639 1611 59 1602 1304 3139 3887 3445 5368 11123 3466 1933 1797 8812 8811 8723 3583 11016 7641 536
1022 2764 3341 3173 2834 3201 159 3331 268 2552 448 10029 11022
1023 9368 5225 5969 4948 7314 661
1024 5695 7453 6732 7360 7023
1025 5761 4848 7459 5905 7590 10904 8230 6372 9722 9778 9463 10738 10379
1026 1946 4328 2889 2956 4352 3766 10943 3298 4387 2768 1767 4441 5998 3169 5916 934 2222 7370 3447 8385 5226 9567 4861
1027 7411 5516 8641 10967 8095 9736
1028 10454 2229 8192 9838 9842 10731 5598
1029 528 4678 3898 3017 4917 6575 6814 6801 11205 8762 2267 6801
1030 785 2299 4856 6687 11363 11318
1031 9056 7299 5380 11178 2915 5752 7067 4930 6902 7907 6853 10660 9590 6061 3556 10058 5274 10780 8797 9813 9434 8467 9261 9813
1032 8850 8663 2075 9924 11453 984
1033 1496 8813 3185 10266 6339 7255 5524 3020 5700 4400 4117 10831 752 4399 6669
1034 2451 6283 3595 11574 5773
1035 1192 920 1453 3943 819 9800 9656 7221 9358 2368 2100 4562 4547 10261 875 4449 4065 11123 3162 9497 5527 10743 1651 8953 829 2699 6022 3487 6846 9818 3066 7470 5340 6544 11079 3175 4739 7239 8733 3896 7652 10872 10574 9468 11266
1036 6806 4674 6814 6525 2137 5580 8142 8149 9705 6451 3742 6660 2882 10564 4045 8402 8987
1037 2967 2351 3421 7366 10143 5876 7831 9094
1038 301 5697 6746 9176 3760
1039 9417 8930 5695 4572 6980 6931 10991
1040 2397 1576 3227 11046 7698 10946 3697 3783 6852
1041 10286 10905 8827 8063 8457 10806 9842
1042 1725 732 11011 11139 6212 1353 2708 3789 10981 4863 11099 2051 5137 5133 7170 3729 7170 4323 5577 10422 5592 5845 4115 5189 6894 3097 4523 7651 7994 9700 3011 8764 8842 7991 9094 9214 10978 9787 9246
1043 8641 8367 2648 8382 11542 10154
1044 6953 6916 5983 5776 6285 7491 6922
1045 3131 2661 2975 5366 3767 3331 9999 11207
1046 6913 4579 7252 2648 8591 10613 9451
1047 6046 7135 11008 8089 9498 9949 7363 9678 8922
1048 5147 2165 10389 9367 601 10877
1049 1673 2189 11236 2138 1648 1984 2928 10917 2811 3161 1912 9059 5425 11019 10915 3648 5343 2457 3689 6333 10916 10919 10919 7160 11492 7824 7824 6125 4827 7366 11479 6703 9421 8263 8265 7518
1050 4685 4190 11471 7846 402 5080 9427 7791 11314 8014
1051 8744 7598 375 11337 10966 5418
1052 8149 7480 10886 3704 5151 8226 10849 1637 9171 10345 8344
1053 4484 2480 2541 3508 4442 2995 143
1054 5879 4867 5736 7130 2641
1055 6283 11450 11631 8383 10114 11278 7584 10241 8601 9906 10229 9876
1056 6069 9884 10212 9732 9631 8771 9890 10759 11170
1057 6014 5048 3015 6664 7788 6325 7604
1058 5384 6431 2034 4632 7043 8148 707 8192 9396
1059 650 1408 2296 10556 3155 9724
1060 7470 367 241 4292 1791 11149 10984 7386 9620 8542 9698 10707 2874 11073
1061 2167 7770 9998 10780 11359 546 9983
1062 1501 11420 2326 2785 2815 3444 9808 5490 6254 7409 7048 2574 10429 10008
1063 369 8976 1247 9752 3207 8376 3653 9147 9946 11348 7847 6523
1064 10035 10653 11493 4533 3882 6891 8545 6430 8388 11264
1065 7562 8617 10174 11244 9957
1066 5832 5443 2340 4554 5580 6547 2179 7885 5048 6969 7857 7751 8085 10833
1067 6680 6794 8075 9297 6277 9450 7124 11067 7826 6397 7754 9103 9271 5722 10047 7934 7820 8072 1590 9971
1068 4516 3762 1936 5343 5380 3313 5922 11597 6708 8060 8992 8851
1069 3772 5537 6336 3704 2126 7964 647 10644 10644 7226
1070 6218 7308 7081 7215 7920
1071 11157 6580 7246 6447 5982 9590
1072 6111 4753 10898 6839 11613 10810
1073 7863 10280 10110 7077 11365 8411 10081
1074 5114 2856 3060 3437 1329 4150 3543 5735 6692 4534 2439 7447 1907 10340 9687 8197 9576 5236 7753 8926 7097 8665 5967 8400 2400 674 4898 8199 11108 10764 1804 3765 8784 7633 8091 605
1075 2304 9464 9481 776 4073 4074 4125
1076 3841 10912 1782 1712 2215 8207 270 9340
1077 3121 5920 5428 10741 3898 5940 4302 4303 8609 6504
1078 9251 11229 4855 5125 2767 11034 605 8762 10060 7787 11359 10542
1079 3641 9056 1379 1699 1285 8986 2592 2102 619 1785 10438 1452 2143 527 2463 10438 2700 2130 10801 3790 2747 1971 6296 1735 1514 1657 3887 5332 6483 3648 2246 2253 5026 1439 1250 5529 2437 10410 4640 5426
1080 11338 8293 4227 1007 7629 6223 9100 1672 8544 673 10083
1081 10743 3504 4858 9013 4241 8699 4067 11582 9949 9338 9836
1082 7216 3971 5424 10644 3676 8724 5285 6172 9256
1083 1534 7065 8272 6231 5798 5797 5801 10398
1084 10883 6440 5912 2799 5728 5977 4855 10808 6927 7251 7056 6594 7815 7068 10866 8129 7175 7806 8611 5173 10421
1085 2182 625 2778 2005 817 4344 7389 654 1501 4422 2830 871 11117 419 6145 8435 10810 9312
1086 6462 4417 5991 6316 6322 1702 6819 4803 4835 5781 9311 7762 11577 7247 7390 7041 4486 9077 7785 7443 8733 7674 105 7238 9842 8627 9341 11169 10005
1087 1027 1928 1235 1742 238 254 7657 3647 3464 1043 208 1513 3475 2629 654 3847 3105 3341 362 8508 9920 2394
1088 7209 2669 4937 2491 5720 9972 5938 4669 11152 4878 7650
1089 5356 9358 3831 5772 6398 6417 6544 7224 3328 7140
1090 10694 1221 3840 4582 6710 6484 7159 8063 9397
1091 4545 5326 2034 4451 6902 2674 5551 4839 10368 6391
1092 4886 7818 9338 4832 7653
1093 70 2077 3684 285 2502 3116 2642
1094 11597 3734 2728 9628 1702 10110 1029 9824 8480
1095 5644 9424 8670 7226 8904 207
1096 6190 11110 2396 5307 6552 5474 5530 4236 4362 3600 6305 6061 4421 3336 3332 6213 7323 6784 5317 3239 425 11142 4978 7629 5892 7922 4915 10834 7679 3281 8039 8470 6302 7118 2926 9810 6231 9407 10549 3539 10214 9179 10209 9352 6691 47 3950 8252 4750 9668 89 482 9500 191 8283 8367 5911 9842 8834 386 100 10988 8227 10173 8059 8534 11604 9649 8578 7107 6010 8087 9837 8315 10290 10366 9792 3523
1097 4434 4797 3212 2227 8925 7296
1098 6086 7413 8107 10327 3275 8820 10857 10185 7689 7200 5382 11545 9963 10319 1142 10606
1099 4508 4789 7879 5910 5179 6009 2946 2584 6022 3824 4626 11008 3141 3088 3959 1 7406 7917 7455 8421 4455 7627 7443 7260 8139 10569 10216 226 899 9344 11385 11300 369 10810 10107 4559 10882
1100 7903 2034 8058 4713 6237 7166 7962 8282 7157 6567 10410 8307 7068 5278 3448 4094 8643 2201 5536 9357 9357 7746 47 11104 6233 4530 11184 7471 10001 9639 8475 482 9362 6030 7717 8913 5327 11472 10666 7440 11460 1759 11361 11333 8938 9261 8323 10398 10078 11487 10030 10080 10124 10722 10082 5944 10652 9068 10079 11635 9691 9560
1101 11246 8720 11011 406 1317 1507 2296 2744 996 1810 226 9517 2831 3095 4679 7498
1102 2531 461 11445 10187 7034 2618 1234 10775 8876 776 10449 10788 9036 7374 9988 9595 9981
1103 9527 8698 6078 8144 7779 10397 7413 9972 6023 6326 1794 10857
1104 8498 6908 7422 8465 4590
1105 2993 8788 1642 8868 9217 10295 10590 8392 11040 8364 9833
1106 1826 4327 6692 1921 6708 9017
1107 5412 5289 6174 9018 8724 9418 6264
1108 4650 3898 5925 4015 7595 8821
1109 5675 1528 6657 11152 6622 7284 8686 9570 11472 10666 9060 11585
1110 6881 4651 8613 9950 10829
1111 7904 9379 5722 326 7615 4726 8799
1112 650 1487 3103 2651 10298 1103 2391 571 9686 10761 11240
1113 2017 4767 1922 1830 4762
1114 2906 7867 270 7889 9428
1115 8719 1116 9723 958 225 9461 3641
1116 73 6645 3569 3355 764 7286 10187 3455 4865 1277 6349 5491 3102 5588
1117 2487 11026 4262 6923 7489 533 7662 9050 7268 10110 5561 9852 7837 7003 8744 9967 9753 9344 8878 7613 8453 6758 7518 6382 6755 7569 10379 10379 9812 6238
1118 3514 2131 2789 3586 5261 7569
1119 7410 9410 7626 8309 4455 7604 6851 7589 7964 8151 8223 7851 8851 7112 5884 48 8237 6560 5809
1120 4320 6439 7965 9753 8073 243
1121 6785 6556 6536 934 5813 3175 10762 3807 7841 10755
1122 7269 2813 10286 3275 7082 10866 4086 9237 5609 11334
1123 6408 8950 10379 9988 10939
1124 990 3035 507 2409 838 1067 1583 10117 815 10069 11364 956 567 711 7484
1125 4830 8909 8212 8788 8980
1126 4560 11571 70 3349 1859 1818 4906 1441 4697 4950 2210 10784 4189 7625 2611 6412 3252 9014 738 11083 10523 11030
1127 11336 6851 2335 6851 10764 7822 3015 6859 354 10572 9915 11506
1128 1451 6345 775 798 11215 11614 1686 3943 2742 486 8067 1397 2182 2328 3222 1892 1963 2111 2244 9517 2992 2385 2708 3854 2253 5026 2118 2585 5271 383 1841 10308 3131 9338 987 1180 175 11414 5006 2766 2534 2178 10246 109 2144 2740 2246 2307 1971 4831 2904 3039 3664 2898 2475 8997 2761 4104 1103 2972 9006 2714 4762 3019 9564 3772 5241 3214 5330 10261 3312 3671 9991 142 5812 6618 669 11026 3415 3557 447 9547 7057 3551 7251 3873 8200 11524 5025 105 6619 3448 7632 7630 8557 8756 9547 6781 6790 4010 7575 11455 9138 11478 6736 9936 11563 6876 8521 8268 4644 9261 9876 9396 8709 8322 8794 8622 9523 9005
1129 2224 5680 2920 8681 11025 5971 6949 5514 8248 10611 8182 5671 6639 6560 464 8788 7707 8500 10383 9499 5469 8519 7982 9812 7425 7814 10333 10379 4010 10829 9538 8853
1130 10221 5508 3330 532 6587 10463 8430 5501 6589 4272 10840 10829 10730 11102 8221
1131 10051 5262 5392 1143 6127 8128 6570 8080 7548 6351 5381
1132 2763 82 4295 4543 3766 4023 5215 8771 4460 455 3441 1924 3138 4544 11033 7160 10919 4926 5611 1370 11491 647 4368 5695 4245 6323
1133 5431 4470 9380 6324 8022 11279 1979
1134 2663 3056 1383 11122 2903 4857 3019 3817 7663 6434 742 1322 6019
1135 776 9616 620 10314 5695 8219 9210
1136 6230 4618 4899 7330 8243 8135
1137 10095 376 8188 9213 10505
1138 8022 4045 2137 1845 2762 1812 2998 3296 1883 4144 4818 1817 3283 3094 2386 2466 2202 3948 5560 1426 4654 4765 4069
1139 466 2160 974 2939 11253 5670 2290 2846 6189 4075
1140 7897 226 10573 8844 10085 11050 9312 10309 9512 3891 68 10667 11265 4105 8825 7317
1141 2802 4204 2174 6189 7138 10838
1142 205 70 5152 3669 7303 2538 3889 9977 5783 4883 2666 3131
1143 5828 11239 9941 5625 3823 7702 7274
1144 4798 7334 9343 9362 4762
1145 11336 9448 10215 9498 5430 7082 11318
1146 1425 420 1639 9461 496 694 793 7900 2235 7071 11192
1147 8909 530 10456 2205 2650 3447 1057 4533 6477 10924 6841 7510 2830 11329 10389 6400 10854
1148 4026 8385 3615 4117 3808 7336 8152
1149 11405 6874 1746 9054 11002 8389 2874
1150 158 4231 8567 7485 4253 11229 3033 9668 7507 6156 11515 11112 9783
1151 1152 1150 1151 1149 363 1491 1032 4838 8366 795 987 65 1980 4394 5149 10305 9179
1152 1996 5676 201 4793 7665 3689 743 6617 6567 8242 5982 5539 6531 1821 3871 5338 9148 9186 10516 7975 9676 9570 7088 9719 10204
1153 11227 2643 10982 6027 3794
1154 1822 1809 3318 2996 11633 11357 5841 2422 3735 3497 456 11092 8338 3646 4030 2963 3507 650 267 7098 1183 2086 9104 10875 7034 9832 6063 2282 5625 5849 5431 4940 3990 7073 2251 3731 4503 7875 11468 7379 2822 7540 11625 3356 10451 6260 10393 3523 8989 10173 10173
1155 4073 7048 4886 7913 8221 7089 8168 10331 10514
1156 5121 7146 10321 3140 2801 2158 3629 2315 5971 6547
1157 9842 7365 5874 4753 1853 9241 5566 3205 278 4230 5679 5825 4006 5183 7882 5530 4255 6300 3175 8827 6697 7228 3501 7263 7460 1702 7139 1993 10992 10583 457 10398 10930
1158 7013 5558 6305 8575 5915 8980 5993 5275 4133 3619 10827 2884 8479 6037 5546 5948 9818 9818 11232 5829 10007 7671 8030 11288 8119 8300
1159 2690 3839 11519 8223 9740 7456 10038
1160 8103 643 10395 420 1227 1020 3514 1094 989 1580 744 2145 7647 1342 3934 9419
1161 11001 4755 8180 10087 10363
1162 5035 3893 4875 5462 3902 8391 5261 5946 7465 5842 7300
1163 4638 7860 9489 9567 3822 10521
1164 6396 4849 112 4654 7398 7546 8342 5819 8155 7982 9482 9085
1165 2828 9417 3931 6500 5003 3871 7353
1166 8430 10623 8341 9545 3423 4735
1167 3131 3569 1129 5232 3636 3331 2651 3267 10647 2367 9952
1168 5361 6262 5963 1535 8634 6874
1169 5739 4710 7657 6672 8736 7585 8340 7594 6859 8246 8361
1170 4153 2801 7370 3905 4572 3917
1171 754 5337 1013 3739 1796 1278 1697 1664 3059 5241 6922 9615 6093 3100
1172 11340 9845 7519 8531 11476 5359 7640 5005 10358 8254 8395 9570
1173 9972 8715 7985 3126 380
1174 2181 10718 9703 5674 3294
1175 3189 4061 6801 7994 10866 8077 7818 10644
1176 3454 4476 5665 4017 4190 6765 8671 8471
1177 10875 9164 3764 7107 6238 9147 9878 10402 10264 7354 7960 8783 10126 10196
1178 1215 972 9680 1070 5599 2190 4141 10937
1179 3949 11317 2805 52 7565 6732
1180 7520 7168 7066 9740 6831
1181 6122 4640 9729 6634 10659 9737 8149 3742 7140 7503 7413 7430 8410 1779 2191 3207
1182 4549 5153 2541 4202 4761 5034 5207 11375 3557 11524 11029 242 2855 940 11287 8705 8965 2716 6528 2267 9916 594 4186 582 2480 9232 10340
1183 964 10910 1065 1101 1663 723 1799 3233 2546 10414 2656 7809 7805 1605 6836 7025 5267 4535 6775 4535 5284 6319 4539 5202 8845
1184 3148 2823 5701 10016 5761
1185 5723 4941 10796 7120 11166
1186 3650 5782 11227 598 10379 8468 8000 11333 10015 10078 10442 11540 10398
1187 3640 5724 1890 9961 2681 5595 6101 3718 7031 4641 7378 826 447 6789 7283 4868 8736 11247 7016 6451 11438 9077 11185 7443 10667 8833 8749 10905 10905 8510 9092 8761 10218 10872 11570 7557
1188 1776 1764 10740 3937 3141 11354 7311 6369 5721 2556 5304 4003 4598 2731 1737 4092 3929 5497 3262 11445 4039 4038 3903 1307 2659 4187 993 4470 4575 4530 4521 4503 3136 6261 8274 5949 5132 3971 4505 10285 11067 9315 10277 7382 8789 9344 8475 8286 6030 10966
1189 11005 8010 8385 4328 4073 7798 10805 11323 8099 10775 7529 9035 6491 10672
1190 7154 10424 9785 9548 8876 10136 6359
1191 5837 1035 10845 1020 1574 273 6889 1043 7210 2726 10221 7255 11520 7243
1192 4220 10558 3137 3470 8770 10780 11359 7022 10387 8325 11477 9566 6638 5407 7188 6449 11641 11244
1193 2638 6751 8561 5578 5115 7181 10650 10663
1194 5724 7621 3402 2569 7065 7872 11021 10808 10546 6971 6017 9842 7107 9870 3653 9554 7908 10831 10527
1195 6182 5673 11227 871 7356 6818 6425 9943 9031 10286 8788 9407 5614 8108 6753
1196 4529 9661 2363 4279 11257 11521 11292 10207 9916 10304 10115 7649
1197 6462 6119 7738 11026 8223 9642
1198 4065 6536 11354 7758 7804 11310 8891
1199 1130 291 970 1104 1502 1190 1333 443 1572 1306 6335 10694 7381 7381 2843 7223 1800 5586 1438 5269 653 5355 7948 7194
1200 5589 5388 5176 7320 9055 10982 8101 4976 6152 7962 1122 9448 4190 9818 7928 10545
1201 3703 5461 1881 9649 9783 7179 3653
1202 1944 3001 7698 10981 2491 10578 4045 650 2613 2491 3417 10740 2734 3154 3642 456 2989 3236 5249 2788 2731 3516 3005 3972 340 8338 1195 1203 5745 3620 6261 6261 6218 11615 1121 5133 6014 10718 4575 4530 7259 3533 3040 5676 10076 4171 5934 6261 4682 7553 10211 9357 8525 8211 9962 8531 4530 8762 9845 8850 8820 10999 8106 3195 9174
1203 5727 5690 6068 3345 5019 3013 6975 7965 6890
1204 3689 11310 7930 5303 11015 8548 9704
1205 4586 16 8064 5943 10986 11128
1206 499 825 271 821 333 565 865 612 391 11551 10820 1423 1676 1003 1009 1039 10974 654 3105 6844 7054 10592 957 2468 8567 4167 4147 7359 1221 3767 6710 831 4768 181 4704 3115 5855 7824 4988 7681 4627 1895 3534
1207 499 825 271 821 333 565 865 612 391 11551 1423 1676 1003 1009 1039 10974 654 3105 6844 7054 10592 957 2468 8567 4167 4147 7359 1221 3767 6710 831 4768 181 4704 3115 5855 7824 4988 7681 4627 1895 3534 8794
1208 4993 2124 3409 4469 7116
1209 2034 2335 6982 5522 6659 7611 7142
1210 8980 8304 8683 7610 299 8641 6478 10651 8847 10107
1211 2780 4401 9063 11068 1651 8430 3927 6666 9357 9136 10508 9722 7543
1212 541 4586 5940 3526 6423 3904 6080 7075 6182 6422 5128 16 7716 4382 6801 7708 7855 11161 6279 7764 4163 1746 6659
1213 320 1376 1135 11522 3015 1501 4871 4978 8366 11529 2935 1389 3466 4350 3679 3085 5967 10669 11335 1490 5369 4549 4990 10799 10320 10721 4938 6175 8075 1834 10263 3365 5149 3400 4187 4142 2642 4727 4794 4112 7238 4653 11292 7911 6457 6248 8929 8696 7659 9146 11473 9821 6265 5128 9207 11264
1214 2317 11215 6867 4392 7740 4812 5834 4529 6085 7308
1215 5238 294 5286 3731 3407 2817 10961
1216 2696 8720 1701 2952 2664 7925 9418 2051 3317
1217 7612 8353 9627 7303 8613 10783 6809 1951 7941 8978 8768 5647 9843 9807 3207 9934 9610 8837
1218 2277 2277 1608 8039 8684 9195 8425 9429 9050 8118 1424 5114 8636
1219 5527 7299 10334 11016 9915
1220 7822 6152 3871 5319 7961 10684 10893 10846
1221 6373 3473 3661 9410 10866 85 6811
1222 5582 499 709 1575 413 881 1243 491 758 2290 1960 1244 731 9632 489 1997 1547 1336 3337 2254 1480 2037 5371 216 2983 1822 3963 6965 2330 1749 2408 2728 2240 1916 4128 190 11000 3763 10531 6722 4794 4256 9744 9998 10107 7209 11426 4438
1223 621 1074 8439 7311 192 137 1134 411 828 1507 160 561 2554 11160 10888 882 2051 4023 8800 4721 7116 4033 8561 2666
1224 5377 7427 1495 3332 5842 7884 1736 9541
1225 6492 11268 7129 4377 9074 6801
1226 10653 11520 7642 10367 9986
1227 5205 2754 5112 1419 11523 3435 4875 4126 6870 5589 4908 4006 7427 6659 8039 8263 9545 7819
1228 10004 10021 967 1964 3135 2329 4125 10187 5160 8408 2082 5113 5811 10959 6058 8670 7304 9002 2648 388 546 9291 7032 8390
1229 9527 8482 2110 3017 8128 6854 10942 10300
1230 10501 7865 2110 10095 7174 8383 4532 7171 5867 5116 9590 9845 6961 8551 7708 10389 885 7780 7753 419 6079 7064 9429 9668 258 8102 8609 8975 9419 914 7061 11389 9976 11603 9683 6993 10505 8589
1231 11154 2036 3994 10927 3568 6595 5546 7905 3632 6598 10286 11518 9140 8535
1232 3898 4927 8408 6606 8635 10670 4581 10107 11218
1233 10766 4523 8205 8144 6243 4969 8833 9818
1234 5282 2018 7311 2013 2130 1433 3159 2514 2567 1726 2063 1392 2073 2918 4053 10024 8660 384 1446 73 2538 6436 3137 10368 3269 233 2719 2691 7560 10743 4347 11028 10639 4345 7129 7074 11303 8399
1235 5535 6741 10005 7942 5630 226
1236 11107 650 3261 3533 9402 1980 2676 5997 5415 3960 6572 2532 5250 3726 1953 5978 1948 3794 4466 3224 2028 2326 1954 11348 5601 239 2504 4717 8105 4045 9920 7739 7917 9604 55 10877 2484 11529 229 5561
1237 1196 1711 274 8137 2374 9044 9394 10774 5718 6717
1238 7069 9150 5526 10203 11560
1239 5759 6026 5352 5909 9674 9110
1240 7829 9810 4266 883 10837 2924
1241 4219 6674 9886 4726 6947 11227 5105 9454 5831
1242 3154 7663 3211 344 10334 5102 5798
1243 5504 4485 5852 4988 10733 3957 3933 9347
1244 9017 2394 6801 4027 7389 1979 9919
1245 7736 6429 9399 9405 1852 10658 10542 8963
1246 11090 9830 7012 10644 4757 8920 9221 10358 10609 5981 10667 8012 9250
1247 3870 11000 4902 4866 7259 7406 5914 9383 11556 6782
1248 5466 4550 1820 7105 6068
1249 5401 2560 6208 6109 11152 8107 7289 8669 1156 6989 10542 6097
1250 3510 1700 4764 4327 3136 3103
1251 337 3605 8867 2960 11034
1252 7690 6320 6907 8129 9132 8819 10595 8725 7061 10403 8854 9434 8595 6357 4384 10322 10196 6419 3989
1253 3778 5014 4868 5594 3510 67 6717 6300 8045 11304 8804 4474
1254 10915 4376 10831 3577 2367 11338 11523 1005 3384 8318
1255 4085 7508 11181 5922 7255 2470 7520 8750 3742 8769 8964 9501
1256 10918 10916 2422 4003 10916 10921 2424 3592 2633 198 4476 1905 5338 4691 1233 199 7741 2608 11206 948 3638 9646 4831 5394 3709 2653 359 3174 2012 6296 2565 2452 3218 2057 1441 4116 3554 11412 3085 1463 5399 5596 1057 5920 1079 277 4170 4439 5849 10044 3753 6182 10669 1277 5690 5130 3565 5112 6161 6554 5663 743 2699 7406 11492 11332 3512 10904 3552 9961 3141 6683 3959 3618 1271 10155 5568 6499 7246 4859 3597 10143 5728 4319 7360 231 6903 3157 4002 6447 5392 9590 6104 3155 3162 3676 9151 6584 4875 6694 5695 7587 6981 7043 4824 6087 452 10329 6061 7585 6871 10093 7612 9665 3178 2826 3130 7082 5452 5133 7208 86 4415 6259 3716 5285 8737 7200 7989 4456 5978 6572 2902 8637 2315
1257 6792 4672 7216 7513 8220 4759 8060 9962 6569
1258 7424 9343 4377 8927 10302
1259 6348 5764 10857 10087 10107 2961 4117 10517 10776 10512
1260 10152 9746 9747 6929 9470
1261 6091 3323 3574 11115 8142 7358 8196 10565 4876 2484 4570 5504 3813 10266 4331 5978 4752 4770 4186 5740 10368 6814 5908 5151 6751 7349 4299 4730 5931 11225 6874 8851 6851 6851 3619 11077 10900 8444 10332 9353 5526
1262 856 10786 2076 1297 10220 5566 6145 11446 8472
1263 4215 2494 2080 632 2067 7176 2849 654 8667 8725 6464
1264 9900 7604 1370 8592 10172 8650 8821
1265 4937 5873 3256 5741 3494 10754 3264 1271 9428
1266 4770 4427 7702 6608 6673 3836 6637
1267 7034 5166 5199 7738 3447 4452 11161 9305 397 10349 9492 11620 3626 15 8788 10492
1268 5687 10133 5534 3838 4390 7638 6352 662 11640 4431 4810 3899 7915 4847 7956 9304 3604
1269 4674 10429 4986 10314 8115 5650 10551 9031 7175 10383 2955
1270 2713 5980 8292 2450 10967
1271 1750 2722 3650 10010 3185 3365 3914 11046 7735 3150 7999 2388 4259 5131 2415 5156 3282 7073 7771 5242 3219 11018 11279 4022 6478
1272 5781 10984 9627 11083 9133 4493 10182 8026 9494 9128 9168 8598 1875 4342 9579 7971 10162 10403 10158 8595 8875 9554 8459 11053 10659 9970 11053 223 3653 9748 10652
1273 1474 10782 10782 10782 10782 10782
1274 6206 3506 8445 5107 5100 11289 9230 8496 9988 11231 11282 11361
1275 8498 11329 8153 9612 6885 10824 10628
1276 3865 2583 3095 217 582 10856 10730
1277 4204 2639 3424 165 2975 9530 10301 5215 8196
1278 4771 2827 10617 10932 11162 9411 9413 9602 10861
1279 8067 9517 2636 8415 244 10577
1280 11354 5956 9828 3102 6252
1281 3486 4836 11206 8642 7882 1600 2544 9616 9821 9763
1282 8921 2256 7411 4676 5417 6068 9527 7205 7086 7452 5548 9645 133
1283 9800 2969 11610 3372 268
1284 4133 10320 6218 7810 9362
1285 3993 948 3718 3925 7251 5695 5800 5791 5828 6360 10478 3155 9372 4411 9082 10558 11451 10225
1286 2903 1176 5893 52 11329 7796 8956 8023
1287 4137 11486 2598 4049 64 158 65 2965 3338 10035 5620 9383 5030 8340 11456 7655 3074 3742 3844 8244
1288 1265 7329 1248 1249 988 1722 923 5237 17 450
1289 716 3035 3006 2019 4140 1744 9168 8188
1290 9808 4408 7756 7963 5969 8975 9206 7476
1291 3869 5574 3478 1769 11470 4811 6127 9961 10838 11149 9444 5091 5092 9627 9240 10097 7495 10162 8615 10664 8459 10610 10742 9639 9913
1292 5173 11463 4180 11354 3186
1293 52 528 1885 8895 4587 244 10893 10966 11256
1294 1104 1713 1065 572 2939
1295 5870 8369 8279 7801 10454 6225 10482 9987 344 5102 5079 4807 648 8296 7938 2914 8836 8165 9955 10770
1296 3487 4856 6271 6953 8747 7362 4334
1297 5480 5253 4041 1007 7293 2378 3262
1298 1606 4660 4610 4993 8634 3002 5199 8892 8668 8025 8651 8692 9815
1299 9345 7777 8577 8980 9753 9419 8544 6854 7331 9719 9917 7837 7982 8239 7471 9995 11265 10967 1142 10115
1300 9358 52 8984 7949 10310
1301 4336 4038 2565 11611 10831 6296 4327 3929 4884 810 3848 3589 5176 7149 9363 3940 5458 6757 9818 3812 10883 5204 7043 6079 1966 8952 8834 6328 5519 10988 9217
1302 10974 1840 1853 11450 6918
1303 5467 6693 1746 8345 10415 3034 6545 9510 8731 11218
1304 7055 8943 8561 3305 5150 6225 11082 7400 11082
1305 1702 6144 8727 5457 6779 10292 10532 9607
1306 7171 7920 8226 7672 10643 9845 11559 8674
1307 1619 1130 774 1349 506 8719 747 407 3043 1202 1862 6889 6889 3341 5195 9818 11237 2484 8653 10046
1308 5357 8561 4429 1554 388 8729
1309 5160 9527 7192 6847 11245 7342 11403 10508 11212 10332 11129 9204 8758 1990 10825 8647
1310 2441 8567 4144 7771 1445 175 1093 7824 10916 10920 10920 2487 10919 10919 3089 8403 10744 11077 5292 6652 7837 10593 9791 10315 11359 6086 7927 6163 6704 7611 11632 10273 11303 8204 8227
1311 4902 4789 5183 4339 3706 5247 4245 5766 7621 7365 7299 10216 7046 7791 8709
1312 8347 10456 7879 6823 4614 7505 8442 11034 6614
1313 5031 8508 4770 7105 6085 8714 9722 11398 6172 11532 11118 11564
1314 4404 5415 6060 2297 8027
1315 1065 1000 4084 2824 251 1970
1316 4108 3163 6674 4611 7843 7243 6148 10715 11224 9779
1317 7465 4055 3683 6216 8187 8725 5894 8501 7831 3110 7482 6460 9473 9108 9374 7144
1318 3900 6248 10153 4659 10682 11343 10672
1319 4688 4627 5505 9581 4541 3814 6427 1661 4050 261 6792 6812 9374
1320 7935 7053 5760 6840 7166 4496 7405 8155 7839 8905 2738 4816 1506 9753 9912 3690 9602 11041
1321 5217 4143 3008 10690 4267 74
1322 11491 4688 10430 10995 8878
1323 6461 6179 11455 10434 9379 8002 10829 10755 2470 10440
1324 5595 2699 6223 5512 980 8403 8077 9311 7393 7671 6079 10699 7383 8480 9070 9288 3034 9651 10419 7724 5351 5851
1325 1093 1604 4918 8245 7564 6705 7211 4800 7970 3818 5729 6704 9236 6755 9116 1211 3195 8068 9536 5981 591 8888 6853 5850 7019 9015 10231 10777 8792
1326 4768 7459 9305 6669 9436 10619
1327 9900 5752 8033 7305 10762
1328 8427 5567 4945 9942 4676 10649 5151 7174 7885 4211 9930 6386 2794 4987 8678 11246 8597 9818 10164 9204 10173 10173
1329 5475 5269 4319 4574 4731 4454 9562 10937 7249 7153 7208 10172 8592 6687 9090
1330 3851 7776 5877 3133 6317 1936
1331 1397 10359 2729 4735 6212 1377 9079 3252 3217 4720
1332 6121 358 4191 8314 3581 4133 4543 7300 5262 8297 4521 5195 7050 4969 8827 4530 2794 3835 3713 5305 6580 3119 5443 4480 4304 4731 10681 9199 11080
1333 5473 6692 6515 7270 4184
1334 4558 6641 3417 4508 5347 2670 129
1335 7384 5329 6515 3980 11627 5437 7733 4818 7842 8629 6821 4617 4983 9338 54 5902 10764 7920 803 9510 8365
1336 8427 8427 8427 8007 10430 9489
1337 1639 33 95 640 2489 2583 5338 6763 4153 10466 5524 5368 4659
1338 2480 2884 6408 6398 10095
1339 7073 9238 5730 7872 8190 9838 248 601 4490 11140 595 9273 5073 5066 5070 402 501 403 5072 9274 397
1340 7508 2438 11611 5700 3026 10883 8058 6771 4117 7776 2858 7037 3098 745 9480 3348 8972 3965 10909 8359 6376 6652 7232 7478 7706 6313 3933 10764 4814 7919 10849 2491 928 11061 4813
1341 4274 6658 3882 6208 10533 326 1324 7667 8874 9035 10101 9987 9223 9246
1342 650 637 363 7013 11170 9658
1343 3105 2844 4144 4096 11399 5237 1279 4066 6934 6587 4756 243 1977 4323 1155 5359 3383 9524
1344 6758 8453 8476 9272 311 10667 10759
1345 11069 11214 1509 1523 1001 10487
1346 228 10107 537 5692 8331 1037 1842 972 2401 3080 2475 1674 3081 2043 1836 1834 6524 10133 3496 5692
1347 9215 1524 8409 2070 4610 8688 8891 9228
1348 4216 2372 6250 3709 1890 7146 6840 3052 426 5607 7390 6637
1349 730 10903 909 422 805 10246 1682 519 44 721 2115 813 1622 2302 124 10581 954 430 3148 1822 2068 4663 1025 3483 609 3840 11274 8637 10471 8372 5868 10769 5949 9665 3663 9437 6632 10990 11319
1350 5266 9236 9802 4956 4186 10171
1351 7098 10911 6342 7999 8056
1352 10553 7700 5514 9380 7633 8177 6704 624 8967 5138 8659 9290 9967 5653 10050 110 8771 9491 6071
1353 7286 6284 10422 469 5783 2738 4330 7225 7840 10776
1354 1273 1529 6132 2762 2100
1355 512 2514 11179 9271 8701 10897
1356 4818 6064 9753 8985 8648 6990 10470
1357 10456 4356 3882 5515 10932 7447 7333 3447 2851 4641 6078 54 8245 5587 5852 10830 7423 9702 9252 9919 8494 7391
1358 4228 9335 6729 7082 105
1359 7128 11588 6716 7558 1645 6802 10374 10866 8405 5749 10644 11196 8362 10761 11077 7626 7142 9990 10616 9093 5037
1360 457 5330 5246 7128 4290 9393 10844 11278 5159 2763 4397 10764 7525 1922 5174 438 8302
1361 1962 11328 6035 5894 10927
1362 9205 10816 5560 3055 2692 7206 2125 4767 3024 1535 3928 4580 5631 6429 7546 6179 6652 7980 6509 5719 2790 10874 9380 8983 10506 10797 9348 5547 11210 10518 7354 8981 10960 10563
1363 6568 7514 871 4255 2034 1045 6942 7670 6304 5200 5937 6408 6420 4654 3687 8620 5315 7442 5782 11056 10415 11428
1364 7097 7021 5918 10292 10540
1365 10873 4457 6027 11018 5214 4566 10830 8892 10710
1366 3755 1919 2602 10088 9412 2536 4406 2932 5394 6206 7882 7882 9999 7882 7882 10051 4360 7298 6676 4488 11021 4622 10182 10512 6854 9444 10334 8542 9951 8662 10193
1367 3137 6635 2822 4168 5577 5384 6881 2473 7300 5922 2913 11311 6754 10728 5877 3310 5289 6915 9588 4398 4604 11591 7164 8051 5125 7495 6513 9526 7275 11605 7007 624 10165 3498 11476 9116 10415 11358 11140 1843 3366 3653 599 7143
1368 11250 6674 9645 5297 4914 6279 9164 7606 11148 9418 5709 7838 3034 11389 3714 11231 9812 6355 4956 10966
1369 11360 4044 7833 3619 4387 11143
1370 6922 9426 10229 1029 9988 8946 8804 9165 11030
1371 532 4500 253 252 7011 2308 5842 8125 7464 5956 4462 8462 9077 6571 8016 7985 7991 8133 10164 10609 9607
1372 4204 8674 1701 10543 7034 5470 10967
1373 10717 7879 7384 4229 4392 4177 850 5557
1374 11338 5194 4180 912 4728 5971 9608 7073 8427 9818 3566 9447 5762 5759 10620 9499 10184 10379 9143 4551 8785 9522
1375 7679 9450 5262 7300 11526 7060 7309 4257 6926 8155 6691 10001 7646 9255 5005 10059 179 6569 9805
1376 3137 4279 10690 8305 1556 11261 3018 2739 3024 6577 3452 3849 4648 6031 5170 3876 5157 11531 10485 10794 6200 7520 7156 7261 9918 8358 6390 10127 10395 10961 6920 6494 4669 7230 9657 7217 5809 9493
1377 4041 4444 11033 3927 3615
1378 6130 4403 2512 4585 11204
1379 4468 3486 5638 2861 4187 4281 9616 2651 2873 3174
1380 7544 8899 8632 5022 9229 8031 10060 9902 7296 9989 1521 8087 10682 9833
1381 3078 1647 368 11411 10811 1077 5226 6234 6300 1528 1211 9658
1382 8105 5609 6543 10830 11126 7007 9655 8732 10357 9252 542 9802 11109
1383 1074 822 731 4231 2646 9564 10556 2594 3414 2530
1384 4379 3101 10180 3074 8544 138
1385 7893 360 8845 9600 10030 10124
1386 4175 7412 10730 8154 518 11067 8711
1387 10764 6180 6513 6761 6699 9103 262 4172 5978
1388 4469 5839 3221 4527 7644 8827 4952 5865 3328 5939 7224 4437 10090 5924 5213 231 115 4626 7745 6855 5950 8842 10938 9117 8745 3653 10254
1389 2598 4347 49 4578 4904 5723 887 8315
1390 2902 4434 11209 6880 5892 8685 11354 6026 1170 1091 8340 7718 6459 8266 6599 9140 11532 8094 3351 7993 3588 11006 7402 11210 4384
1391 1164 7530 11364 698 1696 1043 2829 188 4735 1391 10786 1614 5295 2653 2321 72 5611 10389 4149 7796 6108 6062 6884 8847 8744 9425 9209
1392 2342 7384 6425 2114 9876
1393 9608 7671 10286 8140 10470 603 8974 8757 9446 8074 1595
1394 2408 1749 6149 3689 11235 513 9424 5903 7362
1395 6846 1712 8361 7589 7600 5333 4594 8827 7873 4611 5469 3272 2893 9120
1396 560 699 246 6644 782 1620 2120 10025 217 10489 772 8329 10914 10915 5448 8812 2255 10184 850 4033 2609 6125 2008 5006 7160 10915 3219 3689 11019 6333 3066 4275 7824 10134 7637 2238 9237 9732 2277
1397 6941 11524 4826 11029 6814 2480 7718 9588 4184 9311 10660 8119
1398 851 1259 10694 1774 10717 7427 4805 9190 10717
1399 3527 5926 4357 3682 10463 8080 6131 7263 8573 6787 8869 6064 6773 8518 9987 2
1400 10301 5792 7335 4686 9260 6469 3540 6554 6051 7333 226 10241 9184 9670 3588 9036
1401 4993 10915 4670 6279 3033 11336 3908 5772 7771 4185 10063
1402 7433 8023 8756 8858 1951 6529 5100 5106 10793 10741 10870
1403 3680 9818 1415 7786 11024
1404 1987 99 182 9464 4387 6091 9795 2972 8287 6722 6319 9368 8074 9446
1405 967 95 1911 749 629 1300 701 1488 11074 1013 371 568 1588 10426 11553 2525 1841 11135 10267 8137 4219 7583
1406 2934 4757 8889 5138 9663 9967 5055
1407 5383 9350 10319 10440 8188
1408 3897 5325 9330 7121 8700
1409 40 11428 10619 9701 15 10353
1410 6530 6586 7451 6145 8114 4898 8121
1411 1208 10910 5466 4650 7034 4579 2310 5059
1412 6967 10644 10286 10404 8019
1413 4162 6589 7200 9327 10015 7338 8835 10060 10160 8494 10561 8998 525 11015
1414 6408 7101 8849 8847 9222
1415 937 10586 9517 3901 1469 11458 70 492 3004 3770 8430 8036
1416 8571 10821 8826 2267 8233 9636 4701 10295 6970 984 8776 10492 10686 10594 10719
1417 528 2739 189 4704 10865
1418 3653 9658 11244 9984 9560 10174 7031 9672 10527 10188 3879 9603 8990 10648 10792 11462
1419 5412 928 5190 11311 6913 10553 10977
1420 3367 1853 841 4446 6216 3278 7667 2486 150
1421 11338 935 11022 9534 7905 10776 7678
1422 1416 460 124 689 2416 1931 2741 3858 3230 2140 2220 2844 4761 239 3323 10823 1767 279 10943 5920 2344 8305 2978 1219 2785 3247 10199 5014 10430 8666 6572 5259 6506 735 3794 10791 1704 4362 4513 9044 9573
1423 10306 10087 8340 143 2683 10495 8547 11180 9370 3195 9858 10717
1424 8288 11443 7255 9333 6952 4983 9599 8741 10179 9706 9777
1425 7432 6077 6173 11090 7888 9164 8500 8689 6990 9894
1426 5971 8210 8277 9627 11430 9136 7582 8727 10334 10708 8946 8804
1427 4137 446 5226 1598 4876 3453 4572 215 71
1428 5589 6909 5035 7905 6348 7388 4692 6751 10528 6908 6179 10090 7486 8088 6877 10387 7986 8669 270 7112 4823 6860 402 4722 8202 9231
1429 1506 7684 1798 10811 1586 1323 901 2564 2127 2843 497 2102 2273 827 2833 2585 1335 8546 10378 1927 2700 11214 1883 5121 277 1498 3705 3345 2996 2667 1419 3801 4517 6092 9160 3689 5432 6075 8526 1821 5581 2128 4944 9100 4375 8632 6061 11237 2260 9657 9590
1430 5818 2421 115 4108 3592 7644 3984 3651 3465 6138 10543 7255 2980 2220 5177 6224 6492 10893 339 8563 4023 3897
1431 2137 6791 10180 4245 2199 7259 266 4835 6848 5781 5219 4289 7552 4211 4505 10937 2482 8389
1432 11501 8352 9074 10858 10871 8897
1433 946 4486 1188 687 1164 756 9109 965 1442 888 1716
1434 7184 8427 7140 5500 11588 5201 5348 8100 5902 9904 1990 11436 10529 11568 9759 11029
1435 5839 9034 11552 9359 11346 7613 10492 10755
1436 7994 11077 9380 654 9115
1437 5352 9617 2396 9942 4211 4257 11196 3985
1438 11179 4569 11167 10618 9114 8280
1439 374 559 895 938 507 838 4119 435 368
1440 2611 4826 8345 9308 10765 8283 8232 7923 11623 8674 8072 9836 11366 6449
1441 7409 5467 5836 11403 8680 8119 4677 6447 37 8348 592 582 10132
1442 6517 6239 10762 8718 11509 10060 9158
1443 10876 4624 6037 5129 2830 4227 8040
1444 7058 6082 7165 8293 10644 11346
1445 1541 2261 10389 6998 8102
1446 11126 8876 4665 9915 11166 10938 9269 9066 9990
1447 11275 1689 2388 831 4873
1448 6681 4830 4533 7251 5971 6216 3623 7564 674 5600 8441 6830 11398
1449 6329 663 2637 2641 9842 2893 9842 10865 5178 8826
1450 5695 2361 2975 4157 7411 6641 928 4024 5068 9305 9058 3215 9704
1451 2733 6196 7467 8768 9290
1452 8209 11184 7837 5450 9352 10184 10001 9753 8273 7835 2404 7636 5911 6573 2236 7602 10754
1453 4578 7999 7521 4837 9722
1454 561 10969 2506 2831 461 2303 2218 293 5154 2597 1922 10087 2651 2271 244 9021 6394 6320 8045 4010 9613
1455 4686 6060 5124 522 5408 3583 934 142 11162 552 1015 5046 6542 5144 6863 5128 7008 7465 8006 4176 5618 11479 10184 9848 5699 9535 8047
1456 5370 3101 9576 5040 10831 8681 10344 6360 8539 4882 265 266 5967 936
1457 10721 8851 6383 7331 10588
1458 10916 3499 2634 1553 516 10717
1459 5244 1601 8546 10298 7098 3004 6857 2820 4863
1460 864 1260 904 11011 1922 11034
1461 8953 6201 5779 3015 6672 6062 11463 235 8182 8798 9460 8956 11161 9944 146 7422 7272 8164 8931 5655 11016 11038 5652
1462 5922 4684 3212 10943 2494 2291 3018 5260 3882 7251 5019
1463 1061 3508 7205 7491 10741
1464 260 180 45 6345 6740 2010 2571 2329 11488 10745 1236 4187 3449 5146 6620 6434 7660 242 8388 3278 8914
1465 6913 1524 6159 6577 6578 5289 1776 10647
1466 8369 6179 2034 8035 5211 6869 11213 936 7708 7303
1467 5217 5146 5431 11463 3162 8342 4449 6284 10831 7406 2699 10199 2095 1007 5773 7283 4676 6011 8403 7490
1468 2634 11639 5399 5324 3219 728 3313 742 2650 5730 3433 4652 5814 9458 2513 5920 4325 8930 5490 5488 5487 3761 4142 201 6436 9775 1198 5231 3024 3212 3020 3210 1212 2456 6842 2034 6620 11336 5922 6176 4357 2034 5676 5873 5589 8714 11524 4216 5169 3893 7528 9238 6177 3824 5013 6842 7050 3328 1733 7051 10305 1460 3832 10367 6980 8162 7978 6076 6126 5014 11352 1334 6249 7980 5002 6243 7519 11268 6896 10866 7049 8765 10834 7238 9944 3752 7415 9700 9108 11227 8212 7004 4758 9742 2716 8592 9741 7242 7841 8265 8908
1469 10713 5456 5269 6116 4911 5430 3163 1194 9845 5656 5945 5035 6199 6731 11131 9590 10733 5788 3689 11221 7628 7280 8251 9496 9141 9606
1470 154 4275 1801 10804 2029 3251 8408 5782 8827 11060 8947
1471 3041 1376 2819 10245 1189 2327 7622 6268 10086 9913 10989
1472 5876 362 9330 8347 3860 8634 6398 10553 6598 3338 10670 3822 8449 10087 9192
1473 7251 6870 4245 6309 5602 5648 2707 4749 10849 5664 713 370 10496 6596 10172 6242 11118 240 11460 8887 9894 7902 10831 10529 4745 10926 11006 10609 9844 9739 10494 8837 9835
1474 10044 10752 3093 5806 7709 810 3595 8427 4647 7470 6331 11450 5764 5808 6884 4910 6741 4488 7272 1977 3270 9513 10990 9425 10169 10294
1475 7311 11160 1160 7250 2996 4045 2370 2573 2481 1750 8771 4243 3702 1938 4238 927 2459 2381 5733 2889 4806 6553 1827 6734 8551
1476 4664 10883 5356 3409 2920
1477 11394 3194 3166 2422 3666 3174 10827 8100
1478 6620 3407 10904 5266 6316 5838 5176 2675 5951 6046 11157 5477 7917 6237 6596 7903 3321 9930 1431 26 7840 6463 4276 6739 4183 5925 10871 8644 3501 10866 2091 7443 9596 4021 5819 6507 7430 7169 9009 6157 6908 8073 9740 4622 8116 6233 4736 9596 5605 9565 11575 3334 10516 9034 10387 6828 9639 7313 5468 8475 10277 8597 11258 1875 8796 10572 8759 10665 10421 9423 10452 4117 10480 10955 9578 10428 6004 10616 9938 10870 6419 9773 1595 10756 10177 4777 10762 10632
1479 785 2441 3361 3587 7732 11543 10014
1480 2965 8058 7419 7353 10659 6367 7872 5115 5099 5070 5100 395 600 4301 9074 10829 11567 9956 5397 8837 11174
1481 4875 6466 6870 6537 9480 7403 6508 6182 6218 2071 4221 9448 6909 7298 6963 7495 7090
1482 1074 10107 748 11553 10069 1404 666 1060 1037 965 1058 5827 9933 2401 10833 2567 1201 2115 1260 8137 80 9426 667
1483 3683 5433 3295 8338 11269 9904 9947
1484 7154 5264 2082 10659 7175 1756
1485 4647 10653 3608 9754 6377 3549 6380 9391 6706 8774
1486 9495 6063 5394 4891 2775 3364 7963 3487 4450 6552
1487 10675 4257 9392 9437 8999 7699 7195 8924 6931 11166 4445 9635
1488 3680 6083 252 6949 6178 10044 4705 11095 4844 1378 5970 4083 8954 11363 7475 6839 6007 8239 3561 9218 10418 10798 8376 8823 10833 9757 11053 1253 3523
1489 992 3390 3607 5284 4625 7286 5268 11610 4621 3228 3317 5267 10943 2456 5874 2199 9017 6272 7407 8070
1490 11340 4588 5749 6851 6685 7574 8391 3895 6759 6782 10164
1491 3998 613 6544 6530 9029
1492 3656 4674 4503 7335 5540 5825 4580 5765 7031 9615 11591 5663 8496 5949 9930 5029 4090 3505 7892 5715 10155 7060 6507 4895 5882 3160 6395 5559 10738 5813 7108 56 7430 8274 8407 4530 8973 9204 1761 8588 9511 10107 8650 10398 9080 8534 9010 11080 10154 3653 7711
1493 6138 3436 7480 366 2982 11107 10812
1494 9136 9753 7834 10869 10122 9331
1495 5370 10873 6393 6563 5437 7378 4710 8075 6745 6461 3808 8309 6981 6560 10866 2165 10808 8377 10696 9437 9183 8547
1496 1531 1142 581 1917 2303 4498 4906 327 3242 1219 4244 4425 10319 1478 6576 5410 4898
1497 1497 672 1148 9591 9591 4472 1257 1064 1612 421 2709 5900 968 1348 10198 11173 9430 182 1053 1525 7311 1681 1671 1361 5494 2436 8343 1160 807 4423 869 10945 4178 9795 1117 9809
1498 541 6731 3969 9335 9722 8674 605
1499 9039 11112 10269 11485 4777
1500 2643 3680 3556 6011 6061 8130 5559
1501 8551 10866 9050 8198 10277 7342
1502 5751 5153 8050 2738 1368 9190
1503 8388 9338 5819 8749 8517 9082 6474 9523 10905 11580 211
1504 949 733 1686 9194 1348 1296 1405 9703 1785 3943
1505 4108 9017 5332 4810 6552 6026 6776 5907 5924 5329 231 7723 10177
1506 8 11352 3975 4677 8078 10496 8358 8576 5535 7208 7472 6615 11213 9390 8261 10172 9452 7729 5005 9736 8133 8730 9606 8635 9962 7878 9503 11562 9575 8928 10295 10590 9345 11561
1507 5541 1468 693 9313 5310
1508 10316 9360 9506 8262 10952 10295
1509 1580 571 10352 954 410 1881 1106 2831 1810 2138 11298 10626 5481 2314 5670 3260 3217 2616 3393 1936 3852 4123
1510 4478 9446 5938 9004 8787
1511 6262 10741 6167 8770 8269 8254
1512 11053 9471 7018 5397 1868 10756 11426 11207
1513 731 1542 746 8720 1062 1300 2013 3641 915 7250 1795 160 2570 4344 1793 11242 475 2567 3357 10723 10604 860 2845 1671 1566 11153 1614 6591 11458 8225 7538
1514 1734 4520 5398 6220 4619 9899 9077 8833 2738 9198 10905 9330 6761 7844 1355 3818 9847 8987 8268
1515 11187 6198 4984 3665 1988 4950 4629 7554 4482 6129 4158 7890 9544 3490 8058 6503 2746 8917 7882 7882 3303 7060 3440 7368 5373 5977 5608 4814 11575 6834 7562 4021 3777
1516 2619 4357 5922 6232 9287
1517 246 10184 2129 131 10332
1518 2006 1160 992 3228 10399 3874 9059 2283 4275 5730 11235 9949 7007 9954 10808
1519 2265 2754 2256 5261 9458 5563 6575 8660 2513 6248 1083 7544 11575 9871 2227 8741 3802 7957 8240
1520 5836 4446 10624 419 5301 5300 89 8283 7928 7929 9260 10681
1521 1506 11298 4233 10634 1972 5310 2069 6996 11360 832 4175 5140 6423 7651 10936
1522 7193 9077 4397 9450 9251 2880 3276 4806 3871 4209 2279 8196 3868 4685 10404 635 4402 4272 3880
1523 4019 6128 4619 9899 10755 6454 11208 10273 9983
1524 1051 1710 1539 5054 5670 411 1380 1523 1174 5827 2493 11298 11533 2669 2954 1501 8264 2350 9476 8790
1525 6785 5906 2712 5283 1684 10904 11620 11174 172 5909
1526 8058 11527 2251 10864 10285 2913 10728 11379 6161 11591 6237 7962 4575 6515 7577 10728 9899 8580 9665 6395 6196 8148 10883 6675 6108 7475 6849 6849 3663 7383 5138 9639 8598 7408 9247 1875 844 8796 5647 7877 3653 9554 10452 10105 1941 10829 11220 11244 8804 7808 6124
1527 4602 11565 11181 2894 4039 6661 5367 7574 5985 10047
1528 2501 3086 11079 7084 2716 5359 11240
1529 5019 7341 9754 7913 11049
1530 11214 1169 6258 2329 222 10469 3060 4065 8140 10650 290
1531 1558 5765 3022 7882 7882 4459 7892 8248
1532 1118 1584 11349 10885 2844 4155 6969
1533 679 9486 1095 11490 11252 3612 3972 1837 6539 3995 7576 9028 10470 10332
1534 1531 1273 809 839 2587 3963 221 7439 10541 8630 1392 7335 11526 4887 7842 4985 10508 5395 8370 5572 1983 10184 5055 9282 46 10419 386 10135 9023 9037 7903 1630 10070
1535 6239 9005 5731 8372 10136 8995
1536 11004 11179 4569 10618 9114 8280
1537 4999 5551 6009 7303 7280 9351 8322 9154 10897 10286 9446 9574 6801 8401
1538 3663 7063 7689 9676 10937
1539 4941 1922 6304 8478 90 6028 7758 8070 11168 141 8760 8450 8265 11441
1540 6537 10143 3327 5768 7359 5332 7879 11251 7882 2920 8007
1541 11007 5353 1803 11453 9755 9093 8110 5468
1542 5983 4006 11339 6413 6635 6435 2941 4811 6053 6051 7201 11463 7952 7141 235 8798 8725 8574 8550 7743 7501 5941
1543 5247 4632 6541 11025 4930 4134 4883 8787 10460 6383 1642
1544 5530 4019 11545 6734 4280 6884 5439 7893 3835 8430 10624
1545 1583 459 1249 1185 2698
1546 8143 8749 9753 11545 10831 10750
1547 307 8000 9419 5177 10379 11112 10672 9866 570
1548 6537 2114 4361 2450 1734 7320 3280 6037 4345
1549 9044 8077 4487 425 6871 657 1965
1550 6526 9961 7604 177 4890 5594 4173 10855 2733 7140 3859 6634 6077 11079 5354 4567 10866 5786 6981 7140 5609 9437 9744
1551 767 6814 6182 10192 11502 10541 3225 3023 6176 4362 8359 3560 826 4264 3571 8004 6108 8829 6562 8866 5441 10697 10596 9707
1552 709 5020 946 534 1145 11396 9642
1553 5681 278 9608 9941 6282 10035 5439 6585 6696 7103 11278 8149 7407 5697 10873 10644 146 10111 5178 9858 11249 9750
1554 9417 7370 3689 4670 5384 6052 4539 9829 2776 7821 5730 9296 5059 11133 6834 9303 11333 5279 10921
1555 11538 7170 7392 4198 4897 5505 7583 2866 10603 2817 3871 7445 2350 10831 8172 7092 6026 6270 10774 8725 5255 5907 11443 5677 74 6461 7464 7282 4073 5878 6322 4872 7435 7755 7704 6070 8400 5829 138 7753 7084 10696 9526 8842 9716 9658 11389
1556 6808 7284 9031 5655 7913 10938 5080 5653 9255 9566
1557 3868 5404 6317 4688 2596 9598 4572 7217 7911
1558 2753 2937 7776 5613 6192 5505 3773 6577 4627 11209 10581 3062 736 6766 5793 8357 7121 9882 6797 1177 9234 10830 4800 11021 8524 6854 8411 9838 11046 6464 8025
1559 6257 11638 4412 4284 8655 10996 7484 9034 6900 8751 10678 8547 9282 7479 10966 10673 10251 8110 10966 9127 11228 10667 10240 10342 11537 9698 11218 10572 11637 9779 4117 9012 10672 9243 9618 10870 4117 10755 10516 10113 10930
1560 1371 1357 1570 2602 5664 3961 7195
1561 5140 8052 1555 6110 5905 7905 3632 8097 516 8011 7089
1562 7129 675 5022 11125 55 3010 11108 10985 8184 10644 9904 9916 8729 6989
1563 3469 4520 7684 429 6028 5274 7691 10942 9312 10664 10107 8233
1564 7879 5421 7129 11021 10286 11288 509
1565 2567 1847 2475 10621 10378 11257 7367 3619 9590 7140
1566 985 1382 1870 11011 2646 8439 1640 2189 1849 2503 1025
1567 8007 3848 6821 5813 10663
1568 4510 11283 5520 8849 8871 10058 10058 11624 9499 10996 10038 7613 10727 339 10379 9344
1569 3772 5250 692 11140 10802
1570 8800 3497 3250 3488 3936 517 4576 65 2598 2755 3554 1103 4558 4919 2943 5622 4214 4996 1268
1571 2599 4880 664 6806 10433 7033
1572 928 7516 6556 3996 8306 9882 5815 10718 4101 580 584
1573 612 220 443 573 2770 1196 1633 3569 1722 199 5237 3375
1574 4354 6230 7502 4936 11001 8257 2537
1575 10155 6394 6750 7692 8684 8906 779 9500 11109 10991 5338 9881
1576 7604 318 11107 6548 4487 6513 11605 9478 8147 10651
1577 5739 3179 5787 11307 4622 6478 8757
1578 6250 3559 2833 3200 4215 2912 2231 2834 4052 11597 4671 8371 9229
1579 650 1861 2925 5207 4592 5402 7190 2975
1580 3503 5825 3240 7453 5983 7281 5775 8452 8164 9641 8585 5298 10309 11166 10251 9550 7648 10333 5323 9651 9513 8795 2808 9819 9020 11112 10777 8014 10958
1581 3442 1463 2573 9646 832 6207 5238 7271 9979
1582 2536 4667 5295 10416 10085 9210 7314 3844 7400 9820 4034 3920 7847
1583 9164 7688 7151 6298 7846 7082 8031 5469 5256 141 4277 11230 8037 9433
1584 27 1019 2506 2795 2195 7248 4708 4798 1526
1585 2740 383 1847 3675 1784 11516 11101
1586 7248 4058 7746 7744 11460
1587 3742 6561 3145 5521 9590 10060 4490 7897 2480
1588 8414 7982 5090 3272 3350 3270
1589 3979 5574 3606 1936 928 6297 8838 7697 4228 6883 10 8698 6832 1950
1590 7316 7150 6403 10166 10813 6151 11181 4862 8486 3338 9457 9002 10996 10678 342 314 5073 7136 9756 11086 9842 10829 9699 7017 11053
1591 8103 93 1961 10023 833 3845 640 11114 2669 3192 5908 1212 6340 9645 5273 9437 6183 7034 8634 2026 7951 6694 3509 7049 1267 1674 10805 8283 5066 5056 343 313 5055 3003 10888 10020 7563 395 8295 10684 1746 9640 4513 8294 8453
1592 4132 5963 6432 6595 7326 8862 9855 8742 2164
1593 2581 4109 2407 2996 1335 3592 7830 2186 4770 4331 2975 834 10995 7033 3621 1367 8224 5901 9772 9929 8070 7274 9143 10645 9967 10189 7982 10572
1594 1713 1638 723 3043 11257 3121 11070
1595 4070 2194 1979 2335 5967
1596 8999 4823 7912 11576 10722 10688
1597 942 740 1913 5340 5146 2799 940 3589 3405 3017 2476 6941 3823 7686 7470 3178 5906 5419 10166 6353 7397 1460 7141 3661 8242 11386 2826 11038 10667 2432 2432 9460 9460 5817 5776 7069 11330 8619 234 8999 7801 7599 5778 10005 9731 10379 10005 8891 5173 6421 2720 8876 5756 9183 8952 11155 11016 9036 3614 9184 8587 10332 9548 4363 9224 8417 7079 9995 10176 10874 3690 9468 10963 11097 9097 11325 9690 10294 8047 5155 7143 9780 1965 10907 10441 9719 7222
1598 10653 11018 139 6705 800 9631
1599 3452 4167 2179 7312 2126 9687 11520 6721 525 8108 11102 4750
1600 4035 4965 5707 7961 1568
1601 2999 6693 7345 4379 4486 7580 7753 6598 6456 9360 5087
1602 9527 5796 11025 6401 1241 5163 3104 1375
1603 10612 4558 10106 3795 3984 9627 5545 5944 7357 10726 2807 10113
1604 2667 8338 3516 5995 6712 3458 3689 5765 6210 1702 7240 8526 3505 6161 7515 7060 7430 5435 2927 10443 11176 844 8534 7877 8270
1605 10634 10921 285 10641 2116 10916 10918 10917 293 7034 3262 6116 6333 7160 10920 5584 10395 7504 5072
1606 3708 5021 6195 6806 10383 601
1607 6131 9114 8788 10954 7151
1608 10017 11585 10552 9309 11503 10948 11171
1609 5541 5337 5054 466 2290 3192 346 335 1114 1482 2381 4550 3652 5862 2422 5864 604 601 9423 9934
1610 3629 9941 3785 8234 9818 2034 7686 4256 8716 1247
1611 9889 10060 10682 10802 10116 10953 10017
1612 1938 11065 5694 4150 166
1613 1556 3012 3114 2966 4485 10161 9657
1614 7138 6841 7763 5734 7582 10434
1615 8508 6361 6673 5734 8038
1616 859 3847 2833 2220 4443 10965
1617 271 391 892 2740 1574 9017 443 8439 3709 1722 9480 4399 5329 6562 9657 7819
1618 5922 5877 6450 5991 2518
1619 11491 2634 7755 5165 3700
1620 6327 5160 3960 10295 7954 6412 9561 11081 4659 7110 9111
1621 2561 6666 8779 6827 6007 6738 9915
1622 8896 9949 8944 8723 7893 11198 5668
1623 11433 3794 7207 7666 6826 11126 9676
1624 8956 90 8279 11023 9260 3273 5083 8713 8592 8846 397 8835 5072 8254 8876 9250 9305 9862 1154 11073 9519 8947 2164 9995 9745 11299 11618 8958 10874
1625 7260 9332 8141 8996 2529 9574
1626 4753 5175 11401 6851 6851 5440 5690 143 9074 1056 10829
1627 6416 6496 8956 9391 4590 5071 8620 6872
1628 1025 1873 5650 6750 10519 3614 11562 69 10217 9074 10722 10755
1629 9961 4482 7037 6645 5034 5380 4491 5783 11112
1630 5844 5656 5329 11588 5500 8300 11018 10753 3661 11161 10243 11231 10379 8908 10702 10624 9959
1631 3911 10133 6021 8462 1554 9330 1951 6382 7659 10705 9998 8156
1632 5257 7366 6178 8977 10340 10855 8209 7671 7588 7672 4127 5526 6172 6558 11588 5500
1633 10580 4191 5574 11029 5281 7051 8689 7299 8910 6336 4894 6687 7596 6954 5004 9319 8243 11047 7928 8692 8491 8608 8819 9742 9852 250 8979 4718 8254 9220 6638 8485
1634 5368 4533 2946 7604 6841 11185 9118 10107 8325 11254 11128 6993 9135 11404
1635 8120 6695 11034 7039 5301 8191 7913 9159 9379 5178
1636 1749 10921 2623 11445 1952
1637 4834 5567 6279 7842 3887
1638 6105 6801 2871 5546 11112
1639 4202 20 9414 5381 7891 8519 11087 9820 7421
1640 10866 7639 835 7082 546
1641 10242 7208 307 8243 1123 10095 8669 8670 8491 8819 8659 11130 9640 7494 8395 8423 7996 10420
1642 6575 6816 11238 3291 3392 6910 6325 10546 5734 7195 7284 11108 1768 7015 8467
1643 11098 977 2346 1220 1168 10246 10632 10426 2591 1884 6861 9681 10910 383 1390 2073 1255 9517 134 3406 1838 5026 2087 5311 2253 2736 5271 2307 2146 3935 7220 10469 175 1703 819 3358 10502 4762 4007 8022 2391 10308 1738 2714 29 10743 1103 3686 5497 1772 1770 2447 5241 10261 5613 6588 5123 3111 7251 8590 11587 3916 5810 5571 4370 4117 6321 6110 6739 7979 10035 5905 3808 5924 10730 3560 7796 6548 6151 6157 8023 10623 8368 3950 8517 908 952 8746 8656
1644 374 1467 7900 11151 11151 7414
1645 6711 5692 7020 1790 10379 11130 9362 8709 10451 9957
1646 2581 3219 6918 4847 10089 7803 10796 5795 5096 10353 10402 9447 11425 11118
1647 278 10389 8028 7718 6486 8977
1648 8196 7510 9641 10761 8258 11499
1649 1205 1433 2022 6886 9426 1633 1689 9564 1426 10220 3422 5774 10709 7104 2798 3386 3792 5700 6327 5695 3681 7136
1650 4085 4900 4112 4753 9842 5939 10395 11292 9842
1651 7305 7625 4835 7376 10730 6985 5795 6974
1652 1481 1766 813 8346 257 10160 9046
1653 3796 9417 5836 7146 5484 2335 9469 10553 6648
1654 4066 3268 9233 9277 6587 343 7106 10196 9491
1655 3411 4437 6230 9032 5111 9868
1656 10962 3504 2659 2129 2447
1657 2381 3646 11182 4187 4836 1413 5318 8724 5854 9819 10142
1658 4706 8074 2267 11346 11146 10682 10370
1659 4689 3023 3385 1642 3109
1660 6263 7277 10902 3938 9031 8349
1661 6257 11193 3954 7208 10893 4875 8095 4817
1662 7663 2356 650 9941 9205 3424 6484 4062 11546 7461 8095 9904
1663 9459 2802 4042 11354 1222 5306 2264 4179 7657 4180 5287 5051 2562
1664 6261 5222 4214 8644 7615 5973 8462 5650 1684 3438 8725
1665 990 364 689 3208 8306 4612 6172 9231
1666 557 1344 1435 1872 2464 11284 1496 3274 2161 249 4414 7366 6237 2716
1667 9318 6837 7378 4372 6894 4171 5420
1668 1186 475 459 1400 5038 1716 7021
1669 921 985 1547 573 195 10910 4385 486 2742 1537 1251 1359 1248 1716 1514 1250 22 1850 2649 11475 7071 1349 3000 2426 1915 2329 11445 3069 3637 11182 4796 3198 2006 7950 4447 4868 7604 181 10741 6534 5154
1670 1960 618 1287 303 7736 10087 953 2786 8123 8911 8565
1671 5800 6025 2042 5387 4101 7855 9421 9718
1672 6784 9829 2340 9826 4626
1673 3020 2776 2958 10993 174 10551
1674 5978 5625 5330 9808 10909 8902 8561 6659 7860 5802 2167
1675 2065 3431 1656 9205 2317 9190 6726 7504 8765 7239 5952 8684 10964 7786 102 10779 9842 9842 10673 8976 9845 8087 6449
1676 155 264 156 263 3006 10634 1345 9800 9056 5466 10271 2012 2951
1677 5866 4031 4371 2312 11414
1678 4087 2229 2995 6011 4820
1679 6194 7339 8272 9842 9861
1680 2438 3013 10118 2666 11188 2941 6995 8073 11079 1694 8979
1681 7104 4495 11402 7404 7456
1682 3400 4633 4718 10744 9657 10327 8728 10985 10985 9356 10005 6804 10609
1683 10417 7950 3476 3373 7887
1684 1885 9437 9544 1434 10901
1685 2277 8382 8049 10107 8185 8802 10200 8922 10511 8989
1686 4537 3142 1652 2316 5441 5555 8784 9668 5368 9140 2227
1687 10456 5264 872 6035 6309 6350
1688 6852 8042 7438 7182 8486 6478 226 7804 1308 7986
1689 1387 10351 4047 4047 2153 10581 11435 4479 2953 11147 2571 2123 2005 4860 10740 2983 1758 346 2155 216 3963 10469 2827 1135 3507 10951 3005 3348 3098 3004 1823 3248 1601 7505 6136
1690 2120 3493 1224 782 10638 1620 10489 628 1379 10376 10604 10604 3641 10748 1442 1508 2102 8329 1815 6524 2742 2402 1360 2605 11101 2736 2408 1141 10359 1750 1937 1466 2996 8225 4275 10915 10914 5448 9205 10918 1991 5448 10917 2991 1749 5276 10402 6524 7824 11492 5656 8024 8427 4845 2277 6524 7681 6705 8218 11439 9732 10645 8837
1691 8502 5571 7666 8373 7920
1692 4717 7507 6087 5236 7299 11268 10611 6558 4286 10077 9021 6619 8211 8762 10708 8425 10120 8589 10697 10041
1693 9581 3777 279 3360 224 5176 5287 8337 6856 5101
1694 9540 11624 34 9875 9825
1695 1387 1133 1763 1202 1291 10604 714 1104 372 11435 519 959 1884 3739 2410 1532 1402 10586 5987 1302 2197 1388 828 1582 8907 6345 2939 2591 109 1186 1254 813 483 1732 1071 2156 221 7414 11145 11110 3458 7892 2032
1696 1066 1411 997 1435 2401 1390 7250 2939 2245 6261 629 7925 4868 6140 1835 2407 2929 6056 2035 5141 9283 7931 6493 9854 10563
1697 3419 5532 5713 2720 10401 10644
1698 5396 6803 8564 10383 4455 10523 2170 7597
1699 1063 4960 7990 8363 10574
1700 8487 2473 4869 5986 7487 7060 8456 9627 6151 6849 7872 8312 10863 7863 7185 8796 9755 9781 8745 9797 8270 9864 223 8875 9955 9748 8428 9621 10300 11314 9477 10642 10396 8766 10557 10450 9691 11435 11207 10424
1701 1557 641 1408 4472 689 1572 4045 2329 10833
1702 4888 5780 5353 8013 7103 8731
1703 7887 9540 6877 8780 9269 4551 10243 191
1704 6469 8133 10286 6571 7006 6338 7293 4718 4671 7350 7562 8254 8754 8460 8012 8437 7992 167
1705 3486 8699 3520 4866 8798 7453 4609 11205 10786 7202 10389 9198 9021 7684 9460 8179 1080 9050 234 10516 10796 7754 899 10334 10005 10334 10334 9998 6482 9780 5526
1706 10655 1472 932 3307 272 1715
1707 2141 2362 2384 1803 9349 11341 10542
1708 5185 2209 5215 4229 5396 4988 5246 8082 4949 9201
1709 5615 8242 5748 8089 6079 7607 5854 10241 6007 6738 8474 9066 9995 9821 9184 9503 10206 9361
1710 4074 6766 2687 6559 6645 4477 138 7911 7344 6432 7142 8512
1711 6393 11197 9567 6428 10131
1712 3007 2591 1374 10621 4179 3482 1920 2163 3906 3592 11110
1713 7651 5823 6064 10213 9507 10906
1714 2289 5625 5467 6719 191 4284 6126 2966 9818 3932
1715 2080 5626 4678 4487 1222 2638 5131 1918 9719 4187
1716 7300 6963 7218 5438 8969
1717 6515 6949 7225 4971 6401 6521 10069 10810 6835 8854 10379 10398
1718 549 1400 3535 2269 1254 2698 6374 737 3378 8338 2479
1719 4674 1238 1534 2224 2584 6953 8681 7558 138 4500 1045 8309 8155 8097 8906
1720 5673 7554 7748 370 8827 7710 367 3981 6256 4461 5130 4030 4959 3395 4013 3544 8664 6332 9830 7536 1966 4883 3999 8241 6136 4270 8267 5588 11630 7758
1721 4190 7633 8553 5942 9852 10164 7823 10451 8991 9852 9266 8485 6357 10609 9950 5007 10295 8816 10822 9978 10777 11618
1722 5558 2211 4016 6792 7511 8054 2884 10548 6182 148 10409 7990 8516 8514 8747 9372 635 1929 8354 4114 8452 6372 5045 7582 10034 8086
1723 2964 550 3744 6436 6953
1724 8921 1399 10733 6028 7692 11624 8952 9254 9732 9331 8775 9834
1725 4628 5577 6341 2724 5772 11535 4542 7128 7092 1535 4378 2881 5551 6930 7733 7979 7671 7330 9345
1726 3372 10633 6912 11423 1936 329
1727 2277 3580 5250 10831 11332 1120 7365 3909 3925 7452 5820 6551 2624 5793 6897 5511
1728 6800 3150 1822 3972 2375 2066 3456 3682 2731 5384 2965 2251 736 9368 6713 1724 3505 3649 7062 8187 4825 3676 7112 8952
1729 10789 1001 1339 7657 3901 11076 10321 4204 2430 11107 4045 6023
1730 5650 5970 7610 8847 8020 10986 10546 10294 10963 10328
1731 429 3498 8177 6634 8113 6798 10686
1732 406 11364 2038 11234 5560 87 2480 3358 8022 10616 2965 6173 7872
1733 6814 6349 2380 7303 10655
1734 9424 11238 5983 552 8242 4844 886 9694 3429 4988 9915 8384 7444 9915 4802 569 8795 509 8949 9098 2276 2276 8759 8285 10176 348 11133 10706 8513 9763 9995 10623 8853 8260 10239 10614 5486
1735 6865 7406 6211 5491 4985 5475 6953 5984 6287 10496 9234 624 394 10107
1736 2781 909 3653 11244 873 2399 1567 2235 519 7381 3092 257 7381 11147 6335 544 1691 346 106 1055 8225 1496 10767 658 10768 1213 3881 3917 4193 3883 2782 3333 7300 7441 8127 8220 6797 6688 8491 11047 8755 501 8819 9199 11112 10475 10006 9992 10497
1737 6478 6320 8654 10682 9080 8951
1738 10845 844 1592 8762 1038 958 11147 1849 2567 1812 1463 175 1609 11093 2762 2423 2425 4255 4424 4584 6151 3807 10779 9137 7579 11074 11244 5177 8584
1739 7864 4165 11591 7465 4159 7733 8088 1945 7031
1740 8921 6052 11523 5964 4444 9688 6099 11524 8342 2851 3557 5949 4501 6036
1741 7507 6104 7730 6569 8602
1742 10016 4941 6538 7128 3363 7733 4165 3477
1743 9319 9540 7913 9866 6419 7859 9413 10937 11453
1744 1009 1037 2150 1273 1185 906 3698 2038 1302 2073 10426 697 2407 5423 4364 115 252
1745 8537 9280 10673 9825 9971
1746 7190 4285 1120 2866 5879 5724 9568 4482 3381 7621 3820 2016 6129 2398 10368 3594 4245 7311 11502 11338 4709 4287 3766 6053 2478 7799 3251 11061 4533 4957 2968 6897 2624 5187 3540 1447 11440 6089 5689 4676 6281 5021 6110 5511 4043 6187 5374 7657 1431 7283 6548 4390 8898 6507 8421 3186 7693 8361 3175 6448 4130 5813 10738 3501 5293 8683 6646 7763 3145 8557 7542 8704 3952 8749 10905 7012 1308 7928 8368 1355 10967 8746 9344 8351 7790 8232 9521 2103 8935 7866 9262 11355 9523 8076 339 2683 10205 9263 10477 10966 7984 9149 9110 10759 10473
1747 3088 4798 6846 7822 11278 10880 7056 4133 8182 9347 11336 4726 7218 6973 8498 6027 10110 10222 9402 1942 5604 9460 9810 7916 7970 10383 8097 7826 8876 8029 9048 2404 8586 10854 1211 4551 8228 9539 9726 10523 10687 4208 7597 11316 10057
1748 3802 1129 2977 277 287 4484 2836 2225 5912 6156 5281 3476 3336 9442 3595 261 256 4883 6021 7211 11237 5468 10250 7913 10096 9030 11300 648 1754
1749 273 975 494 9459 7211
1750 6402 5658 9818 8557 10847 9731 5081 5073 5414 10234
1751 3145 7194 8654 2267 10938 10942 5177 8096 10717
1752 11416 11574 6847 7213 4846
1753 4240 11198 4528 3402 5955 5042 7621 4058 231 6541 4632 367 11054 11133
1754 9961 5990 2430 2353 4931 2894 299 8532 6397
1755 7140 6773 8313 5697 4530 4644 8045 9765 1941 8534
1756 3910 2945 2483 2873 5841 9828 8112 6782 10595 9340
1757 41 9371 4959 8561 5692
1758 1383 9042 867 970 3346 1165 269 1371 1032 10339 892 10148 184 1300 1207 1711 4047 544 3235 1939 267 3403 3307 11110 70 3628 10531 4196 8532 8532 2054 11463 11419 11137 4694 11172 3420 4351 4347 5431 10476 6697 5146 7343 10110 2871 9880
1759 2151 4218 2899 10400 5588
1760 499 10284 10023 4593 1961 10820 10021 217
1761 162 9360 9288 5089 403 9277 3034 10181
1762 2328 2343 5971 5072 8547 3528
1763 1707 10257 3456 5171 2180 7625 10281 10001 7106
1764 4023 5168 6542 4634 8309 9073 10866 4705 8296 8045 10663 9211 8622
1765 938 1653 823 8803 8803 10426 8393 3124 2433 2107 267 2860 9720 482
1766 2539 2607 3302 3488 3118 7917 3008 2452 5978 7657 5250 4353 875 3781 3613 9832 742 11220 10881 8536 5627 3726 11402 2443 4973 5604 2648
1767 6462 5170 7312 7332 7842 9811 10855 4357 8144 1765 8385 2295 2871 9694 8516 8577 6413 11161 8211 2089 8229 11119
1768 10608 791 792 2130 2197 1742 1301 2073 2168 5599 287 290 6483 2151 7025
1769 4453 5860 3839 5206 9372 5090 1158
1770 4482 1607 9811 9368 8275 2445 6160 6766 4572 11591 11408 10540 1486 6871 63 6885 10031 10066 9492
1771 11237 5333 8116 9565 8387 8999 6665 7268 6007 11310 9259 569 8693 9052 8819 10164 10309 8356 10729 9915 9957 9468 8285 8215 5919 11133 8249 8991
1772 946 1243 225 10845 1132
1773 1802 1338 6770 11553 1685 723 10974 1113 791 10019 4314 3949 17 11596
1774 1422 10694 1662 2343 2245 1468 529 1216 1180 725 382 797 3131 2998 3235 3445 3003 3049 2131 3603 7578 2425 3084 695 5425 2388 4068 3322 6063 9495 2000 487 10368 2894 8709 9741 8027 7580 11563
1775 5699 9736 11190 9722 6984 9513 10797 7939 8417 10781
1776 2142 757 1713 837 8697 8415 1667 9703 332 3769
1777 6316 5458 4320 7027 6240 7060 8365 9070 9531
1778 5385 7090 6929 6594 8492 8755 9580
1779 4867 4786 1219 6446 5436 10993 4721 5150 8234 4704 8842 8955 8339 9030 4485 11567 6358 10686 9578 5628
1780 7212 66 9705 9391 10961
1781 1152 2009 5814 11061 11061 9573 3615 11277 2914
1782 8148 9073 11015 7061 9904 8201 4561 10770 8283
1783 6396 5182 10016 4185 3980 10390 4586
1784 1225 784 378 1383 7608 11463 2090 8479 8479 9818
1785 6729 8486 5762 9867 8764 3382 6587
1786 4225 5410 10857 10237 2294 7257 7295 10846 10696
1787 2885 3578 6276 7604 9269 10644
1788 1047 3487 7058 1734 886 3959 5771 2894 7516 4844 4654 5739 6062
1789 5417 6257 4216 4660 6159 532 4680 10548 3600 5320 1238 4719 4971 4320 305
1790 1200 1725 11217 10489 285 10915 3668 10042 2995 8206 8162 10215 5602 6011 6460 7492
1791 132 2335 9954 9283 9276
1792 5196 5829 10883 3751 11336 5079
1793 2764 7237 5891 4346 3441 5451 11407 8359
1794 5144 777 5412 10270 7879 5682 5052 6344 11332 3250 7138 6791 11197 4965 5280 8172 7270 4942 457 7964 8024 8139 10415 11453 7584 9260 10379 8283
1795 3166 80 3362 1159 3036 8812 2832 272 4625 2137 4045 8022 2844 10336 9646 9646 1118 2148 10509 3858 2669 5497 239 8813 2521 4104 1738 59 5017 3648 5154 4052 11597 8346 3928 1057 5998 8910 1007 3852 4066 4427 11597 7398 5156 4254 2335 5600 6587 7661 7442 7899 4756 8648 7926 8883 7645 10678 9541 8781
1796 11352 7907 6468 9818 7655 1979 7885 11619 3545
1797 6814 4688 7078 8810 11287 8340 8451 9261 7972 9415 6838 7984 11169
1798 11619 7936 7430 7328 7425 905
1799 10389 508 11512 4636 11009 2544 4916 5666 7060 7543
1800 3585 1616 563 1383 1284 2433 2516 1533 2094 4413 9339 2636 1326 3334 289 7100 7190 5530 5420 5473 3004 3655 4939 784 3118 7008 8048
1801 2370 1219 3086 4688 4229 9900 4957 7378 1305 4917 5420 7762 4496 7016 5437 2308 6472 7670 63 3839 10159 5640 6673 10847 9949 8733 9330 9062 6171 6356
1802 5839 11422 8482 6304 7033 7274 7586 9567 8744
1803 352 3449 3451 4831 4310 11206 3415 2991 1724 8921 3622 3655 5095 10431
1804 11052 9017 5852 7916 8928 310 10687 11146
1805 5215 3435 2558 3993 4782 4990 6647 10834 8752
1806 7116 4994 7398 6492 7562 7585 7463 419 6919 7867 8033 8874 8891 10521 5543
1807 10034 3292 2787 8698 7842 6326 6781 7742 6663
1808 9811 4780 4927 2578 11443 4153 4502 7205 2584 10754 6423 8340 6707 6582 5766 6478 11292 2871 8431 6651 9235 9767 11578 10926
1809 11501 9722 9599 11592 11375 9005 7770 5092 5104 8468
1810 3980 9627 3822 11296 10741
1811 8575 1334 664 7332 11268 5896 3703 10389 11388 10830 10222 11023 8355 10658 8259 7404
1812 10503 6604 4981 6776 1669 8094 3271 8780 10411 8791 8260 11421 9344 8248 8231 10931 11409 10055
1813 7116 9072 9100 10266 11469 9709 10682 7721
1814 2514 316 7663 7999 5695 6056
1815 7021 325 10988 10296 4701 10109
1816 4439 4945 6806 6096 6499 8588 9287 5655 10810 9199 7717 5653 7187 7728 10991 3727 9621 2936 10557 10731
1817 3281 5634 7300 5475 11271 6104 7884
1818 8561 3145 7911 2091 4272 4951 10011 9523 10926 14
1819 5512 3746 11193 7326 8081 11064 6597
1820 2904 3121 2286 9530 2837 4570 1394 6972
1821 2933 4822 3543 5964 3669 5185 3393 8328 10060 6990
1822 7360 3994 7431 8539 7568 4878 8001 8788
1823 4387 3374 5513 3259 11420 5295 3816 10541 2785 2512 8573 3306 3384 7990 5441 5889 9987
1824 8218 7937 7572 10243 9985 9253 11072 8134 9970 11244 3523
1825 5158 10490 5695 4873 7311 7879 8771 7452 4730 5324 10712 7050 5580 3538 7135 11007 7907 7225 5892 5804 9335 8733 10905 11331 10005 7862 9138 9510 2085 8490 5605 10609 8521
1826 6032 8681 5500 6034 8689 940 10047 6450 7453 2596 7604 235 10044 5335 9460 7588 8312 9021 9460 7581 6142 10753 5668 8759 899 11264 10074 6355 10516 6353 9019 10645
1827 11323 2995 6305 4382 952 6834
1828 2974 2293 8075 2237 10368 327 2379 2466 6752 1024 2371 5560 215
1829 6335 2723 2278 3733 2582 234
1830 9688 4159 6728 9469 7449 10060 9813
1831 5186 3331 4207 1775 8929 6327 4362 3577 7833 10633 5122 2682 10830 6390 3410 11583 9387 9559
1832 11430 7806 10211 11258 4237 9540
1833 4673 7063 5338 1521 2227 10480
1834 6061 4216 2317 5002 6076 8491 8920 6688 6926 3108 4757 2103 9103 9640 10609
1835 9056 10426 1507 1796 2536 7212 75 6585 2910 6782
1836 696 6972 8325 8682 10499
1837 9448 657 6458 9406 8606 6699 7956 3515 7217
1838 761 4827 8427 7073 7681 2600 11588 5500 6745
1839 4018 4941 1222 10711 1322 5238 5845 3419 9547 3585 5400 4287 5794 7092 7091 7733 10274 5502 4679 7435 10093 8063 7217 3752 8181 11148 8621 7940 11293 10824 10649 8718
1840 7740 2658 9884 9613 7566
1841 7113 1245 1351 1084 10148 7021 11011 2383 3254 10339 10641 9790 1878 3947 1754
1842 4196 2051 650 3342 5343 3446 8573 4923 1873 4411 3547
1843 3647 6873 1881 5132 8210 8248
1844 11597 4018 6649 4754 8551
1845 2505 9517 5555 3586 2776 3363
1846 5455 2427 1820 3346 1171
1847 4726 163 7694 7274 6429 7264 4420 8980 1751 7791 7342 5844 6382 10377 7636 3524 11038
1848 8022 2266 7740 2640 902 1262 295 11327 9719 4147 4691 2551 2975 3864 3194 4464 4921 5131 3353 3913 3697 8921 1195 3930 5703 3620 4630 3214 5838 6918 6025 5730 8496 5157 3328 9547 4672 3407 8308 5511 10730 6400 7182 6145 9190 9330 8525 10255 9312 8656 55 9909 10538 10677 10697 8763 10408 1868
1849 1956 4288 854 6840 4604 7970 8456 7685 7260 6968 5422 8605 5501 8140 10815 10815 7739 10379 9153 8337 7321 7370
1850 3197 7146 2112 2951 2754 199 3060 8415 3569 3664 4155 4039 2008 4435 4040 3836 4944 7393 7269 8690 3304 1042 7723 7662 779 9493 10089 10583
1851 10035 231 663 3155 7495 8157 8078 7486 9203 9223 10164 3998
1852 9480 5746 3073 6168 6417 8863 4032 6702 8192 10184 4874 7783
1853 5221 3834 40 353 5510
1854 2323 3785 6241 4657 11375 11468 8810 3072 3575
1855 9065 769 6887 2604 7657 1717 11414 2359 2992 1920 2118 960 1453 2228 2155 6630 1703 1659 2755 902 10469 3513 1935 2391 790 4215 11429 3451 492 3449 282 5006 3664 4592 73 3648 2787 1770 10743 2766 6645 1103 2898 352 8564 6057 3311 9241 3450 6793 2671 5701 11183 10711 7251 2691 1167 5174 78 5781 5710 5030 5372 7057 6812 312 11010 2507 5132 1125 1650
1856 5261 7067 3706 11311 4268 2497 2822 6465
1857 11520 2776 6367 7690 7260 10237 9136 8511 8584
1858 9194 1796 11164 4144 3283 10834
1859 10660 8075 10569 10846 7938 11432
1860 5834 5622 7121 6202 4345 6801 10644 7650 5073 11392 6412
1861 5215 5931 11599 2541 9242
1862 10912 10908 3459 552 8440 887 7565 9116 10644
1863 6396 11379 6229 1996 9842 7028 2352 5933 4759 11361 9635
1864 6934 6085 675 10334 9298
1865 10844 4310 3247 10831 6535 9818 4868 6322 9818 11605 8873 2270 10107 8361
1866 438 6415 7463 8350 11501 9958 5077 398
1867 6029 10344 6075 6035 6174 5432 7081 4032 7988 5645 5710 1821 6311 8309 6092 9073 7966 6148 7215 6320 8619 10753 8300 7918 8635 85 9604 9237 8505 7082 10185 10247 3822 10708 8620 10212 8828 10555 10803
1868 1130 1513 4106 2173 2729 2044 1670 2879 1501 4083 8572 6731 8013 9740 11104 9570 5088 7106
1869 5030 9608 6820 8846 10722 984
1870 9424 8966 4726 3597 5842 6116
1871 6500 6837 6444 6173 7214 5868 6938 7615 10639 7567 7060 11010 10605 2806 8031 10810 10595 7186 9673 10529 4307 3220 10302
1872 2705 4241 2681 5176 6423 7511 6104 9886 1324 5544 8690 7584 9330 7006 10216 307 11283 1761 9722 9847 7097 9594 8696 10160 8395 10477 984
1873 3682 3990 1323 5177 3979 3527 2731 5384 3594 4206 4572 4599 2241 121 4471 4019 5931 4613 5421 3295 9977 11183 4715 10889 5123
1874 672 921 1067 1686 10426 7359 6070 8155
1875 3995 1501 2541 10541 10961
1876 814 4882 8408 6285 7589
1877 5672 9014 11336 8543 10521 5978
1878 4357 5760 191 9886 6396 10924 1694 11501 8204 8355 10319
1879 7965 8502 4326 7285 6009 7792
1880 8305 7756 1890 9775 3165 11187 4858 2739 4482 4805 4543 10852 2650 7583 9811 71 4290 2885 7011 9050 8537 8155 116 8057 11108 7498 6394 5275 6154 5502
1881 3681 6443 9886 10859 7480 6249 5634 7577 8564 7148 7822 3826
1882 2753 7465 3871 6095 6616 11416 10045
1883 5237 4884 445 9418 4245 4111 10382 8725 2878 6012 8032 512 9408 6892 9466 835 8209 1521 11580 10773
1884 10733 4485 4261 5478 8338 8771 5001 2494 1252 6334 4914 6751 11531 6862 8551 3742 11388 7639 6826 6521
1885 7874 8125 8013 5333 635 3661 4756 270 7998 11035 11102 10872 8591 4951 10248 8164 9801 1506 11224 10635 7593 9327 9524 10829 10057 9699 8302 10419 8763
1886 5741 11223 5185 2801 4988 5306 10718 7793 8283
1887 6894 9645 6470 4917 5811 6898 6148 7963 7231 9009 11501 5777 11196 6363 7956 4935 3871 6674 820 7516 5187 8475 9019 5795 5942 8996 9911 10829
1888 8964 8742 10793 9844 11224 10108
1889 4657 8498 9402 8020 9413 10109 10293
1890 2101 4868 7396 4792 1 6261 7418 3380 7806 7804 6028 7043 5106 7004 262 11346
1891 3986 5870 6080 8342 8666 8238 8477 8352 5578 11552 10596 11030
1892 1497 3006 751 559 10674 807 822 938 1291 921 985 641 775 507 650 4954 623 1110 1067 10069 1214 1386 2709 2740 9194 689 496 3698 4991 1640 1671 1570 1089 1453 3361 2831 1920 10460 10929 2330 3628
1893 9818 1913 8306 7435 63 7651 5917 9695
1894 3405 7655 20 4289 5785
1895 3242 9260 4633 5736 6862 11384 11468 11025 8544 2830 9380 4725 7420 883 8190 6571 9388 9390 8608 11281 10854 9163 10545
1896 2458 4371 2445 4578 9424
1897 2432 511 9380 7949 2927 5808 11383 5697 4530 9457 8033 7989 4665 11023 5895 8489 11303 9221 3528 5005 11474 9066 9192 2248 9649 2270 9250 9571 10135
1898 8338 4471 7236 8827 3315 4728 3680 7160 2746 10920 10920 2372 10355 1702 5748 2247 8664 9574
1899 3192 6844 7657 11521 3436
1900 3424 2509 4022 4476 2889 6863 2494 5736 11352 6364 3809 7548 9466
1901 8342 4253 5294 8172 5229 5120 6494 6862 10395 9438 9526 3216 129 8407 6458 8869 2089 6983 8544 9602 7835 8904 10495 719 3822 7813
1902 11458 4870 4121 2028 4144 3161 3767 4295 11638 10807 11000 3055 3723 2165 1835 4582 10669 5555 4223 4869 3857 810 4606 11339 6842 4609 5899 10044 6697 5147 4228 5886 4713 10368 9480 3522 3552 8842 10744 85 8874 9744 6670 10319 2192 6832 10176 8735
1903 2582 7251 5260 7138 5473 9686 5258 8408 7398 7356 6290 6307 6425 10547 3314 6092 6321 7455 6451 7528 8125 6507 6896 4619 4611 51 10110 6748 8683 6028 10149 6838 8147 9349 569 8591 11062 9062 9319 5691 11544 11534 11118 8950 8349 7902 10217 10781 8663 9630 69 10574 9496 9983 10452 11282 11417 10733 9354 10473
1904 4090 6275 6344 8797 8768 2790 976 10050 4186 9834 10161 1272
1905 10047 6311 7565 7456 10343 5080
1906 2731 10889 853 4433 10 4461 3915 3279 4554 3026 6237 5765 10107 5572 5216
1907 1142 8067 3096 10834 8027
1908 7845 8439 1995 5180 769 6338 11464
1909 1441 52 4546 4981 7298 8882
1910 4980 5317 2335 10130 6242
1911 7783 4666 8154 2191 6832 9074
1912 3269 4236 8929 1015 3908 9608 6244 4285 5834 11338 8630
1913 7300 5955 10718 3838 6104 7009 3756 7208 9296 5072 5108 5956 11543 7343 600 8742 11130 8786 9575
1914 10720 3138 10106 2890 2739 3520 3565 4029 2052 2455 3484 11287 7021 6046 8896 5051 4163 8642 8075 3720 284 3828 10374 11386 10191 6064 7458 128 8358 5039 8209 7302 3515 8894 141 10779 117 7321 7878 7929 11389 5657 114 8797 7754 3195 7652 58 9850 10609 9118 169 9433 8682
1915 6006 5039 7780 3392 7481 10838 9115 9601 5517 2432 67 6413 5519 5523 6325 4655 9845 4029 9944 7677 6259 10667 5335 8296 9460 5342 8724 4590 2544 7503 8874 9186 8999 8877 7549 9818 388 117
1916 7209 6134 2733 5476 3155 995 9791 10990 8215 10334
1917 11020 4156 6445 8335 7093 6517 7529 7456 5378 3653
1918 10035 3496 5662 2101 4825 5218 5213 4759
1919 11022 9402 6102 11336 9130
1920 4275 10918 10917 2764 2728 4376 5504 3322 9007 2341 6466 5470 4994 7384 7009 3703 213 9308 9089 10645
1921 9042 1166 1096 1134 1409 1998 137 1685 1040 2783 3237 1917 9564 154 10560 10807 10436 196 1789 5529 5462 3142 2400 10653 4190 7627 11351
1922 3187 940 6201 5312 5686 6851 7393 9446 7012 10379 602
1923 5724 8778 3436 3846 4890 3089 8574 3922 9865 8349 10510 9556 10016 6332
1924 11007 7081 10702 9391 7024 10532 9191 8983
1925 3030 2275 6140 294 1454 8838 4153 4734 3911 3838 8956 11408 3653
1926 887 5781 3835 5759 6989
1927 7033 5503 8361 6377 5535 7282 10611 6558 8383 5666 6579 3072 5594 6285 7966 6660 7099 6944 6823 10866 11481 7239 8933 8309 7605 9915 8899 9181 10846 9052 10976 8337 509 9659 8239 11038 9183 5628
1928 9412 5733 1988 4592 3451 6091 10578 1456 6297 4335 4775 3979 3144 3665 5172 11547 5887 4481 3731 6635 5171 5794 10301 2497 3848 2251 6526 10051 6254 8944 8463 9623 9840 5435 6924 8488 10945 8793 8789 8789 100 9710 9579 9624 9033 10104 9873 223 10396 9207 5708 9453
1929 977 11098 1226 1911 1663 1099 2049 1529 1468 527 1414 9681 1752 10833 1682 2696 134 10021 1708 7037 7439 1435 1453 2108 1784 1884 1301 1205 1727 3222 1732 1716 1179 961 1674 1780 1400 2505 2088 1584 2111 7098 2789 3711 4045 2137 2143 2087 10841 4215 2311 3598 1883 11195 5266 7330
1930 2016 1739 8113 7728 9445 9002 9053 10566 10563 10632 10348 10342
1931 9567 7924 9100 9631 6988 9787 10733
1932 4089 6588 5289 4932 6261 5125 5915 4437 8634 7637 8680 5056
1933 7604 10905 10486 9100 9510 1142
1934 4226 5160 4091 5741 8685 3978 904
1935 6347 11535 11223 4704 3544 5001 8250 3077 10961 5961 8435 2167 6761 4832 7896 7506 7085 9526 9526 7755
1936 3970 6483 3598 7286 3825 2501 9088
1937 3001 2486 3399 10943 11338 3658 4397 4786 2007 5581 8440 10718 4868 6743 11352 2192
1938 2454 7031 6069 7259 231 11526 7197
1939 10669 3156 11369 5146 2890 11162 8699 5606 6213 4421 4877 107 5616 5709 7273 8181 3787 10165 10165 9190 4655 7661 976 9599 9415 7549 7111 3644 5943 11060 8547 9356 9919 7906 8974 9166 9916 11432 11431 10854 9884 9651 10803 8777
1940 4347 8157 8540 8123 10316
1941 4575 9466 5514 7602 8677
1942 34 5640 7418 5729 9167 9556 6424 7004 440 7315 10249
1943 9533 3029 9205 2714 3437 2137 650 2237 2012 7830 3936 4591 456 752 5745 5008 11414 5721 550 5232 3248 5557 10261 3586 4634 8416 1608 5168 2885 5356 1054 1651 10743 7864 10730 6946 6502 8309 6646 1624 6394 10785 5668 6320 8056 6145 5285 7673 8246 6586 9092 11453 8659 7933 10668
1944 2658 619 1845 2223 2571 2418 2100 1858 3287 10911 3692 4248 6752 8909 5215 2950 3477 9366 1203 5238 5621 7287 4676 7277 6065 4830 4761
1945 5129 6348 10687 11185 5516 7914 397 5071 2267
1946 5955 4802 9362 1056 10362
1947 7008 3043 5670 9504 2029 4662 3719 11000 8798 3141 1025 1907 5173 3000 4867
1948 2017 2307 10399 11301 2233 2301 1683 700 6056 1413 7492 2927 10831
1949 11005 1044 7741 3454 8338 1776
1950 4726 6579 6430 4567 5568 2716
1951 10372 3393 5964 2784 2776 7216 8032 4634 7898 5569 10780 1684 2529 8882 5795 10295 7745 10495 8788
1952 10876 5177 8280 10564 8086 11194 10899
1953 5306 3983 7924 6041 761 11158
1954 2154 1883 7412 8404 5065
1955 907 259 11105 434 11508 407 1354 2058 2290 5282 1526 3106 11301 833 8667 3155 4063 3283 6485 6540 10374 1177 8635 4933 8045 10698 11505 9882 9617 7597
1956 3334 486 11427 104 1359 1693 2865 1646 5309 1699 4517 2143 2385 1935 10339 7663
1957 10995 2315 10949 4501 11121 4016 10430 8829 2851 7416 9402 9402 9826 10961 1241 1781 9048 9616 7275 11403 7295 7870
1958 5305 5818 5170 3708 3871 10268 5877 6466 5496 1495 4378 4421 9687 9424 3897 6243 7999 6625 11489 3660 163 8788 6167 8470 11605 8283 5895 2404 8942
1959 66 6332 8575 3040 3088 7879 6608 8733 8869 9048 3506 2247 9987 4551 9161 8319
1960 6024 4222 5415 4434 4386 4371 4670 5183 3162 3160 9311 5274 210 5103 9166 9273 9283 5094 9280 598 395
1961 10496 6110 9120 8423 5652
1962 6578 3884 7095 7401 9230 6769 9553 9120 4205
1963 897 217 11031 1930 4879 1462 7594 396
1964 7212 5001 1120 10644 10905
1965 5274 8746 7253 9633 8845
1966 3341 10509 4585 2764 144 859 2613 2571 268 60 10949 8004 7403 7046
1967 7750 7465 2634 8022 2517 4833 7262
1968 2406 3497 2798 3634 2411 3562 1777 7879 7251 5220 3186 11577 10233 4935 10277 10966 8624 8110 9086 9188 3366 8521 11256 8950 11477 8507 10529 11220 11537 11417
1969 8545 6648 7216 11456 8211 8962 8179 8315
1970 2702 3963 3963 2243 6678 9804
1971 7410 7202 6415 10611 9031 7872 8407 8932 7256 8475 8768 10665
1972 2289 4557 10791 9899 2941
1973 4501 11400 203 161 7943
1974 390 10725 5493 7248 6913 2158 10927 5894 10035 4615 6467 4532 7218 5506 7230 7692 1843 5495 9716 9505
1975 7897 6146 11258 9113 9595 3829
1976 6802 8452 9482 9384 7089 7992 5178 6076 8923 10730
1977 6553 5431 5188 824 8810 7852
1978 6137 5529 7389 1463 111 7238 8899 10332
1979 5794 4610 11336 11391 9112
1980 7312 4093 5457 3955 5946 4221 8028 6871 743 4868 6261 4868 4868 4826 7259 3189 676 4669 5933 1979 6423 6363 5556 9818 601 8449 9273 9214 5094 9690 2270 10434 10542 4039 9358
1981 6608 11375 9223 11319 6955 8201
1982 9986 5803 9448 10764 5612 9804
1983 9017 4824 11363 6144 7114
1984 6089 5441 8906 167 9696 11038 9608
1985 9440 3159 352 11327 7325 6878
1986 5680 661 6131 3750 7943
1987 4546 3520 10044 4029 4315 5454 7097 2705 2529 7611
1988 2745 2179 5847 7174 5440 8226 10871 7528 7264 9728 10893 3741 7228 8136 8850 9986 9400 8636 10379 5382 11526 10623 7819
1989 1575 575 843 723 1888 3105 5425 4314 2754 5723 45 11160 1847 2355 10339 1039 5117
1990 10866 8190 11067 9958 2276 10008 9854
1991 2179 7489 2745 8350 10905 3501 11128
1992 4647 5695 5615 4271 1267 5802 3823 4412 2584 676 5773 7348 5728 9460 5517 8779
1993 10093 10905 8020 2806 9549
1994 2967 4003 2829 10498 4344 11000 3085 3486 3924 11513
1995 300 5900 33 759 615 1284 2663 6130 8024 4993 8540
1996 3201 2908 2324 10653 3257 4403 8415 3221 8446 3967 329 2125 6650 7212 11019 9661 3317 7212 2862 277 3067 356 5215 7365 3402 3648 1212 5855 5683 4312 5685 6929 9958 5359 7972 4947 8836 9409 10972
1997 1614 1601 3972 3867 3513 3094 2241 3743 4599 2223
1998 5595 5768 7965 6226 4972 2644 1431 347 4868 4000 8035 7303 5933 8465 8791 10905 8034 9148 5501 6289 5045 9510 4551 976 8423 8897 11445 9711
1999 6051 10875 1712 2517 6575 9886 7574 7590 1505
2000 5356 10149 4811 5756 8836 11097
2001 3863 10637 11559 11477 7561
2002 3786 1712 9596 9338 11246 8407 7676 8746 8438 5105 9199 9693 10529 10152 8950 11006
2003 178 6045 294 8874 9489 10678 8585 6983 8718 11473 9158
2004 1178 554 11217 4560 10866
2005 2588 2538 8800 3094 2764 3341 7054 3639 4199 2662 1614 3349 3541 7599 4228 5289
2006 6212 445 6512 7369 4435 2578 11034 11152 6622 8107 10319 10999 5085 312
2007 3018 4922 11588 8181 7289 7939 10763 9058
2008 4073 159 11381 859 4639 2526 2694 10195 3257 4207 3784 4256 11423 2050
2009 8890 621 1910 1161 2997 6108
2010 8508 10595 9627 5061 8420
2011 2513 7351 8967 141 7956 2871 10893 5355 6801 6694 5288 6116 6326 6717 3010 9594 7646
2012 8350 8932 515 5095 8991 9294
2013 10306 4015 5293 3832 7495 624 9231 9001
2014 6548 4809 4217 7605 10624 9372 7763 6849 10905 6802 6233 2822 7790 8848
2015 5293 4938 6205 6845 6827 10866 8507 10096
2016 789 890 665 3006 5309 3641 2200 2083 3379 11079 10271 1303 5183 7552 6960 9596 7594
2017 4296 9109 7530 1274 1164 11011 1357 1443 1317 10376 3641 11093 10786 1911 171 3254 1262 988
2018 4585 3909 10844 1907 6210 9967
2019 3312 11388 3795 6635 3580
2020 2484 2975 5530 5530 2775 3323 3331 10676 3997 6519 4510 11034
2021 10475 9914 5890 10365 8374 10948 10935 9258
2022 2378 4220 5272 3665 796 11527 8917 2946 5678 7028 6888
2023 9832 1556 3342 4424 2380 5430 7343 5649 10249
2024 3645 10889 3241 4268 9948 5765 3715 2835 5949 8558 11198 5832 684 10457 10728 6675 6960 8418 6429 7614
2025 5394 3362 3288 4901 4414 1604 7783 6088 6204 8634 2930 7449 52 7259 2871 9201 10980 5382 10369 1536 4186 8742 3880 9658
2026 3996 4417 8994 9918 8762
2027 6975 8657 9363 9358 7121
2028 3789 860 5916 5504 6152
2029 2329 1806 3858 3185 2405 3693 17 1048 2972 4075 10325 1816 2486 4576 8101 1495 2545 10775 4379 1704 6323 3162 7729 5992 11130 9290 11087 564
2030 7502 11582 7750 7867 5066 11451
2031 893 1116 10224 1191 10339 8331 10586 1492 689 909 10107 537 853 1362 1187 11396 979 794 534 44 589 1011 882 4306 2635 999 11151 11151 939 1836 9426 678 9671 3527 3521 3516 679 2121 5413 3777 3229 3199 3081 2043 4047 1835 4201 10605 10581 5474 3321 3426 3712 3565 4342 10285 8789 9861 9096 9010 10529 5443
2032 3242 3570 5580 11463 7660 3159 9479 7239 4382 10110 6860 8404 8744 9589 9648
2033 6230 306 11315 4787 9367
2034 191 6304 5439 8909 6855 9448 8675 8834
2035 5810 2681 6596 11158 6322 8248 7453 8898 7922
2036 7799 11152 256 8631 5562 8669
2037 853 3848 11335 9999 7043 6991 8008 438 111 9550 7059 9116 243 2716 2720 5080 10470
2038 10820 681 10019 10021 428 1517 1403 461 2530 10368 4344
2039 54 4254 6895 10980 8000 10613 10673 11309 11445 10171 4581 11413
2040 1198 11569 5042 5630 6432 10159 2529
2041 4466 11235 132 6658 6913 6155 7490 6151 7949 10815 7543 10595 3989 11230 10942 10972 9071 10755
2042 8415 7128 3400 4650 11638 9069 4125 2975 6024 2819 7259 7976 7136
2043 2867 2302 1597 2466 2925 11057 2504 4498 7311 3450 3966 524 5006 3443 526 2533 871 5330 3147 4782 6562 7339 9657 8740 10548 457 9904 11074 9232 7565
2044 5674 2087 4223 6763 2286 4104 5250 3980 10881 6043 1424
2045 776 7246 4651 7821 7587 8064 380
2046 9363 7159 9424 8019 8333 8036 8332
2047 808 300 303 6640 6335 2014 2346 10789 1696 4868 4708 2073 1302 2314
2048 3224 4550 6842 4355 6218 1161 4011 4027 6542 5470 877 1535 4523 2751 5555 4426 5522 7093 7332 9882 8408 11416 7840 5199 7449 1891 7274 10735 8277 6896 3110
2049 5331 4899 4389 2031 3587 5023 9842 4595 9806 7709 1789 5398 5989 1462 6720 11068 2943 3707 5198 11158 6554 5811 6618 8022 4719 4974 8151 4781 5354 5709 4289 7631 4488 11363 7743 6908 7120 8181 9136 9244 11303 9093 10729 9341 10038 11130 7382 7933 9785 4817 10759 7803 7817 10375 8963
2050 2376 497 11301 6987 2672 1106 461 1816 2658 619 6140 5186 1311 9660 119 3591 6595 4918 5328 5350 6539 8545 7702 8102 4832 10389 7313 7770 11326
2051 4223 10909 7055 6214 3776 4545 5767 7751 7744 7746 7758 9848 5654 10689 15 9173 8885
2052 8673 4884 6424 3653 11080 8990 9603
2053 1371 5371 280 11630 6294 11486
2054 253 174 9668 2101 6222 9565
2055 330 2857 2256 9656 1657 4073 3972 3311 9426 2317 11500 6140 2125 9069 11522 4207 2856 8972 8462 5196 10412 6814 1920 3796 73 355 2996 2422 4708 1615 2300 5121 2499 1984 3587 2607 11185 87 2624 4518 4442 2891 7225 9408 9915 9818 9528 9500 8530 9268 3188 2283 9270 11006 8836 9649
2056 2139 6130 2259 9800 4870 3065 5295 1883 159 3095 10465 2485 7258 206 3164 282 3565 3712 10184 2326 2027 10703 3716 9382 5053 5894 3040 2315 4856 6012 7299 6871 2110 7131 5692 7486 8444 10744 883 9810 9312 8543 9676
2057 5844 3012 6635 3052 5474 3985 10605 4724 5379 9446 9743 10541 10286 6261 5776 6802 1034 7746 7806 2491 8675 397 210 5078 6882
2058 7406 6672 8348 7742 5050
2059 260 1215 1325 1691 2062 3437 4332 854 5636 9743 7985 5074
2060 2713 6739 6625 663 9191 4551
2061 1539 1290 10484 6718 6339 2020 550 5137 7697 5160 9424 6953
2062 9933 1839 164 10202 11217 5827 697 7414 5745 2580 3306 10974 2393 3098 1824 2762 1908 3963 2324 6942 2800 6818 7901 605 4660 2595 10678 8643 8471
2063 133 3737 4930 8444 5095 4747 1162
2064 5769 2335 6139 6730 7617 6465 2919 7728
2065 974 3083 711 3059 2253 2044 6130 10916 10916 4275 6453 10917 2728 2707 6333 4992
2066 1878 7604 3228 11223 6466
2067 865 3346 1149 748 6840
2068 7299 7378 8508 1866 425 7511 5677 9363 3661 7587 3749 5844 8677 10623 8879
2069 3986 4362 6427 11107 11629 3610 4160 7493 7588 11483 7684 2380 7669 9663 4935
2070 2768 3825 7312 4704 11375 10315 9127 9642 10015
2071 445 1279 1867 5144 3581 6635 5614 3713 2476 2995 4653 9123
2072 2788 2221 1445 3291 5478 1718 6532 11264 10788
2073 1551 949 680 3242 2854 4871 6056
2074 1883 2374 2413 10935 10711 9617 8342 6609 3595
2075 3811 4868 5931 1631 8917 2510 8827 7446 6209 7199 11077 6947 10984 9737 8683 4567 7632 2855 7612 9476 7720 8121 2860 5419 8178 7806 9403 334 10182 7910 10448 7754 6268 11083 6030 9432 2806 7494 9824 7772 11149 6677 11082 7434 11575 10194 10829 11285
2076 3165 10531 4026 165 7067 4672 7167
2077 7532 6440 11251 2609 4759 9644 669 4020 8125 3782 7742 8574 5426 3953
2078 8058 4461 8281 5836 4090 4845
2079 5675 7465 6336 8430 8347 6560 6131 6969 11619 7540 6530 8166 1240 9345 9367 7787 8323 10788 10966 9539
2080 3905 1912 4141 1015 6169
2081 1501 2275 4686 3928 5294 2326 3062 3064 3020 10901 5122 3176 11209 4513 4729 7798 6039 2443
2082 1880 789 9680 1013 4954 6920
2083 4141 2673 2700 3399 6248
2084 4316 8641 6799 7992 10244 10682 10682 9327
2085 11228 7735 329 3816 2205 1896 446 1295 10709 5163 2491 9347 7862 11337 11373 10710 10697
2086 3040 5896 5822 9521 7546 7533 9618 10507
2087 2960 7398 8005 7587 6896 8765 7083 11207 6012
2088 6585 7112 90 10883 6261 8313 5852 9081 5279 6028 511 7846 4530 5784 8628 11165 7654 7471 9855 8367 9118 7747 11487 8802 8745 2248 10236 10666 11566 8231
2089 4837 5607 9291 9030 9087
2090 349 9065 2097 1819 7381 8803 3815 3937 1599 5139 3280
2091 10850 11105 758 337 1021 1036 6568
2092 11027 4465 4985 10727 10419 7776 10295
2093 9440 209 660 389 3006 1313 6861 2770 10376 1084 9173 3523 853 10321 4991 2567 11435 44 2781 2465 4554 483 2063 9671 8225
2094 2530 10336 4905 3543 913 2167 11640
2095 5674 3100 11079 3047 3846 10263 166 52 6295 1881 8299 8502
2096 5280 7577 7638 8502 11363 8391 9954 7198 2914
2097 9480 6715 6043 7292 7259 4532 5932 5325 4882 54 2871 5780 7453 7994 7165 8159 7089
2098 4753 5238 5959 4226 2823 2430 4966 5922 10714 2772 4115 10306 5977 5193 4772 8363
2099 424 819 3420 1445 6129
2100 3854 2681 11003 848 352 3148 6289 8843 8521 9499 11244 9859 10587 11414 9138 10882 4828
2101 130 3595 1645 7898 2812 7893 4622
2102 418 298 1663 849 2472 8227
2103 6609 3991 6360 4704 5502 6274 7412 6195 9818 7148 10002 10156
2104 6829 24 4759 8189 1934 6986 3275 9342 4823 9685
2105 5891 419 3793 9195 8967 10980 3584 6691 10765
2106 4055 4672 5312 1454 5116 10540 6261 11408 9352 11355
2107 3409 9972 11538 5695 9808 10959 10838 6884
2108 9458 4194 4542 5505 7093 3925 6433 6927 9645 7799 4886 7305 6241 5275 3438 8643 3138 8085 6974 7912 6030 8913 6900 10218 6424
2109 172 7310 5151 6890 6702 6599 5938 7920 9391
2110 4981 2650 4284 7621 7604 5157 7043
2111 2033 11135 732 11298 1213 5494 529 1364 8564 8813 752 2119 2127 103 11411 1656 2996 2508 3416 1389 6793 5887 3096 4348 9772 8169 5234 2279 7468 3429 10651 9352 7939 10001 10571 10295 207
2112 5878 7350 7228 9838 9842
2113 3006 1098 230 260 2514 483 11051 1190 158 4100 3004 400 9283 6405
2114 6471 8764 9693 10810 240 11262 3207 10107 10788
2115 4055 5606 7990 10415 10785 7939 8207 4735 9983 8677
2116 11179 11525 4569 10618 9114
2117 690 8551 4472 193 180 468 10165 443
2118 7582 8221 311 11265 9990 9738 10777 7183 10177
2119 4932 5553 10389 1776 2934 5656 5963 425 2645 4872 2646 8001 6375 6397 10409 4971 4755 3714 1790 8411 10003 11213 10110 1921 7989 7997 11102 9301 5085 1761 7940 6868 7669 9391 10190 10371 9227 8932 2961 8079 11053 7296 10066 58 10386 10758 9875 10527 11080 10680 9560 8990
2120 10982 6862 8397 6890 1211 10529 10529 976
2121 1765 8052 7252 3110 8371 9599 11413
2122 8383 6417 7140 10644 7380 8788 8787 1642 4958 3945 9269 10195 4277
2123 3318 619 1922 10485 6189 2509 8446 5133 3729 4863 4534 2795 5978 3620 9918 6701 5780 4135
2124 10728 6113 7203 799 1033 1187 9430 798 1119 1766 1362 1388 11244 3523 11185 4862 882 2550 10578 1877 4047 1963 10739 1920 3054 2004 1706 2782 3867 10945 6712 3964 2504 2064 3553 4596
2125 6174 6539 3703 10886 8852 7834 9736
2126 9242 7134 8549 10898 7553 8747 10635
2127 4918 11574 7860 10266 11573 9851
2128 493 720 1136 9042 1379 11614 10025 7608 10148 1666 11164 2312 2534 2427 833 59 2122 1811 10034 2318 6650 4380 8771 9732
2129 5508 8498 9889 6910 370 8999 9002 10678 4366 10788 11552 7400 11635
2130 7709 7259 3660 6585 7095 5772 8797 7635 10379
2131 2659 7756 8972 4984 5158 1651 6551 5644 10743 5427 5187 5511 10101
2132 2363 8567 7092 7665 10900 6851
2133 2491 7098 7698 2588 2669 6549 5673 6949
2134 5516 6391 3994 2126 2851 6936 6244 6481 10005 4455 5548 7763 7637 8732 2620 9136 8108 1505 8414 9641 11316 11106 10406
2135 5306 3373 11229 5194 936 4389 5566 3762 1161 1561 10937 3110
2136 209 474 2506 2989 919 4174 11095
2137 1907 7460 6183 7483 4411 6511 6869 5536 7801 5729 8641 5285 1990 8694 8529 10415 10664 7195 10160 1945 10402
2138 4054 11088 4201 5375 1123
2139 4164 365 8617 7556 10986 7643 10882 10587 10642 5857 10682 5178
2140 11140 9074 9232 9350 9963 10319 6804 9706 10754 2227 10343 8457 11320 8678 11171 11560 605
2141 3007 1089 494 2814 10621 10626 9104 11246 10378 2005 2747 10599 1180 2094 10271 8813 957 10271 4735 4735 987 3213 359 831 6735 5371 4608 3534 1528 5901 1684 400 11518 10482 9422 8365
2142 10839 3244 2533 6722 3485 3766 6245 528 2889 5170 6729 5179 2828 2801
2143 5124 3441 3662 8245 6318 9295 11531
2144 1185 2136 1494 2803 2750 2161
2145 8640 165 11292 11303 10250
2146 2299 4463 4347 7962 6594 5461 4254 3660 6116
2147 973 2073 3943 2554 1421 1245 2567 1529 1039 2067 1564 10911 272 1405 4582 7698 1022 1024 1883 1737 1392 2551 2976 3372 2311 2050 4905 3091 903 11281 4318 4253 2332 4278 3567 4380 7370 1775 9382 6459 5187 5400 6003 661 9333 6309 7156 174 2776 6028 6217 1979 7695 8545 7099 525 7016 7670 6108 7443 8842 9596 654 8431 7021 8646 10009 8761 9902 8511 11240 9798 11220 10759 11620 10494 11453 9111 11034 10697 9180 6362
2148 1133 27 10502 3790 2861 3639
2149 9426 4399 6215 2713 1399
2150 10629 2474 1817 2726 4812 3154 2050 3926 3039 1814 4904 5723 3030 2231
2151 4694 2161 2898 10946 752 2068 2612 1968 10717 2480 6645 550 11629 5133 3729 4863 6340 3610 2204 5368 10994 7437 3278 7134 1536 429 5729 8020 11626 10964 1983 7929 478 7902 8133 11113 8758 6545 5090 248 3890 4656
2152 4523 5678 10595 5990 8780
2153 3431 11357 1137 2317 3146 1395 5139 5377 3992 4574 745 82
2154 2003 2703 2050 11092 2209 8630 3930 5126 1121 7389 7389 834 3064 4628
2155 6189 4985 6254 7305 8791 9975 9975 9639
2156 4900 5167 7368 6428 7369 6516 6027 3742 8449
2157 7409 6693 4983 7174 2449 5381 7857 7269 8756 6666 2089 5285 9340 9541 10678 11545 9566
2158 6745 7604 5424 6682 8736 9164 8999 8648 9392 9812 8975 9041 9825 8221
2159 8824 5572 9731 9652 10379 3714 7321 9570 10309 9988 11133 11228 8964 10776 10777 8875 3653 7107 10953 1518 10997 5890
2160 2884 3330 7116 6461 3540
2161 10022 11538 4999 5450 10277
2162 4793 9581 6439 552 6178 6998
2163 11215 3075 6261 2588 5249 1127 2332 2454 2909 4103 5126 4220 5396 7774 4360 7825 8940 9082 10857 6900 3950 6878 509 8565 9906 9341 10038 10107 9895 7711 8494 9760 4008 10550 7079
2164 10808 3145 8987 9582 9958 403 603 1153 8094
2165 2394 7718 11403 2712 11148 397 5072 11495 9035 10279 5097
2166 7953 5050 3156 5521 9958 5957
2167 6038 8844 9555 9267 9457 8904 7791 9157
2168 7300 2201 10430 9313 5459 11025 2204 7328 6469 6252 5729 4792 5606 11400 10854 9413 6261 10761 4098 10857 8543 7868 11113 6686 10877 5493 10415 9456 7886 10265 8258 9727 3920 10317 7364 11321 8988
2169 5964 5185 2692 6154 4937 4091 5154 4399 6276 4167 5741 3986 8082 4779 7219 7292 7091 4164 8063 5752 11403 8006 6801 7701 7755 9466 8993 8861 404 7869 7860 11388 4163 3621 6957 9758 8645
2170 7604 6552 5779 4877 8554 8629 7918 6876 11107 10835
2171 4144 7146 2198 10391 11033 4678 5082
2172 10831 9818 1651 3925 3328 10035 10543 4899 4065 3676 3899 2529 207
2173 7036 1054 5872 5183 4417 5046 10533 9363 4804 1651 5183 4396 4395 3680 7300 1271 5258 11530 6939 8125 9073 9073 10866 2323 7443 8858 8491 7933 7927 11318 7929 10569 7339 7659 9582 8722 11626 6955 11074 11220 8285 10353 10609 8771 10474 9001 4745 2874 10884
2174 1616 1224 1435 11455 2312 3633 11135 2119 6867 3652 4025 7948 4438 5659 1269 10476 6754 5002 4813 6709 5462 4929 5403 7495 10866 6048
2175 276 276 2339 4409 1780 2312 8416 4508
2176 4871 6129 10471 6500 8125 8182 11293
2177 10943 826 9972 10286 5628
2178 699 704 665 907 1068 975 5181 1492 1663 1795 6770 749 160 1082 27 3764 153 10321 7776 10184 4905 903 4564 40 5159 7409 10095 6969 8435 1966 10095 8519 6838 10673 914 9218 9224 9765 10597 9683 9320 10758 11326
2179 4440 10503 6297 6129 4482 4075 3718 9497 5511 8001 1367 9466 10101
2180 5217 4295 11639 4963 3329 3620 7884 6842 3578 6267
2181 5080 7479 398 10763 11393
2182 4824 7633 8579 9405 8819 2267 10829
2183 42 42 42 42 42
2184 8502 7695 9004 8736 10409 8847 10613 10129 10000
2185 9841 7625 11065 2283 5845 2016 899
2186 209 750 1396 10691 3103
2187 2650 6427 4085 11336 8788 7911 6721 10404 7110 8852 8262 10470 9140 9159 8616
2188 3673 4926 203 6902 8403 2794 6324 5665 7617 8312 9466 10545
2189 6393 7163 3831 5779 7040 6971 7746
2190 2266 3643 6326 6074 1702 3969 2449
2191 4542 9385 4686 6230 5812 9775 6396 3720 5595 5908 3723 4523 6105 10893 6239 3897 6229
2192 10464 1817 4536 5514 5340 7815 7610 5173 11561
2193 9929 6401 7876 6949 7202 11438 6003 4537 8704 8295 8621 2716 11398 9919 7993 578 580 11570 582
2194 1046 937 1187 646 1186 10623
2195 3201 7909 5730 6479 9303 9154 10249 2075
2196 2749 3452 2628 4153 3063
2197 4840 11587 8338 6002 5502 9302
2198 7300 6323 5680 9962 7114 3556 4219 6329 7450 8579 4813 9127 9025 8983
2199 9306 10279 10777 8379 10116 10682
2200 1750 650 7025 2491 1805 5126 457 2558 5035 4024 3742 26 6241 4397 5555 8665 518 9695 5045 2812
2201 6592 7480 7023 231 1840 11288
2202 6041 26 8539 5643 5905 7586 8736 9728 7000 7283 6646 10216 9267 3506 168 10897 9302 7337 9938
2203 5253 6223 2510 7921 3579
2204 4536 9299 4407 9284 6687 8651 11589 7919 9209
2205 710 4749 4245 1731 7799 2456 2199 11386 4998 7832
2206 1255 10487 10691 10502 3648 3651 2730 3699 3898 5283 6528 11596
2207 1650 5308 10786 10449 9032 9129 5850 4777 10057 9536
2208 6085 8524 570 4748 4956
2209 11301 6653 729 6005 1383 8798
2210 9972 8350 11297 3506 8819 8592 8754 11595 376 10542
2211 9930 3713 10733 4728 452 5568 3723 6745 3904 5804 4845 11574 6671 9754 3932 5514 6416 6395 4971 7388 7617 10001 8789 5070 5069 5059 7524 7459 3396 6812
2212 3659 6861 10484 11027 1033 1747 10389 4909 7207
2213 2367 6649 5275 9521 9831 8071
2214 5761 9962 10916 6333 7277 2767 10374 151 7300 5507 7051 2572 3694 6909 6145 85 11575 6172
2215 8338 9318 3363 5651 5040 5512 6344 5876 4032 3396 3314 7405 6915 5846 7283 6217 3175 4045 10077 9077 8683 10738 6748 8350 7632 8749 9716 1595 11621 7443
2216 5553 6950 3447 6556 5207 5606 8050 7328 6646
2217 152 712 446 8314 4249 9896 7919 11363 6687 11363 10866 6612 4507 11248 8479 6902 5693 5830 10764 6877 11193 6560 7683 1419 5799
2218 1740 8329 10916 1660 4275 3931 3110
2219 1677 2816 2933 6501 3466 2165 8853
2220 8436 6403 7241 6268 9391 7434 7981 6151 8664 10593 4493 10481 11127 9877 10443 9240 10742 9911 9610 8961 10813 10322 9639 11517 11616
2221 2599 283 8813 3121 2918 11252 10772 5746 1281 4143 8696
2222 6801 8630 9073 9073 1608 6890 6648 1672 10001 9508
2223 4830 10725 8909 10687 3882 3986 6873 7248 6046 11157 10390 3484 11601 4061 5983 7277 5406 9333 6497 5227 6481 10679 7510 8196 7349 3724 7122 4803 9347 172 3875 6973 10961 11493 8250 9380 1415 7660 8544 7141 5476 3732 11464 4250 5392 10005 8441 7122 5552 5116 1122 2826 3515 8477 11126 10667 9590 6404 8341 9048 4611 5852 1034 10834 9641 7229 11297 9411 9413 9567 10854 7549 7835 9352 8868 8676 6655 8355 8362 6421 9179 9387 9404 10846 5493 8586 4817 6983 9024
2224 2681 5661 5373 9598 872
2225 1847 3874 5597 3187 10519
2226 2607 1203 1841 3449 8338 2787 4534 4038 5366 3544 9338 3697 8536 3457 7138 7917 5632 4178 4896 1922 2972 10343 4449 4598 417 3470 4697 10106 5152 3929 7406 10060
2227 6335 1523 415 1098 1864
2228 493 4954 921 11217 1858 2447 6045 7590
2229 11445 11301 9121 3341 492 3664 11414 11305 5721 1125 3449 3004 6816 5644
2230 4685 4835 4276 6107 6261 6947 9391 9345 8912 9340 10160 8820
2231 10687 7085 9220 9649 9222
2232 10954 7931 9635 9730 1253
2233 88 88 88 88 88 88 88 88 88 88 88 88
2234 3503 1924 4933 6207 54 4781 7404 9457 6858 10184 10302
2235 4424 5368 6001 8005 7433 7419 4869 5665 10866 8683 3338 9744 2089 9947 11109 9843 9890 9535 8961 3585 11299 9835
2236 8620 8507 8877 9752 10428 8777 10922
2237 1961 1139 9883 495 1611 817 2031 3955
2238 2753 2384 7251 4431 4040 7563
2239 9863 6027 4369 7230 7066 8732 9830 6673 5090 8449 7906
2240 10916 2069 1859 1722 2754 445 7160 7370 10133 11588 11103 3578 1538 2614 5799
2241 6327 3332 11209 6842 6397 10463 1624 9740 8136 3663 8191 8247 8604 8806 9386
2242 477 1762 1392 2741 1648 3451 2780 2929 6227 7968 9570 11102
2243 5106 5066 8771 11404 10420 399
2244 3419 4963 3329 5491 3912 1943 8551 10639 8652 866 5066
2245 1427 11357 3998 4529 2485 4144 5513 3041 205
2246 2626 3497 3636 6556 7836
2247 10047 8723 4659 4726 5075
2248 9821 7374 9177 9825 8679 9915 11094 6764
2249 172 10299 11627 6963 5548
2250 6070 7842 7066 7551 10343 8011
2251 7723 11186 6976 6028 30 9261 5327 10060 4490 9293 344
2252 2703 4904 10962 440 2170
2253 6008 118 10653 3869 6526 4224 3032 7478 6124 10818 10554
2254 9634 5726 4165 5664 7976 3109 6270 7773 9234 5884 10178 10340 9335 4532 7734 8300 6086 7339 11108 7611 8273 3334 7991 8636 10060 10865 9984 11199 10396 4208 5831 11100 11503
2255 1816 3113 3633 2342 4155 11088 8630 2792 8630 4088 5763 5711 3847 4670 4876 4783 8082 9363 5673 9201 11307
2256 5865 9687 5255 6951 9799 5569 8877 4534 6143 5783 3912 7093 4159 11511 5457
2257 2797 10801 2354 4246 4863 2948 4572 3971 1568 8679 5065
2258 5247 8200 5803 1624 8255
2259 4432 5003 7240 4043 9260 3558 1702 7907 4184 6739 7821 5476 11079 3568 5789 6460 4002 9954
2260 7373 1035 4148 863 849 895 506
2261 6711 6488 7194 7513 7112 11363 7108 1714 7116 9466 6447 6515 6896 5872 7398 5260 7625
2262 1494 1062 3464 732 3569 2037
2263 4932 2799 6789 7685 5620 980 1631 3859 11559 8876 8424 10678 5083 7089 5747 7181 8925 2248 9780
2264 3098 10601 10581 106 1824 2983 3963 697 1826 11092 2913
2265 10016 3477 2335 6495 9187 9136 11081 8932 9567 8424 10937 9555 11304
2266 11396 10586 614 1766 1883 3443 3419 5945 5716 11196 591 10572 11030
2267 4743 10690 7237 2332 1161 4534 3591 7474 7798 3518 2350 5406 7508 6715 9424 256 11250 5848 2891 4513 11322 1355 7761 6102 2040 5400 4419 8736 6044 1143 6801 284 2491 6548 11009 7466 10623 9627 2712 9818 7972 8587 9264 10278
2268 6559 7081 5689 7670 8207
2269 5679 4672 8568 7327 3995 8022 664 10774 1832 6790 2584 3180 5405 10540 7334 8839 8425 5319 7606 10165 2682 8267 5520 7829 9406 4756 8198 117 10678 1355 11581 10049 11203 8543 8616 8396 9884 7597 9845 9685 11585
2270 6368 5842 10077 5928 5449
2271 6376 3707 7052 402 5107
2272 3472 1383 5912 6435 2432 9186 8980 8474 9184 10963 10293 10785
2273 950 1147 1087 572 3403 268
2274 6767 9567 11016 10358 6359
2275 850 903 28 4156 6160 6149 2649
2276 2621 2240 2528 10075 5638 3823 11000 4477 5970 509 10729
2277 71 4226 5518 9977 449 4432 4495 3888 4481 3169 7480 5964 3677 10340 6582 6582 3532 5561 9687 8018 10233 7120 5202 11292 6394 3110 9108 9526 7606 7016 7110 7443 4511 8029 6513 1746 10724 10266 9101 10747
2278 4104 1855 5695 2777 5042 875 4110 6244 919 10904 7251 3484 7612
2279 9092 9791 8858 8113 9089 10966 10315 6755 6573 9998 866 7524 10319 10033
2280 1537 10020 9681 10019 1662 10021 9197 2190 2977 7034
2281 5372 11271 8353 11361 7803 9578 6124 10802 10329 10168 10522 9934 9805 7903
2282 5904 4832 9352 7676 9674
2283 3416 10946 2447 3662 3555 3470 4158
2284 3408 10852 2687 5841 3419 995 9374 5411 2247 11590
2285 4195 3240 11162 10005 8795 8585 11431
2286 10118 8408 4721 4374 3089 8248
2287 7370 4017 8472 9833 9959
2288 6695 9466 11026 10722 11169
2289 196 6716 6942 7409 7011 1757
2290 9466 8780 5033 9884 10776 10030
2291 10709 6751 5835 4004 7103 11626 7317
2292 11018 7034 4768 4051 3219 8479 7735 457 5611 4629 10402 5711 7073 2728 2862 9966 10915 4195 2277 2277 11181 10772 10192 5009 3726 3794 6427 11227 7160 11022 6391 10919 10919 6998 6715 4257 4827 7027 6041 7092 5961 11196 9322
2293 4417 4113 4520 4730 7184 11211 6516 9882 8859 8544 10127 7726 10569 90 9437 3010 317 8092 168 11043 7186 8000 7648 5089 10040 10423 10658 9543 5397
2294 785 1577 2047 1623 3041 4438 3904
2295 785 1577 2047 1623 3041 4438 3904
2296 8061 9515 4065 3627 3906 6219 3717 1330 7370 2561 7492 10558 8668 8996 11184 10063 10060 9567 8834 9286 8861 9272 8663 1759 10098 9796 348 9558 8836 10186 10206 11210 8923
2297 3979 7709 3682 3694 6217 4458 10996 8628 10315 952 10379 155 9344 8620 11451 10203 10872 8927
2298 6508 60 8354 4114 360 9401 10334 11460 10512
2299 904 8860 2160 1128 2559 619 2376 2552 1967 5674 2571 992 442 650 11195 2925 11382 1321 2950 3543 6845
2300 1686 2346 10845 1067 932 4413 276 1230
2301 4560 3520 4187 4859 11009
2302 928 3288 6814 5191 4716 10866 4190 2297 9719 9641 9230 10529
2303 778 969 10399 2528 7740 9563 1668 3554 11445 8921 5146 1703 1121 9363 4657
2304 5204 5421 11493 1913 10389 8639 4945 4511 11276 67 657 6148 6931 114 1779 6738 9877 9271 8745 10781 9805 10491 8792 11418
2305 6842 3761 11186 2813 7529 9518 7881
2306 7900 1036 1039 2515 450 2254 9703 2143 6154 5518 3768 8877 7761
2307 8984 11559 9074 6990 8529 8770 9118 11109 9998
2308 4233 2693 1858 4239 2374 2302 4616 3105
2309 2243 2633 2628 4576 3918 550 6218 5042 9013 1867 2286 7695
2310 9598 7099 2809 6206 3750 6249 8788 6120 10496 6968 7961 7260 3896 2576 7941 8243 7361 8713 7321 7654 10869 9957 10316 2529 3822 536
2311 10845 949 10636 1380 2742 2702 10414 3103 7359 2883 10741 6874
2312 5796 5260 8220 7451 7011 4496 11050 8906 5731
2313 3487 1378 6413 6642 6672 6461 11512 6251 7397 7605 10562 226 8496 5323 9036 9600 6355 11566 9825 7556 9503
2314 932 1728 11217 7008 4966 7584 8899 7603
2315 10184 392 7212 2719 54 1305 6919
2316 11551 1635 3894 926 10339 972 1849 9072 1131 2810 3044 10914 3336 5906 1061 3354 8544 5776 9379 9066 8202
2317 4577 3163 662 9164 6148 6560 6496 7475 5279 8554 9047 10110 8045
2318 6239 7673 5941 8497 10846 10579 10477
2319 1099 5244 3892 7931 10073
2320 10950 11219 4065 11560 11555
2321 1287 5309 878 1303 2083 1289 1798 10220 1610 9368 2322 10769 3985 9510 8617 10793
2322 11591 6154 7409 9588 4705 5279 6148 8149
2323 9608 10430 318 8648 9733 10107 10741 10046 9969
2324 9121 4598 4057 6722 3167 4226 7469 6842 5912 6218 2560 6214 4612 4868 8634 409
2325 3111 11162 9686 3125 777 5973 6300 7612
2326 2286 2411 3036 5927 5225 6733 10263 4221 3047 4628 5969 8470 7897 10315
2327 11134 8798 8175 7812 10379 9600 8379 10829
2328 7990 6251 4462 5675 8564 4759 9608
2329 6068 5253 6991 8077 4000 7699 10572 8804
2330 4217 7501 11330 9357 10508
2331 2116 1195 3205 2052 7211 8469 8283 10015
2332 11522 4906 3341 4570 4616 9841 5386 5751
2333 10389 6039 3986 4544 11336 10764
2334 5512 10660 11430 8019 9744 9744 11570
2335 8405 3765 8549 8033 8883 10519 9710
2336 5472 5906 7552 11007 7169 10077 10905 8629 7630 8752 7542 10808 7463 11283 1308 4594 2620 10593 8147 8998 8524 11312 2247 3506 8996 9092 9349 7669 6289 984 8837 6191 11169 9354 8600 6493 3829 9386 8072 10574 8374
2337 9900 4674 4544 6178 6762 7240 11545 3730 8575 10199 6744 7058 4909 6596 10702 6338 8700 11595 10229 10416 5083 5770 3899 11501 7110 8578 2159 1142 10941 8837 10983
2338 4768 9856 417 2541 6316 3 3680 8366 5824 4770 4327 3468 3409 2596 5651 4713 3264 5823 2872 4598 4843 919 3190 4546
2339 7037 11521 2739 7409 8172 11239 8909 3623 4541 7753 8121
2340 5451 5658 3797 4032 10660 7009 7565 7396 8328
2341 9429 8740 7804 7382 10526
2342 7521 5 10779 11626 248 5107 7549 8884 5101
2343 5740 4970 7651 398 514 5058 3272 5095 9302 9304 9298
2344 6592 7580 6421 8858 399 11308 10926
2345 1705 1293 1313 1263 998 8803 4047 959 44 2953 1807 2162 1824 9671 1176 2345 1941 679 4306 3845 10581 1706 3522 2461 1874 3168
2346 7604 3617 4510 11018 11315 6849 301 10379 6662 8780 8748 8836
2347 3227 3245 2571 3133 8412 9074
2348 6303 10777 7293 9954 4823 9364
2349 6201 3132 11103 6380 6017 7932 6027 9082 8899 546 8649 11262 9220 2563 10986 594 11325
2350 6737 6399 8430 7307 4345 6668 6711 11264 9658
2351 7392 2941 4162 7397 5182 3215 10866
2352 4159 2827 10344 8066 8596 7651 10324 8378 9565 11336 8550 10923 3519 6358 9906 5848 11304 2798 9370 11100 11293 11155 8380
2353 2619 6324 453 11515 6238 6546
2354 7580 9198 9466 9466 10977 7291 9722 8540 9176 10419 9864
2355 6297 2569 7908 6217 5488 6995 3539 5490 6138 10566
2356 4065 10133 3566 552 4647 11008 11193 10624 5728 4459 10964 5438 6738 7754 9668 10990 8239 6482 9973 10437 11049
2357 5633 7140 814 11315 6298 8648 8361 578
2358 637 1193 1926 967 1396 2130 2108 2160 1392 9925 10271 10577 10271 7789 1774 4054 3217 3669 3998 5217 5479 1979 6377 8630 9473 7270 6930 8433 7540 10985 8324 2167 8618 8893 11392 1156 11363
2359 7212 6641 6600 7392 11103 7259 4457 5045
2360 11227 4112 5584 8561 2484 6199 4078 4076 5363 5049 7864 5727 11502 4973 4264 2367 5021 4727 4362 4841 5880 4421 9842 6906 5128 5618 6892 6901 6604 4671 7716 7437 2884 7416 5163 6727 5098 9707 11202 9605 15 8788 3588 6033 3350
2361 10924 8342 9242 7705 10523 8317 11561 7269
2362 6182 740 5888 2674 9588 6881 8340 4718 6942 1324 8100 5507 1177 4614 2335 9388 9852 10980 9419 4946 10419 10173 579
2363 8714 6354 6332 8675 9181
2364 4569 10618 9114 8280 10053 8378 5525
2365 7259 2279 11329 9923 5338 6496 5116 8551 9479 8296 11166 9340 4445 10087 10125
2366 7135 11197 5620 10413 4530 4640 4211 2794 9389 5950 11610 1886
2367 783 2044 4317 2268 9721 4143 3534 9251 6099 6652 11308 8906 8603
2368 2112 3834 3221 7008 5600
2369 9385 8427 234 11474 9906 10461
2370 2740 3664 10399 1677 2766
2371 7578 5546 8157 8371 8577 6990 4205 8654 11113
2372 3990 5950 10867 5771 3776 7893 8383 6062 3155 11333 10992 10107 9331 9967 8086 3653
2373 7209 7286 6261 3562 7917 2137 7411 4541 148 1751 1319
2374 6508 5777 5472 9227 8608
2375 477 560 10271 2957 6580 1389 7034 6039 6946 9818 6557 9562
2376 7939 2232 11288 10387 9179 4823 8952 7408 9028 9070 9813 7940 8868 10470 976 9228 11350 9916 8376 8326 11265 4644 9824
2377 4050 9769 3530 5023 9000 11522
2378 5193 4982 5780 4834 9743 5775 605 4660 8723 8529 4490 6291 7402
2379 3389 417 9521 3156 8684 9319 4958
2380 6564 2258 2375 5258 6425 7623 4994 243 7322 11266 3653
2381 4117 10720 6522 7292 3133 3828 10340 5276
2382 4662 4303 4302 4089 1121 5431 3725 3342 2866 2904 4715 3487 4327 3093 6525 4401 10957 7489 2137 4892 7452 6928 8007 3786 5452 3178 3812 6997 4915 3321 3179 5813 5734 6145 7751 7746 8847 3011 11032 8809 10227 8620 5782 9098 30 1778
2383 11069 1897 7974 7250 1849 8720 581 2364 238 1611 5309 3647 6987 10489 817 2331 798 2987 923 9328 2803 11045 1938 5020 5576 1858 10916 10916 4616 3716 2954 3259 2625 8167 7865 7160 10961 6147 11268 8747 9108 9753 8025
2384 6019 11545 7300 7320 4969 10496 9962 5002 11090 5385 8576 7153 7985 8920 9742 8461 8458 9131
2385 9426 1883 3375 3583 6953 2539 7736
2386 8449 9493 10857 10857 7186
2387 7500 10875 4607 5035 6920 7418 8019 7829 9179 10164 9404
2388 10844 6428 10429 501 9874
2389 4315 4960 3011 5110 9500 8417 10663
2390 1394 5660 1495 7840 6772 10569
2391 2760 11182 2322 8827 8827 6497 5403 4789 9382 5989 4536 4989 10777 4461 4477 3811 7277 6361 5431 7056 5615 11238 6936 1694 4357 3694 5649 8809 10990 7754 6860
2392 8863 11103 4536 2799 6535 4772 7553 6603
2393 11412 3826 4256 10044 7060 5335 4242 5854 9565 9204 9871 6868 9271 354 9312 8976 4675 9842 9842 9842 9842 9842 9548 10129 3891 9797 3653 11244 10583 10793
2394 2823 1553 4051 5915 10720 3140 4075 3111 2901 5170 9013 71 9368 5724 11188 4194 11209 11374 261 6174 3251 6554 4772 3959 4378 3189 886 3512 8075 3679 4571 5692 4829 7898 7753 5642 8798 6315 7239 4382 2712 5952 6259 8665 10808 9418 8540 7362 9179 8996 9676 9233 7479 5957 3614 5756 10003 10810 7563 10658 440 11393 3760 7550 9610 10176 380 9868 10954 9875 11506 10206 2743 3829 5890 10483 10958 10491 9029 11036 2253 10963
2395 2336 8623 4358 11003 181 1670 10970 2553 7190 2438 11274 4858 7546 6529
2396 636 687 1035 33 363 2765 2046 10653 2005 2516 3603 3041 8283 287 290 11423 10367 5825 10382 5048 546 1521
2397 2707 9457 9848 8937 8834 9990 9946 10407
2398 6173 5880 7818 3871 5492 7981 5753
2399 9017 691 1286 1740 1396 1258 809 1683 2654 2751 3669 4347
2400 5644 9829 7600 6070 6767 8696 7781 10996
2401 7759 9446 5319 38 8389 10788
2402 8544 6595 6509 5640 8915 8404 11624
2403 5171 10749 10213 10619 9350 11542 11246 7967
2404 5921 4829 11184 237 10196
2405 9069 2787 4265 5236 8055 4974 5650 7933
2406 5164 2478 3525 6535 9645 5535 6962 5419 6322 7489 5925 5751 6451 5762 5759 3002 5501 10871 6822 9590 7284 51
2407 5228 8196 6391 10927 5477 10751 5320 5665 163 1832 10880 4457 8625 9402 6194 10651 56 46 10390 6131 10877 2716 3232 2292 6971 8441 8444 10097 10821 6932 6197 5378 8376 11453 10596 8278 7550 8731 7460 9673 10115 3951 9777 4172
2408 2538 2854 2274 3833 6152
2409 8788 9804 9302 7731 2232 9633
2410 2315 4672 1995 9608 10687 5355 7633 11574 6862 4544 7384 6477 4316 6888 9743 2456 3975 3284
2411 2916 10733 4726 2745 3944 7231 400
2412 10593 9229 9221 8937 8620
2413 6616 6701 11025 4844 8115 4363
2414 5184 994 4066 4932 4004 3960 3409 5239 2670 1057 6154 7335 7248 6427 4687 299 10961 6829 7671 8149 8209 952 9812 8674 10213 7593
2415 5168 5581 7856 2377 8345 7926 10765 9988
2416 5546 8549 4829 11559 10659 11560
2417 9841 5727 5959 5402 5824 2792 3490
2418 7236 4796 3789 3150 4097 2823 7236 7944 3961 6008 4542 6247 8523 5702 10761
2419 4054 3465 9074 10495 9224
2420 11164 7008 2664 9358 2698 3150 7034 181 446 3697 3381 6865 5123 5132 4440 4579 10503 4030 10904 5034 10808 5683 7576 6423 6422 8514 7793 10783 8453 602 9427 9785
2421 4383 1553 1722 408 1233 3234 832 7112 2274
2422 5862 5193 5642 4330 6204 7587 6657 6547 928 2817 5779 4814
2423 1481 7319 11074 10556 11298 355 2864 1621 2356 4403 2295 5636
2424 10541 3574 2650 3444 4639
2425 4628 2299 3386 3697 417 9067 5174 4353 11538 3594 2289 6729
2426 10937 8055 5789 9530 10136 161 7144 883 10667
2427 5398 8834 8181 7716 4756
2428 548 838 907 568 2051 1226 1336 1270 714 184 1459 134 1635 9017 1888 4863 1589 3635 2546 8590 8281
2429 2970 1921 6463 3161 8251
2430 5761 4004 6733 10880 9627
2431 3424 430 8022 5154 4546
2432 7405 6217 6204 6269 10653 7501 7262 367 7133 11186 7158 9498 8574 7085 5749 7303 9031 2167 8269 10003 7383 9842 7841 2191 11451 9600 10107 11604
2433 5226 5126 6735 4904 239 1321 3443 7212 5862 7663 9608 129 6455
2434 390 3442 7377 39 6996 8059 647 8768 8883 5298
2435 10297 5347 4164 5757 6038 4749 4868 4316 5165 7462 10482 6815 6759 10561
2436 6766 3871 6789 541 2643 11068 11251 4890 4884 6941 26 5880 9644 1712 7657 3570 7892 8248 7265 11300 8361 11385 5773 9455 9257 10452 3215 9782 11207 10798 8076 8775 10365
2437 8338 9943 5931 3715 2335 9136
2438 197 1278 5354 395 8491
2439 3785 7217 10069 7978 9157 8289 8614
2440 2889 10422 5682 4721 675
2441 10519 1192 1065 212 1539 920 4968 378 892 1108 6654 427 2781 11557 1560 160 1587 2865 629 1627 1884 2043 3437 1939 4332 2485 9931 924 6332 2931
2442 6525 4938 7917 7201 9644 5757 6789 6159 3215 5187 4749 2308 5643 11007 5426 6089 6321 11348 3501 7438 6448 11577 9338 9932 8074 8573 9457 10762 10459 9523 9810 10510 10415 10277 7391 10342 8072 10345 10529
2443 6126 6907 6622 5202 2985 8180 9357 8514 7899 9582 9254 779 10779 10072 9549 7812 10897 11199 11455 8857 10722 9802 4701 11568 10722 9196 10616 8569 9938 11466 10262 10408 10705
2444 4245 172 5973 10410 2900 8709
2445 6017 4254 814 9391 9349 8363 11595 8507 9094 9214 7841 10762 10342
2446 1813 7663 2397 7290 7698 11435 2973 9671 1857 11226 2546 6766 2396 9941 6801 3625 10832 4582 11626 340 4047
2447 6232 9743 8036 8823 9046 3653 11053
2448 1401 7096 5579 3290 5659 2057 903 7217
2449 5332 191 6459 9886 8583 8805
2450 6399 3782 7169 5734 10900 8081 9616 9812 8968 8905 10645 9678 7894 9158 9608 11362 9868 9822 2622 9309 6523 10563 10504
2451 5200 6455 10590 2798 10096 9938
2452 1076 1244 549 1623 828 5282 1410 9104 4216 2706 350 1405 7778 1342 10686 3042 3276 5862 11206 242 8430 5580 10845 2355 11550 5687 7613
2453 11115 8022 2186 4045 1203 2531 3511 2382 2842 2034 8680 8955
2454 4252 9962 11605 9186 5078 380
2455 5769 6749 8973 6746 11035 5323 546 10555 8964 9763 8249 9597 9964 9733 9123 9161 10780 9696 5795 11545 1709 10175 375
2456 1557 665 2235 2268 4997 11349 7738 8371 2648 2247 10250 8473 7322
2457 513 4154 11008 6672 7056 6575 6435 9540 7503 8952 6421
2458 11227 5844 8430 5461 10643 9739 10511
2459 2086 2203 846 2852 11233 2606 3094 6218 4229 2491 2050 5542 3789 10389 10956 10831 7521 11423 3209 7885 6869 7780 10544
2460 3467 5721 10004 10842 1658
2461 6368 953 7529 10001 7930 9137 8404 8928
2462 6710 4118 5549 7771 4922 5726
2463 1326 10192 2956 9608 7522 4163 10276 7508 5980 7447 11437 9571 2563 7954 11320
2464 7629 5234 2851 6386 7293 8847 8464 9589 10824 7094 10646
2465 5776 7470 6801 6269 10095 6380
2466 5637 7355 370 9466 10678 9719 7014
2467 2448 4378 5148 10165 8027 8696 9902 9706
2468 5541 1616 8807 8860 4498 1749 3345 3008 4993 4718
2469 789 11597 857 3418 4167 3113 295 6043 6041 4219
2470 214 143 5292 6597 11428 10295 8278 9432 6498 10829
2471 9 9 9 9 9
2472 11227 5247 5420 7531 675 7108 10637 11493 6368 10696 9267 11297 9216 3844 6303 10107 8507 9675
2473 272 272 2549 3261 11420 7576 787 2492 3449 9145 357 71 181 9719 5745 1823 1109 4046 3758 8704 10286 11586
2474 5515 4890 1305 10051 8310 7514 11014 10281 8886 8481 3391
2475 5922 4714 5035 3859 6636 6182 10866 5544 8762 5354 7534 5809 4614 7182 8577 8063 10569 9694 6145 2926 11184 9744 8900 10241 8057 9454 11104 10440 10697
2476 5020 5282 9551 923 2877 3065 4239 2221 2252 7034 2124 4549 8119
2477 6577 9599 4086 10937 9122 10926 4855
2478 7212 2277 8427 1866 10716
2479 10808 1170 4759 6233 2404 8497 8286 10595 545
2480 3384 3018 4993 4533 201 2257 6084 4872 3441 3193 3885 8077 1415 7380 4832 10241
2481 7560 6842 2634 710 9338 9391 5457 8170 9648 6405 11146 10538 11621 10568
2482 1657 3230 7657 7138 6217 1167 10711 5664 7251 4938 5458 7963 4566 8407
2483 7250 1430 2346 770 2228 3236 10577 2520 7100 3131 1532 10791 7212
2484 2611 6726 4190 342 10572
2485 1964 11076 3245 2244 267
2486 5635 3405 5631 10397 6141 1045 7120 6511 7249 1308 8198 9753 7020 9216 9782 10955
2487 6441 3178 2855 7558 8361 4458 4567 7284 5316 9475
2488 5989 5182 6846 3017 4622 6822
2489 1401 7406 3138 3955 5053 8771 2432 5744 10038 9825
2490 246 227 1758 9486 2796 5705 10389 7313 8040 11552 9704
2491 8508 6427 2785 6572 5346 6107 3960 37 8909 130 5926 6804 11515 10682 10668 10475 9658
2492 11330 5914 4005 8932 7271 8872
2493 5113 2560 2275 5802 163 10286 9343 11118 9460
2494 9681 967 3789 966 1479 990 755 1273 714 921 548 4148 1248 180 10004 2246
2495 6608 1568 8312 8186 10725 6580 10049 5165 1155 6753 1320 9355 9976
2496 1093 10971 1279 6579 5324 8684 6510 7003 5556 9628
2497 5833 236 1367 7140 8100 5885 9401
2498 10586 1191 1388 6345 1263 3523 257 11147 8272
2499 1792 10339 1159 898 781 11072 8075 1242 2486 4387 2921 2218 1773 1772 2768 8909 3863 2937 10883 4936 6568 4138 7072 8430 5934 7486 11392 9030 10389
2500 7799 8001 5426 4350 2733 7822 6354 5924 2569 5023 10886 3826 7686 11162 4280
2501 5127 7235 4057 5689 8544 11468 91 6368 3791
2502 850 750 444 1481 2543 534 2433 992 1038 2145 5166
2503 1608 4888 10005 8524 5468 9639 11240
2504 8342 7682 10553 7420 1142
2505 1256 1625 6261 3865 4498 4868 9069 11157 5965
2506 1208 1210 9056 1566 11488 9925 5311 2740 430 3075 6212 4806 7227
2507 5031 6140 6418 6596 6089 8361 4829 7489 9338 4619 11577 4021 6206 10883 11247 7605 6157 10605 10808 10216 10684 9136 3334 9521 9791 10332 9639 8328 9523 11300 8768 8332 7370 10477 9324 8289 10574 10831 11084 8656 9157 8817 11477 6498 9496 8887 11393 11006 10872 7557
2508 853 1314 1578 1089 844
2509 2282 107 5602 10977 7800 7863 8751 6529 9267 9294 9273 5654 5652 11074 9183 8975 11460 10897 5653 10529 9548 10897 10942 348
2510 6789 11582 10141 10696 10277
2511 3162 7446 9151 6575 4638 7618 1368 6694 7132 8391 8115 5335 7525 5536 6495 9009 7633 6142 8527 5520 429 10532 7087 8140 11184 8177 5438 8243 6239 10643 8762 10780 6900 8285
2512 2317 10889 3947 3593 9865
2513 4339 6575 9818 11008 6303 5511 4449 11450 4312 1246 7511 2513 2799 5431 11624 9645 6807 11270 6421 8547 9360 10937 2933 4667 8992 3672 9954 8056 7069 9744 8894 10227 7569 11258 10315 10251 4363 5101 9066 7014 976 8417 3177 5033 7566 4637 3334 9901 10387 10940 11078 9029
2514 2753 8100 4704 2384 7704
2515 4299 224 11524 4712 8197 2785 6572 6352 4066 7009 9200 5051 11209 5289 4778 7962 3463
2516 3587 6147 4599 6408 10409 6478
2517 6505 6725 6269 7489 4655 7633 9939 6748 11207 8313 3663 6242 6363 10159 7222
2518 3687 8077 4759 7342 6849 6233 6868 10379 6932 10831 5801 10254 10282 3316 9974 3523 10396 10680 10861 10557 10405
2519 2984 1890 1504 1827 3871 4395 2643 8160 5176 6788 9943 10777 10277 11013 8799 4301 9214 9927 10777 10572 7017
2520 10776 599 578 8788 11208 2622 10697 11603
2521 4156 5862 2870 3033 6771 10180 3965 4138 8359 3585 8207 4750 10334 9439 6638 11499 8059 5407 9708 10785 10719 9965
2522 6477 10982 4980 2035 8162
2523 549 10268 721 8910 6477
2524 6219 9991 3726 4334 2501 8264 4102 7583 4764 3165 2943 4716 4122 5499 2817 3301 8314 3090 4853 10879 7074 5363 5479 4419 8503 6762 8172 7149 5532 3509 6481 8867 5255 6074 10855 7049 8456 10959 452 6675 7662 6305 9335 11577 6899 8915 8435 6162 9031 3663 10404 10222 7826 7185 10724 9987 10443 9037 9323 10319 9158 10240
2525 3634 3669 4097 71 1999 3937 3155 7139 9195 170 9162 11501 10160 6033 7106 10781 8529 10179 10071 6853
2526 11450 6389 5132 11339 4606 8230 7657 6232 8538 6058 7455 4390 7796 8779 6497 5375 4705 10077 7612 10866 7134 10415 8847 511 7987 7339 7444 11389 509 7982 7929 7927 11258 10510 9425 10415 10451 9894 10897 9166 1056 11431 10310 8612 11038 10240 7643 587 9071 1594 9522 10829 10755 6523 10931 10145 10899 10330 9764 11344
2527 11147 2567 11246 1883 2923 4498 9050
2528 11197 8681 5235 4917 8284 8773
2529 8778 2282 2396 7366 5074
2530 513 6891 4344 7269 7795
2531 4830 6035 5814 3127 3101 4680 531 2634 10687 1797 5606 9410 5129 101 1241 9239
2532 2970 3996 7865 8309 11515
2533 11547 3516 5260 2435 4090 3649 853 5326 7962 3523 3653 9572 10756
2534 6522 2114 5650 10639 8787
2535 4868 7716 4345 6148 5544 1746 4566 5000 10834 5464 9489 10761 2404 10416 11460 8251 8654 10955 375
2536 60 6408 9077 7601 6636 7208 7006 8107 8687 8848 7477 2227 9266 10942 11441 9658 5831
2537 7513 7067 9009 9845 5666 10058 10058 10415 8472 5605 11130 3644 9307 10451 10449 4010 4277 8905 8093 9120
2538 2619 7976 662 4319 6329 4368 6729 3608 1124
2539 6269 5983 6062 6997 3589 4844 7141 8605 1986 6749 6884 5858 10044 940 10097 7814 7739 10005 9003 8513
2540 8574 9372 9848 11325 9964 10587
2541 6256 3979 3683 10037 1568 386 7877
2542 7373 1227 744 3324 11480 2290 1961 9398 1716 1844 9681 1328 5337 1844 1544 9551 2965 6540 4645 7009 1604 9195 9343 1211
2543 6306 5183 5776 9319 11537
2544 1504 6067 6824 5682 8402
2545 10893 9406 8850 8175 11015
2546 1767 7470 11278 2128 464 7489 5021 10769
2547 3737 1370 9744 10731 9224
2548 7710 9412 8661 4490 8809 8950 30 11333 9848
2549 10906 10347 10823 10771 9709
2550 3313 74 2227 8993 210
2551 2911 2276 3973 10841 1559 11420 2838 8667 2530 10911 10692 4476 279 5530 9645 10808 7501 3267
2552 11194 7624 7056 6535 5230 3828 6942 5609 7584 9460 9047 3104 6239 141 10857 9415
2553 2611 10383 10644 11505 11308 9955
2554 11492 7452 10920 6933 8872 10316 9674
2555 3054 3211 535 2375 8812 8546 11467 4 3941 4768 3781 10152 3470 928 1275 4492 3348 1092 2913 5133 5137 3098 737 6056 7621 6137 4863 8338 7073 3219 3329 2498 4075 6762 8281 10133 2365 7478 265 10047 8295 8833 3021 5200 3813 1947 9550 8625 5632 4715 10571 10997 10152 11053 10256 10597
2556 8631 857 2110 362 1030 816 6264 6358 1613 1567 11507 1656 1440 2355 1493 1282 2680 3771 7096 2548
2557 7002 810 6309 9561 3068 10926 11370
2558 9402 4450 6378 3962 8909 2450 5069 401 5089 11155
2559 2658 2050 8010 4007 5841 9841 2205 3652 3379 5047 10576 735 3446 1895 6723 4361 8629 10454 8847 7492
2560 6641 5189 7092 7706 4316 10199
2561 1051 10674 576 1467 1027 864 10165 7439 10604 10577 120 8119
2562 3330 7700 213 1050 3556 6104 8078
2563 4167 10263 6212 11611 4908 4443 5307 7277 5680 11287 5491 4963 5870 8209 11559 8339 8221 7719 8284
2564 5236 11352 6087 10087 7657 814 7300 6711 7438 5333 6148 9410 9472 6354 8482 9669 10379
2565 7170 2439 4893 4752 3742 2423 11527 11535 6918 11029 2070 11330 7120 11227 4951
2566 445 3276 1736 8005 5486
2567 4323 5699 10844 5985 5726 6514 7447 6715 1170 8018 8642 10744
2568 2657 6226 5195 5508 6001 5787 20 6898 7269 7905 5464 7238 10753 6528 9384 2701 10451 2563 5107 10247 9301 7844 7139
2569 761 6303 896 2755 11021 7726 5714 8706 8490 9727 9566 2191
2570 1744 5413 11345 11354 3484 5377 4582 10245 4549 4753 9961 4264 6138 9818 9818 9841 3981 5474 7384 5243 3233 6137 4965 8501 4355 6074 5559 5565 5882 4766 4210 4211 6020 6652 7684 9204
2571 8077 9150 7505 8020 8029
2572 1370 1240 7538 11055 2394 7938 8683 8772 8924 4898 7728 9986 8441 9054 7363 11296 10567
2573 8479 8427 8427 7081 4672 5947 4917 4721 4835 1091 5424 3860 1608 4447 11018 7199 8841 2822 9694 8849 8847 8577 9392
2574 1283 8972 4509 9960 1161 4126 4392 9480 4804 5269 6870 5199 10490 7583 2879 1271 5848 6111 7398 6743 6733 7447 11136 4159 6184 1736 3280 5634 4618 2193 5507 6909 6267 8345 8220 8154 11288 6968 4718 7848 7441 9115 7260 11292 1942 5719 11292 9390 9552 8057 11046 9356 7894 6948 8489 8713 11558 2238 1759 8285 9325 9894 4747 6691 10717 11017 10717 9519 7927 11043 9674 7628 8715 8608 8819 9852 8276 11620 10062 11111 11540 405
2575 493 946 1110 11105 6261 4762 1835 9099 3151 10808 10159 11595 10678 7984 8766 7143 6546 11613
2576 6478 6835 5055 9570 399
2577 6836 2439 9426 3236 700 9006 928 810 655 5992 3313 252 7405 3558 7458 2216 4979 213 8381 339 10251
2578 1937 725 4275 10916 11044 2836 5221 3955 4367 6125
2579 6641 8340 6869 9334 3272 8021
2580 1529 1225 1663 1537 920 708 3754
2581 10399 3183 3437 2067 3911 4117 6067 40 7259 10857
2582 3168 2480 442 4383 4275 11091 10541 2138 3105 6149 5481 10916 64 4966 8812 2598 4100 4044 2093 7426 9059 11018 2728 2589 7212 11274 9818 4088 4921 3219 3198
2583 1182 11328 6477 3952 7038 5648 213 11102 10332
2584 2939 6345 2156 2245 2958
2585 7604 7469 7454 9267 161 11171 601 8037 10212 11266
2586 722 11141 1809 650 4045 6212 3466 5467 4364 3033 4453 4580 9818 9818 7520 3151 3153 7785 10808 4948 11292 11292
2587 4117 735 10612 6261 1061 7359 6214 6334 3021 6468 11009 5814
2588 1151 1150 789 2673 3379 770 3422 3699 2904 152 8813 3637 2607 11191 4591 70
2589 11481 5956 7567 10639 7657 8115 3145 7169 9330 6541 10546 7117 4654 8282 9864
2590 8103 1475 6667 5282 5282 297
2591 897 891 1358 10469 194 10809 320
2592 7449 8747 3896 6260 9635
2593 10640 3352 3769 7237 5194 11531 5350 9660 6832 3495 10633 7188 10054 5918 8963
2594 7740 8022 1203 3928 7480
2595 6154 5741 2478 6596 6386 11586 4566 11623 8995
2596 2405 5006 4866 2053 9472 4642 7621 9013 2718 5233 4473 10831 10831 5220 10831 3189 7303 6935
2597 7289 1951 8243 11129 9074 10049 3561 10829
2598 4275 2766 7100 4548 6913 4275
2599 7335 1219 6477 11239 7218 8788 9108 7829 11102 10001 9189 15
2600 1292 1291 53 969 750 1499 33 9109 568 1653 1421 1960 1178 888 4257 7723 8680 2247 9669
2601 1585 4859 928 4613 3352 1936 4450 2897 10301 2699 5699 11587 9044 11437 4487 4622 7676 8450 9217
2602 9818 4902 4019 7452 4707 9806
2603 880 1009 232 1136 2108 1351 965 134 1510 11447 1084 5667 2181 3789 2721 10745 3081 3428 10560 2630 10801 2463 2287 4921 2141 3205 2502 10946 1212 6087 5592 4749 5047 4759 6661 10611 613 4889 6585 6220 8237 8223 127 9823 7012 7673 7344 8539 6592 9308 10379 6529 400 8970 8332 6575 7813 9669 9255 9508 10623 250
2604 3962 7621 5222 8196 7738 7045 8430 3808 10927 5630 6075 6595 10687 6778 9448 4653 4114 2377 452 7592 5254 8444 5714 7124 8756 9343 11632 8219 10185 8771 9154 8349 7010 10781
2605 10235 4402 5112 5528 5262 1050 133 4969 7888 10503 3280 1733 9201 5098
2606 2694 6149 4089 43 11000 11638 5922 3981 4000 6725 6990
2607 9941 3992 6212 10995 6720
2608 7935 9692 10909 4548 6176 4122 1267 6045 10191 143 6016 9190 8199 9040
2609 10682 10499 9725 3037 11409 10762 8988 10145 9753 11219
2610 4765 3882 7052 11136 10133 3104 7175 9182 596
2611 6851 6397 11077 2335 7618 6898 3750
2612 627 5282 5282 10969 4053 5641 7276
2613 2718 2327 5356 3468 1712 743 6541 9494 9200 5909 5906 1791 20 7000 2510 11021 4814 9412 9050 9604 10984 7181
2614 6174 9403 7971 7973 10065 9423 10050 10654 10652
2615 335 10025 3464 5774 10502 3095 8788
2616 7965 10533 13 8007 1712 3618 9466 5982 3517 6279 7745 7463 5519
2617 3772 10669 10180 4774 6572 2785 2291 4055 7446 5625 2177 11604 440 5543
2618 1495 3141 7073 10402 2608 2934 3762
2619 522 5247 8054 7300 5946 7840 7282 3461 7417 8391 1368 3836 3833 8354 7124 7777 6028 10425 1123 9132 11579 8868 10047 10346 10249 11265 2270
2620 6339 2208 11639 1688 508 1704 8503 10717
2621 8798 9410 5251 8747 6301 4731 8310 6320 7309 1189 10866 5385 5780 7269 9234 10166 9027 9436
2622 3181 2771 1800 11019 4314 3219 2057 8573 2326 6650 2530 5242 7100 4516 2784 5866 10263 9841 5241 9721 4667 10343 5009 5978 4776 3620 2277 6333 10915 1607 2277 10192 2277 2277 5557 2277 3868 2885 11492 7160 10920 10920 7824 7824 2277 2277 7681 829 2443 11586 7066 8218 7553 10110 8994 7611 8263 11140 7518 9370
2623 3796 11028 3995 8526 2194 4318 1977
2624 10119 9614 9914 8958 11462 10206 10225 5859
2625 6552 2920 5320 133 2794 5950 4503 4566 10605 10389 270 8085 8588 9499 6662 8789 8638 8793 4342 8796 7717 5798 9046 8534 4967 8823 8961 8885 10652 5708 9189 9994 10082 4751 10188 8260 9672 9691 9930 10602 10648 10094 8158
2626 2638 3858 2436 2508 9611 1963 2176 2169 1360 2048 2080 6374 430 8812 3154 2802 1553 11394 11301 4857 10786 2387 9841 9504 2286 1125 4348 10498 3483
2627 6443 4087 4685 6391 3017 4174 6471 8898 3836 11034 10605 6011 5218 5819 4800 8313 397 10309 10379 10379 9096
2628 5462 1271 6506 7055 7300 4969 10611 7090 4889 4719 6081 3680 8527 8556 4213 1942 7475 6615 7260 9167 8668 8236 11047 8920 8458 8239 10589 4277 1593 8727 1319 10664 9373 8461 8460 5981 7934 10897 11043 10091 8969 223
2629 8048 3814 10908 6376 4048 7431 6894 4780 6373 5676 3873 6582 5231 5144 5158 10490 9414 6034 7515 5200 928 4854 9581 6620 9363 1769 6624 6214 3107 3396 231 6243 2518 6954 7261 8181 11578 10374 7478 3741 5802 7786 3313 3580 9450 3543 5592 1704 8361 7927
2630 7752 10060 4490 605 7957 11032 1521 9253
2631 2334 1628 4516 3795 3769 3476 4613
2632 1040 9941 2097 2233 7146 2283 2868 11301
2633 6113 1067 2290 10339 4552 892 466 703 759 1115 8393 2493 772 8478 3784 6261 11488 5168 2609 3949 10248 9775 5071
2634 10556 2169 3622 811 1576 2811 3075 2792 8863 787 3393 9160 7335 7205
2635 2086 2217 1466 2241 679 4206 1724 4168 10739 6800
2636 3298 10134 6941 4326 2891 6110
2637 6373 5594 613 6729 6141 8574 6087 3653
2638 1317 11217 1172 1338 1548 11242 383 6886 2182 11011 3377 7037 6740 2656 10246 724 996 505 770 5026 1719 61 1360 860 11185 5271 11290 9104 2494 3148 1141 2886 2253 2520 3603 6836 4694 1553 2856 5173 11617 3148 4876 11598 1660 1326 4542 4439 3121 3046 2008 5402 3225 5224 2486 4927 6567 4176 5860 24 6077 7966 10669 11287 4374 7482 8114 7382
2639 4113 4994 10548 8303 10424 5605
2640 10399 8812 6752 1980 3249 2354 2661 2662 5746 5659 3882 4236 1271 4682 403 1153
2641 4282 7497 9479 2082 429 10569 8668 9537 9842
2642 1718 7783 9571 9268 11567 7257 9998
2643 8074 10286 9641 9039 9983 8468 9669
2644 6492 7330 4505 5559 4612
2645 5020 2302 10929 9464 10010 11284 4997 1389 1859 11636 173 6616
2646 528 4660 10533 10916 5842 6111 6337 6610 449 5112 1462 1704 10919 3578 9260 1783 7199 5064
2647 1732 1834 4635 6231 10857
2648 11179 5391 11059 4569 10618
2649 6966 7199 10953 10234 10619
2650 9611 2237 2111 2370 2737 797 1335 2802 1496 1677 7740 3171 205 17 6168 2125 7452 7076 5159 10216 514 5105 10776 7831 10307
2651 4050 5183 5662 4523 11251 284 10927 4868 5607 6906 7773 6465 7151 7796 6186 7415 11126 9003 10295 9117 11570 10477 10687 9257 10666 10078 8543 10440
2652 6685 11607 9437 114 8872 7645 9211 11432 7841
2653 6488 8055 11640 5138 8608 8668 9731 5060 11039 8126 7022 7598 8991 8925 10203
2654 7378 7627 7012 7134 9269
2655 1652 8196 5567 7988 4060 6037 10848 6612 6673 8551
2656 458 2639 2093 3636 4044 8406 1771
2657 10994 7783 6142 10643 11559 7489 5963 7095 4490 8835 9630 11102 10893
2658 304 529 9941 9205 9853 5166 6844 9960 6685 6287 5918 10290 10788 584 592 7730 8375 10506
2659 1207 2566 1683 1972 3044 2287 698 2621 10314
2660 2586 1496 2134 175 3605 3577 5237 8059 1747 3903 3800 7917 7452 4089 5369 912 3574 913
2661 11435 3780 1807 7608 2583 2436 2863 2992 6836 2108 6836 650 6836 2863 2761 10740 384 5290 1677 29 2908 3246 2800 911 5721 2492 3513 882 4238 1239 1330 3990 3982 3936 1670 4128 3521 8161 11349 11110 3404 4471 4 4638 2298 2204 2595 62 4195 7722 2498 5733 4697 5232 10106 3364 113 9832 451 5623 1275 11181 9382 5462 6526 11339 5935 8403 8056 5844 6028 9301 9877 3614 8261 7556 8894
2662 4588 7785 1966 2380 7846 9990 8886
2663 6373 4678 1252 5834 4230 2779 4251 6488 4211 5503 5211 4766 8106 9523 8760
2664 1776 177 2282 7292 5922 6952 10002 8289 1981 11034 11034 3626 11118
2665 2878 4027 5992 244 7859 58 10405 7877
2666 3301 4783 4678 4527 7093 6095 7033 7375 10433 5312 11546 11625 8918 6730 6765 5327 10803
2667 6277 10134 3558 7570 5039 11562
2668 983 3359 3627 2495 850 10336 2842 4652 1585 5824 9480 2306 5740 10533 7186
2669 1213 3989 2354 8800 11140 3424 191 3563 5248 2317 667 2200 2521 7034 3449 216 2565 10152 1323 2129 4319 2509 2601 5034 4634 7890 7667 8537 11047 10561 8171 5092 9934
2670 3007 1206 1097 907 723 1223 6132 2515 3025 11093 1562 4317 4383 11046 6650 3090 2597 526 2842 3485 4863 2000 2669 9721 4143 445 4439 5205 3071 6164 4645 5684 9687 8001 8877 3110 8425 6163 7770 7719 9422 8449 10109
2671 7105 4706 7175 8235 9458 6972 5655 5097 9257 11528 10030 10717
2672 5741 5017 6715 7048 4553 7409
2673 4072 3167 1608 3320 2904 1765 11401 5818 3769 4456 6140 9617 6341 5409 4749 5522 5403 7799 9497 6309 7403 3335 5532 7370 5630 8099 9242 8684 10977 9418 7133 4272 10439 584 580 7550 11100 11585 9529
2674 1822 2800 1823 11522 6255 4480 3507 1749 10801 5632 11432
2675 6732 7955 11338 3212 7761
2676 9790 3693 2654 2045 6014 54 4942
2677 6788 10808 4931 7251 7799 1712 6073 5971 5602 11041
2678 3986 4357 7205 7085 7443 4098 9613 7557
2679 6346 1252 2034 6086 9297 9706 3196 9373
2680 11522 3429 4804 7299 7299
2681 11021 5039 7851 3871 4129 6203 10744 38 9426 9599 7754 8728 9915 8012 3690 8191 11015 10230 9839
2682 7976 4901 9469 6819 9077 10544
2683 4965 5146 3908 4280 266 1882
2684 981 1716 629 45 1099 2346 1844 5282 1336 1580 691 921 1102 11011 1514 383 961 4413 1547 1848 4047 190 1735 4057 1866 4516 4623 6074 7976 9811 7732
2685 5315 8785 9666 453 9911 9592 10719 9965
2686 4726 7604 6671 7525 9195 7425 9046 7817 11282 9927 3653
2687 4533 5148 6041 9900 11380 5963 6119 7433 7393 8358 3110
2688 5003 6883 4521 7665 4575 4530 6822 5868 10569 6926 7249 11471 8332 10342 10510
2689 8205 7944 3688 75 1771 1093 8409 5673 3439 5794 11634 4791 7115 6550 9692 3640 3111 7848 11181 6515 3136 7248 3811 6203 4375 5044 7411 4548
2690 1548 1382 486 1671 2175 2935 2739 2969 5042 3136 11131 5138 8920 10069
2691 3203 3105 8800 1446 8059 2387 3693 4167 9977 11502 2778
2692 11596 4204 11076 4239 3424
2693 2468 5841 7687 11609 64 10026 1912
2694 11357 2804 1599 11070 7370 2900 2282 11115 11046 1199 5723 1198 6568 2051 4311 4907 10956 3832 1271
2695 547 2264 841 2873 3433 10918 10916 1234 868 4281 2387 2371 986 4562 3664 1995 3554 11206 2618 6630 4850 2565 2486 3521 3552 3522 6296 11382 3970 10622 10042 9241 5849 5474 2972 4074 1281 7190 6059 2595 10152 4180 5632 7776 8972 3241 9814 4125 4940 11183 5123 1167 2866 7965 11134 2251 4889 4920 1091 10326 2101 10155 6077 4974 8538 6558 3884 7584 5354 8926 8004 10863 7021 6878 8746
2696 1140 4932 5589 4778 6286 10924
2697 4245 4287 3742 7169 10538 4567 6679
2698 10069 10778 9632 2268 5827 4180 10777 4918 8019
2699 4170 4295 2541 4574 2792 4926 8314 4712 3597 3405 3280 7596 5888 7504 6203 4507 8635 7309 7659 9016 10157 9127 9334 591 10140 9225 976 11029 7374 6677 8816
2700 5259 6909 5258 5533 6681 7309 48 7936 8956 4757 4813 8243 8713 10164 9742 8819 5981 9862 9260 8991 10609 7938 10394
2701 10644 10374 4129 6506 6689 11476 7494
2702 1399 7897 9586 7224 8308 4673 1054 3885 1631 7044 8956 7677 8335 7126 7226 7972 9500 3410 9904 10942 10060 10482 4010 8927 10619 11112
2703 275 8331 6345 666 135 324 1954 1948 2795 521 963 2326 6052 10644 6746 7370
2704 9812 11039 9594 10085 5177 8079
2705 2921 1814 3208 1935 2391 4450 4051 5912 8179 8159
2706 4320 9190 8774 11358 10797 9902 582 8583 8325 9998 10171 9935
2707 929 699 1475 1500 754 1412 3222 10946 4053 9338 10261 10087 7621 2705 4415 162 8891
2708 2014 486 2147 10484 2401 11516 3535 830 8541 1483 3310 993 957 4568 10184 7299 1240 402 7208 9676 8445 2270
2709 2203 2531 3167 2509 4463 3260 6168 3853 3491 6212 6752 654
2710 756 687 8223 724 23
2711 5361 4478 7031 5537 3619 7828 7461 7858 5835 8383 7792 4210 10553 7671 9949 9743 10905 8847 7021
2712 11450 9879 9569 8040 9926 11083 10950
2713 6639 5931 7262 5668 5298 9305 9314 9880 9934 9610 7730 10907 10113
2714 5931 7054 3955 5946 2335 4907 6978 6096 7334 9397 9744
2715 2088 2925 10341 11195 2450 656 10831 8462 2486 10743 6152
2716 8788 6972 2404 4551 11567
2717 1427 3774 1529 320 2575 2599 3734
2718 7772 8026 4622 7897 9591 4242 7537 11543 6268 9240 9620 7305 10579 11073 10610 1596
2719 10857 1950 6126 10584 9127 8928 10697
2720 8103 4735 3055 3393 2801 5964
2721 11059 4569 4495 7453 6370 5048 10095 10866 10454 8199 10060
2722 1716 1228 1493 1842 4117
2723 7938 9937 10884 10627 6310 10550
2724 2272 4448 2439 9200 6913 5246 6658 848 748 9640 4607 9526 653 11271
2725 228 2018 537 10224 2399 2399 1298 2255 845 1393 1420 2816 558 3480 773 2086 2068 5277 285 3442 3442 9099 3642 9676 10819 4047 4921 4238 4255 3712 3375 3790 3565 1463 3559 3098 4469 6212 3479 4437 7874 5588 8907
2726 1150 1151 7485 2836 2294 2954
2727 756 5872 11295 8187 170 11336 9101 10315
2728 8736 11119 11501 8973 9639 11207 11359 8835 11207 10793 8764 10730
2729 4773 7962 6451 4029 9753 502 11621 10550
2730 8625 5278 7487 4612 8652 7630 7012 8594 10508 6193 7853 6231 9204 8410 6239 114 11104 478 5911 569 7889 5795 10027 8796 7315 545 9032 9785 9711 9843 9797 11460 6197
2731 9107 1112 682 956 1291 3935 5031 3258 6522 1771
2732 6024 10184 3393 5542 8153
2733 10995 5694 3628 9879 7279 3657 5881 8430 2367
2734 4283 4868 6430 1279 5705 3782 8303 6866 9100 7085 9502
2735 4726 6576 5646 9515 5214 4724 9050 8371 10060 7336 10319
2736 7212 4974 8383 7885 7003
2737 5840 7452 6293 6182 8765 7489 7742 11159 11288 8526 6709 6162 9469 6663 5802 7661 1554 10350 8397 6262 6945 6528 7947 7920 10083 10142 9327 6948 9818 11212 5520 8516 9599 9789 10753 9700 835 10742 10702 10955 8491 7268 7910 9663 11104 8178 10699 10058 8668 5138
2738 7578 3527 7560 3939 10728 2340 11279 7531 7650 3644 11016
2739 6957 9151 6513 8303 6458 10389 5844 5942 8940 11221 9237 8570 7413 10793 10454 10582 10884 7179 11254 7407
2740 9156 6723 3619 2687 6363 5744 6230 8036 1631 10996 8370 6838 8960 1247 5443 3015 10074 84 10421 4742
2741 6082 7736 10003 9268 3528
2742 9527 6537 10311 5220 8572 6195 6294 6608 7708 8756
2743 8714 5500 11588 5424 8023
2744 10169 4381 11354 213 4073 10678 9513 10081
2745 3637 2379 10885 2397 2079 2356 4899 9418 5922 4367 9587
2746 1234 320 2141 1818 470 7177 8546 8546 8800 10565 7663 2755 2780 2944 4737 6212 3619 8462 4534 4534 1556 1765 4873 1161 5522 4547 9811 10270 9077 5622 3018 5993 8172 7259 9687 5129 7842 7546 4943 6343 653 11476 8017
2747 11354 886 10855 4606 11339 1470 4636 10866 4638 4431 7591 9460 10259
2748 5405 7058 5926 664 5875 8498 4971 7342 9627
2749 3689 7146 6092 9073 365 1177 8960 2276 9206
2750 7212 7663 740 4426 9729 6103 6516 7493 6184 8274 9727
2751 10399 3131 2155 3533 4279 6319 3918 6198 8205 4999 9756
2752 1219 5183 6327 7784 4287 1645 11440 11336 2733 10982 6463 4918 5142 2644 6472 6127 6507 10141 5201 10738 4736 7195 9781 10727 8106 8887 10140 3195 11336 10926 9639 10289
2753 2116 3926 5365 752 550 5505 2778 73 3030 10612 4849 5133 10866 5787 5137 11563 6407 4741
2754 2544 8377 6259 6665 8157 7949 7549 8952 8693 7143
2755 1531 4045 1203 6212 4658
2756 10453 2161 4318 4868 7180 6974
2757 4990 6003 2578 1979 5226 4284 5131 299 5482 4350 7520 4579 6532 3338 10620 10314 1521 605 11015 10060 9767 8861 4490
2758 6462 5915 3447 6975 9527 6391 7081 6674 2560 11103 3933 6737 7460 6904 7897 8736 7990 10696 9330 9108 8980 7862 6387 10295
2759 5089 317 9287 5654 5079 344 5102 9288 5096 5652 9293 5106 9301 5653 5080 311 9295 399 9280
2760 3505 3052 9260 3016 9466 4671 6839 7604 4803 8805 4073 10379 9255 10452 10572 10710 338
2761 10630 2643 4273 6182 11046 9506 7563 8583
2762 7349 3142 4912 3912 7259 7828 4532 6272 9379
2763 4536 5823 6829 6957 11619 5784 11190 7635
2764 7389 9772 5502 6582 4587 1654 4378 7727 4725 8085 5045 8170 10162 9734
2765 4917 6441 1431 8498 10077
2766 3704 5736 7258 4083 8292
2767 7349 7865 9645 4653 4117 457 9836
2768 7138 7681 191 9400 7729
2769 993 5723 7776 3348 2435 6117 5538 4153 3396 10659 4528
2770 3137 4117 10831 3937 9768 11068 5409 7532 5247 6492 7516 4743 11531 7821 7405 9379 8158 9309 11442 7832
2771 11400 6616 6329 7114 7320 6398 6027 10937 8520 8659 8113 5089 5080 4721 8668 7121 4757 10614
2772 5476 6570 7651 10503 7565 9590 11310 8519 369 9137 10650 10658 7649 9467 10627
2773 1839 1381 2729 1636 3080 457
2774 2778 17 10946 2615 6215
2775 896 4739 6407 5989 7356 7465 4145 4810 6001 7903 6846 11627 7027 4841 7115 3264 6784 4446 4171 7141 8128 365 7604 8182 8412 3837 7718 10397 6398 4844 4636 5116 4532 8427 5539 7035 5775 10880 8798 8226 10902 4894 2561 8845 10584 8092 10874 10157 10988 7266 5270 10737
2776 5044 177 8409 3984 718 5467 5346 6346 9357 8133 7689 9579
2777 4804 7619 4216 4319 3123 2841 10374 7383 10482 10411
2778 5617 7255 4975 1399 10805 8029
2779 6447 7261 11434 8760 9539
2780 5589 7427 3494 6287 1736 11119 1470 9838 10340 10454 7260 4377 6048 6691 8394 10545 9637 8423 9001 3624
2781 2654 10916 4045 10412 3711 10807 10709 4147 3150 10987 1858 2597 4737 3693 17 2351 811 4876 5745 1383 2209 7290 4218 4281 5626 11093 3085 4142 5126 3118 3962 3300 4573 3850 3574 2382 4907 5331 6572 11003 3489 4380 1309 2113 8264 5010 4443 1281 4220 8137 11121 1212 3731 7312 10714 4329 5387 3857 7135 6175 1865 532 2400 6216 6217 7141 5367 1034 6810 6006 3305 7980 8063 7627 6020 8842 3732 7731 10905 9744 11626 5657 9847 11060 9344 8975 10005 11359 10729 9003
2782 6425 3931 7274 5465 5990 8495 9499 8797 9842 8449 4842 8458 348 10080 8941
2783 1557 255 411 4325 11239 10503 5606 7453 10829 2008 3440 3284 10655 4133 1005 2294 10404 9400 5647
2784 9737 9867 2247 9561 3822 4559 10938 5177 11074
2785 2139 2144 8771 2856 2491 2491 382 2796 4173
2786 378 10232 8798 4412 10766 10570 5375 2799 11008 6497 10044 9139 6678 8968
2787 3000 10341 1383 377 3684 7221 2808 7652 9762 7648
2788 10908 4444 7687 1652 7738
2789 799 2022 6958 1904 1390 11135 4453 5207
2790 3923 4166 6839 8054 5892 10624
2791 4234 8181 10165 8157 10815 8473 11578 6239 10815 9753 10705 9084 10269 10364 11224 10697 11029 9978
2792 1313 1314 106 1059 2074 216
2793 11099 11450 6029 7359 2201 4097 6014 8664 5607 5737 919 6535 6332 5429 5786 11001 10994 11096 2809 11095 6429 5392 464 6372 5715 8798 645 7505 334 8193 10460 9011 8516 11161 7766 5729 9590 11104 7910 6086 8337 8707 10377 719 4559 11376 5327 6171 976 10615 11104 10131 9763 1852 4967 10856
2794 3641 351 632 8474 9720 11312
2795 7879 8436 9627 4801 9136 8871 9781 9961 10559
2796 11141 2093 7358 1735 1730 2586 3422 1748 2921 3061 3655 2669 8929 2291 5920 7036 5222 5368 6930 4270 7783 7267 6576 6167 9731 10266 5925 10258 5865 10897
2797 2316 1891 5639 8687 7857 10761 10663 10663 10193 10868 7018 8777 7094
2798 9811 5730 9318 1366 10374 4164 11225 4322 7523 7449 7886 6736
2799 3426 9563 2736 1534 9329 7830 4592 3638 3164 2972 9338 2486 6568 8462 2609 4821 4864 4082 3531 4940 4547 9576 5594 10133 5446 5897 6671 1777 3138 7873
2800 2564 11160 9402 5629 3858 3217 11315
2801 10266 7671 4138 8918 9567
2802 319 11068 2707 6681 9498 8683 10871 4117
2803 7864 2915 6873 3389 3109 5406 6604 6428 6012 1454 6037 7262 11119 4687 7626
2804 435 621 5309 574 493 626 8801 2765 9398 2136 717 792 781 2061 1337 6212 2495 3236 6296 8688 7359 5205 5444 4379 4645 1833
2805 7292 4623 4980 8427 6226 6690 10153 4725 673 2576 8686 8675 5079 191 4490 8650 9223
2806 1387 1511 505 2357 10577 11141 1773 1866 8277
2807 5661 6602 5089 317 9649
2808 52 8674 4482 8688 4370 8430 8678 8830
2809 11179 7212 2793 8122 6975 4874 6774 8279 10454 10825 10937
2810 2582 6034 6462 3947 11354 6015 5989 6535 3811 8308 8810 6672 8644 5514 6787 8635 8121 10495 10762 8746 8268 9557 9427
2811 1512 4397 7688 169 9842 6071
2812 867 1264 5053 8436 8596 7827 10937 11444
2813 1147 1052 572 1577 1928 1171 7485 1031 288 287 5448 10918 3122 8061 5701 5481 1571 8119 7913
2814 4025 957 4426 5989 8596
2815 4085 7312 3710 1267 8477 10097 9881
2816 11246 5670 1638 1997 11614 1572 467 649 2374 1509 529 1338 3249 2741 1708 4583 10530 2911 2969 3767 154 72 1459 2402 2332 187 61 3941 2532 1438 3729 3932 5262
2817 11486 1562 11327 1221 2152 4143 6590 6540 1604 6000
2818 4091 3666 948 3194 10004 4851 4852 2578 5121 132 7299 4029 7023 4127 9458
2819 3359 11114 7212 983 3678 3906 5387 5161 4416 10422 4897 7138 3278
2820 3064 936 11440 40 9101 8711 5495
2821 6785 10831 5489 362 10736 8650
2822 10503 9720 8284 9184 10831
2823 2397 10962 149 1910 3143 10807 1789 2755 859 2278 2593 5160
2824 7146 6896 8736 1124 8742
2825 9665 6395 7467 3175 8414 3539 8582 8598 9837 10421 8796 10665 11465 7808 11266 9578 223 8982 11244 10151 11316 5708 9654 10642 10396 10652 8875
2826 1276 4869 5540 9948 1486 2007 4568 5363
2827 4695 4 4168 4169 3026 2498 7734 6586 9874 8905 10966 9098
2828 9429 11543 6972 9521 8598
2829 4031 8630 3598 2858 6723 9657
2830 5930 3610 8211 11556 299 10833 5348 9068 9650
2831 4672 9830 2482 7229 8676 7902 8840 9834 10954 8513 11036
2832 1135 6008 8150 4175 8343 6166 7882 6539 8565
2833 7412 6012 7604 11021 9164 8539 8387 11159 9565 8489 141 8133 8770 7598 7021 10780 9192 8974 7691 11333 844 8771 8771 9906 9696
2834 5761 3545 1369 11340 6017 6343 9200 5385
2835 6608 6444 6745 11283 10058 10101 11477 11436 10296 8311 10375 7557 229
2836 3346 6246 716 490 795 8103 1225 643 1491 938 1344 254 1510 7250 1422 6426 1550 3124 9313 11160 10488 1343 1683 10786 2076 2381 10641 2259 2810 1356 1019 2986 382 9402 2228 2287 2218 3433 10167 6572 2965 5601 5288 735 5596 4125 2512 3474 10461 10305 7898 4741 4315 10612
2837 2460 5133 7034 5386 2177 10285 4126
2838 427 1024 6276 9922 10391 3658 5034 10644 4675 10319
2839 10485 2050 2397 2509 6024 4919 8010 3261 6241 11026 5457 2634 4988 6693 3927 9100 10007 7302 2491 8955 11163 10332 11129 6868 8893 7372 9226
2840 1223 11541 289 6340 6574 6652 11216 10781
2841 4990 4013 5947 5707 4890 8585 10115 3788 10228 11063 8870
2842 871 8479 3239 1512 11400 3329 5619 5659 4574 4731
2843 1129 2869 1456 1559 2664 7034 3417 6138 6692 7341
2844 9576 6620 1661 5231 4959 1462 4660 10389 5016 4816 7259 5907 6701 6082
2845 851 337 10910 288 9440
2846 5158 7521 5515 4097 6486 6949 3017 9198 9308 8970 8040 10762 9782 10858 9170 9089 8794 10831 10415 11564 11169 10529 10882 11466 9872
2847 9509 1017 11101 4977 2514 5603 11327 7830 4534 3186
2848 6140 3625 3208 650 3455 10842 2035 3814 8508 11565 5200 4057 10829 613 8508 6951 5636 213 8713 9292 5097 10379 8496 11621 11244 10829
2849 5553 7285 6991 8974 5063 3334
2850 5178 3121 550 3813 5137 5133 9416 5365 2792 3729 6744 3571 2195 11375 2773 6622 11348 5401 4099 5606 3212 4041 5128 2110 5751 6923 10603 7865 5571 664 6026 2895 871 7240 2578 7137 5402 10485 4930 5516 9347 7660 10280 11307 10003 8540 6914 388 10999
2851 4685 6209 4856 5398 6613 10649 10326 8142 3904 7189 5507 6432 6739 7252 7105 6293 10620 10738 9357 7082 8402 9304 9035 11445 587 7533 8782 10870 9074 10947
2852 7682 11163 8715 6990 11589 8449 8985 8529 9228 9733 11509 10797 11455 10319 9815 3204
2853 7925 2273 2129 10235 2152 1445 3969 3856 7251 11401 4209 10411
2854 3418 6446 7162 5289 5357 6603 6044
2855 4311 4618 6663 7114 8579
2856 10819 2797 8800 11252 3261 2615 2363 824 4124 9527 5549 1604
2857 1089 1973 2514 844 8134
2858 10311 2798 2483 4215 1855 2551 4104 3803 492 3913 4075 4868 3266 3616 5431 3277 3655 7138 11412 6138 10901 7621 7621 7882 7882 7882 7251 219 5187 6332 6822 7084 3338 8842 7077 11430 7302 9458 9766 62 11421 11049 10644
2859 11292 795 9398 7698 2213 5177 7310 9418
2860 5304 6282 7359 4738 3928 11077
2861 1910 2931 10852 7240 4579 5022 10319 11240 10868
2862 463 2388 5217 11639 7729 6726 5937 6731
2863 5505 9527 9418 4112 4324 6509 7600 6675 7065
2864 10466 5695 5461 10764 7424 4511 6702 10961 6768 8293 4133 5129 3927 8430 8877 6054 117
2865 7196 6647 9017 9011 8924 7484 11289 8188 8059 10937 8108 10511 675 9643
2866 145 2334 3666 3174 3 3155 11046 440 7957 10797 9767 8011 3611
2867 6519 4028 3061 5284 4129 3179 8956 8115 10096
2868 10004 901 2314 4045 7367 3852
2869 10918 846 2879 3511 4863 3485 2784 1330 4597 7170 1946 7389 2793 7617 6717 7012 7835
2870 5341 3595 9586 6660 8896 6827 3 6259 7323 1921 6418 9565 8884 1868 9903
2871 335 1028 1574 1914 5431 5415 4070 3792 5980 5612
2872 6770 962 1395 629 615 1325 1301 415 1701 4582 1185 1795 408 472 4868 1201 724 4097 5023 5879 4056 6174 9925 5111
2873 11638 7034 1305 3021 7138 7763 6401 9391 7501 7611 10722 9074
2874 3363 9818 6058 8609 7716 11148 11038 8411 11292 10870 7635 1778
2875 4621 11611 1922 10581 5577 3522 3552 7908 7392 3857 3594 4075 1276 5356 5029 4440 2800 4477 5136 2779 5255 4766 2794 4749 6683 6371 8112 4530 5213 5535 5314 4671 5559 10752 8456 6849 8756 9031 6849 9136 1966 7758 7751 8594 5572 9204 9791 6662 8370 7744 8535 6932 9046 9843 9797
2876 3343 9050 10857 8094 8092 8111
2877 7605 4257 9082 8668 7289 10137 8236 8920 6571 10112 9804 8847 4334 11558 1056 9028 10830
2878 3881 3106 7359 2852 2425 1755 2264 3185 3892 9121 3150 11279 3928 6389 6377 6977 6781 5992 2738 7560 7666 8605 8495 952 11109 11327 3004
2879 4097 6903 6975 5636 8038 8312 6382 9773
2880 4827 7681 5375 6705 10371 9146
2881 2758 10339 2026 710 10718 3540 9349 10826 3822 10824
2882 3008 3118 4988 7165 8869 11552
2883 10532 6639 7625 5151 10340 7842 4698 4747 9346
2884 4639 2071 11636 5826 10548 7035 8095 3561
2885 6297 4599 2731 3553 4210 5384 5565 3841 4342 3731 993 5935 3984 5879 777 7882 2569 8347 6161 10285 2794 6525 4530 8297 5220 6917 5663 7810 5882 4915 8272 7758 8486 9930 8588 6225
2886 5733 7037 3979 4328 3599 4765 3682 4189 4629 3051 10400 5701 3008 3419 4244 5633 5396 5489 8348 6930 8312 9830 3619 8111 9031 6020 8683 9608 10659 8827 7458 4971 8643 6771 3527 4365 4471 4224 5312 3906 5773
2887 8060 4683 10045 10865 9911
2888 4203 3101 3852 2958 4936 5291 6205 9809 7340 9090 11375 8694 8474 599 588 15
2889 5636 5819 11363 6227 7328 6262 6102 8919 6826 11102 4758
2890 6928 9330 5787 5197 10233 6253 5655 8372 9287 1590 5097
2891 10864 3419 6176 1177 8725 6364 662 7961 6797 6942 10866 6637 3545 9466
2892 4548 6156 7465 5113 9500 6746 11300
2893 8100 8957 11198 8216 8233
2894 3709 3689 6092 5095 515 9294
2895 565 2700 3956 1203 6261 2412 2444 3443 7816
2896 3882 3647 2560 11336 6213
2897 3349 3242 11344 10982 6639 4818 7051 7818 6694 6743 7249 7158 7764 8607 8279 1434 8352 7823 9813 8464 8457 9092 10763 4675 8760 6932 4947 11294 9088 6656
2898 9077 7161 8691 9077 6985 6862 7117 5580 5754
2899 11360 7539 8545 9627 10286 10404 7303 10486
2900 10476 2377 6696 7473 11303 2790 376 1765 10098
2901 539 4303 7452 3903 3889 3435 2617 6341 7251 3251 7882 4540 8022 11593 10233 3918 8644 9936
2902 1206 11396 10778 2628 7021 11011 813 10469 658 3963 10549
2903 9823 7349 4176 5765 3649 5663 3279 8652 6240 9665 3640 8482 6420 4835 11379 5949 7060 8789 8793 8638 6632 6835 6196 4324 8736 1886 9781
2904 795 3780 10778 958 892 1099 9369 1523 1106 4608 10866 3899 3356 248 7032 5101
2905 10787 2397 2050 11005 9646 2209 2326 1660 1109 2440
2906 3669 5193 6506 8035 10761 8141 8285 8529 7421
2907 7409 5712 4982 6664 5459 5291 6439 2518 6864 8827 5403 5514 7610 5924 1777 6261 10913
2908 3554 11003 1738 7057 3327 4358 5613 11238 3953 4453 4039 4470 5280 10044 11162 4209 11162 5671 5025 7458 7263 2985 10905 10905 5203 4962
2909 9977 9775 6084 9615 2844 5684 5682 5878 8430 5693 8306 10613 6377 8540 10538 6123 10366
2910 5582 1101 572 969 974 1525 2051 1786 6258 3943 3569
2911 2941 5424 7076 5680 7413 4114 11272 10172 5074 10781
2912 4773 4539 11581 9127 11393 10793 4933 6955 9420 9358 3161
2913 7419 4161 3866 5739 3282 10644 2936
2914 1316 10448 1787 2505 3051
2915 617 11088 7146 11437 7738
2916 6258 9564 125 1471 708 6752 1912 4397 2670 9410 7914 10097
2917 39 6795 7657 4893 3841 3683 4230 3731 11547 5363 3840 4492 5134 9230
2918 5467 7978 7269 3179 6704 9157
2919 4624 6324 1979 8910 6399 7858 6847 11430 4205 9074 9559 10003 9188 6655 9512 11436 9793 8360 10289 11146
2920 3979 4876 8187 1167 4341 5994 4400 6520 7385 2891 11591 1887 7060 2497 6463 3954
2921 1734 2690 5770 6679 5300 11566 8437 9613 7689 3989 9915 9842 8158 9415
2922 1920 1765 2691 4738 7679
2923 4233 2414 2833 8117 2174 4737 3043 9577 3847 2003 1311 3977 9661 3729 1632 11274 2332 2092 2512 6189 656 2849 2664 2105 3094 11522 4616 6340 11268 7663 1524 3941 5632 7036 11395 1858 4903 4704 11229 2057 7149 6309 928 6468 8237 1621 6149 7435 11640 11248 4182 7387 5622 5820 4520 6852 4800 6033
2924 4911 4185 5280 8508 7332 7081 4698 10733 5533 4574 1733 6754 6637 6926 8243 10172 4334 8659
2925 5931 9017 6223 4638 7140 5991 5809
2926 7604 5157 5474 5182 1093 5564 2600 6165 4696 11072 7066 9330 9418 4935 36 9283
2927 6223 438 8765 10736 9722
2928 6470 6329 10136 11579 8540 4551 9134 9664
2929 3677 6195 5252 2518 3811 6652 7694
2930 9314 9938 10483 4373 10041 8958 10862 6764
2931 6551 6462 6814 3519 5352 661 7023 6693 10718 7564 1367 10085 5911 10826 8688
2932 2913 4640 2800 2478 6468 6085 2941 4225 8180
2933 2538 10490 10344 4978 2279 8155 5067 5070 753
2934 3245 4026 11229 2496 6388 3326 5221 3203 4394 4871 4192 1985 2023 4222 3629 5289 11520 4919 7255 6003 10280 8769
2935 3970 1703 8972 7843 10663
2936 567 1030 945 947 4572 6416 6417 1751
2937 10143 7665 5762 11247 7811 10379 7063
2938 5699 7682 8430 1568 8856 9124 11432
2939 8421 4045 1934 10866 9812 6980
2940 664 10733 4673 5897 7063 5342 4205 10451
2941 9486 3200 1358 658 1559 2064 11044 1772 8338 4613 2672 4021 6788 8383
2942 1182 5675 2449 9782 10511
2943 9923 9395 8031 9224 10597
2944 8943 5621 4219 7150 6676 9494 7612 11075 8345 9816 10710 9679 9796 9778 9805 4637 9913 10687 10682 11324 11348 10829 11482 8721
2945 8788 10058 8219 5173 8585 9901
2946 3595 4916 6211 3999 5692 4505 7490 3021 6773 3234 6011 4825 3683 1974 4521 7442 9956 9377 9673 9857 6882 7997 9098 9502 8780 9676 2248 9330 5588 7465 10793 10107 8534 3653 3523 10080 3788 8260 9213 9180 7643 8428 9927 10177 9952 9746 11459 3727
2947 7604 6415 6398 7605 6416 10866 4114 8136 8847 11283 9319 6979 9352 9032 5469 3195 9219 10759 11244
2948 5138 9390 5441 9958 8715 9867 11607 8492 11023 9484 9153 9851
2949 4188 9581 3859 7320 3886 8368 8491 8236 8553 2720 5076 10821 7934 11112
2950 814 8698 10286 9407 102
2951 8081 9599 11144 8847 8849 9094 8761 10379 8247 910
2952 2090 3685 3057 3582 4187 11412 5146 7428 5898 7680 6133 6749 68 9177 8587 5469 9091 9875 11391 5155 9314 9020 9780 2743 10491 10293
2953 2739 7585 8344 10415 7581 3350 3270 3272 11035 9124 9904
2954 6801 101 7182 8606 3498 9249 11337
2955 6125 11400 8427 6054 1881 10718 6580 7281 2325 5214 236 5714 7760 11430 9357 7470 10383 9405 9617 5039 8616 4257 8677 4817 7744 7315 8520 10212 11562 8278 9776 9878 10846 11316 11316 10373
2956 7577 9695 8077 7745 9372 4943 4971 11047 9742 8767 10938 7006 9861 8274 7471 9046 4530 8467 7010
2957 9480 3683 1092 7489 6536 6578 10810 4342 11365 3177 11304 9158 9324 9797 9807 11570 10107 10139 10652 7808 10135 9921 11053 10522 9956 11147 9658 7183 11244 3653 10642 9691 9654 10174 8831 10557 6040 9893 10527 9560 10646
2958 3560 10454 5578 6868 4807 7938
2959 347 5768 6806 5956 3925 4579 5419 7540 367 8733 6302 6767 5612 8917 9191 10542
2960 10993 2070 6346 4321 8544 5253 4073 11278 11268
2961 3882 11143 66 11328 8347
2962 3852 4830 767 10267 3782 6261 9077 8136 248 8491 11050 11050
2963 613 1866 10733 9300 9904 11389
2964 8196 1767 10927 3232 10961 10834 8478 11316 11413
2965 492 1747 4385 3096 1936
2966 4930 11025 5385 3597 11601 5355 7633 2812 6615 7829 8243 11047 5138 9367 8920 9742 9387 8677 6738 9967 8168 11359 8258 8141
2967 804 782 1488 1406 10933 965 2188 3115 1010 410 762 472 3442 2747 4681 2756 11045 2462 10713 9616 1628 10918 5560 10866 3282 3206 3430 11099 4461 3552 1277 6572 2785 3678 6183 3677 3937 5459 3960 7201 3133 7685 9302 11034
2968 10841 3980 2255 1829 4694 6250 3797 3121 983 7370
2969 8465 10107 9081 9264 8320
2970 897 709 629 2844 4639 6735 239 5600 10883 10470
2971 7663 9533 11327 9863 1922 1755 1985 9006 9416 2671 4578 4516 5695 6700 10093 9627 7039 10459 11355 7306
2972 4229 9886 6230 5263 2071 10553
2973 5163 10569 8593 500 7566 9767 8057 1142
2974 9565 9179 6900 9048 7313 5323 8868 10295 11309 7317 8450 9649 8278 8742 8131
2975 10543 5200 10270 10831 7392 5546
2976 4868 4133 37 7671 4987 4457 11336
2977 10718 11093 2474 5431 11000 11003 3393 11369 3678 3511 9245
2978 7081 5567 1821 6396 6075 6125 6524 8427 10754 6903 5500 4705 6229 8427 7901 3689 6593 5607 5476 6579 6827 4567 8798 2924 7987 3392 11161 8313 7916 9181 7982 9411 9413 8585 4551
2979 1422 2014 4968 1467 1169 921 7381 2119 4388 3081 10641 2519 1862 2672 4392 2426 3049 2781 3998 2780 7457 1466 1394 3893 5166 1061 6380 6267 7230 7633 9266 9993 8395 10394
2980 2345 2217 1809 8667 4610 2278 2528 4263 3775 2460 2521 4779 526 5498 7999 4150 742 3592 6257 7392 4885 2788 7023 6076 7701 4480 3971 8652 10595 6849 1684 10327 8789 8480 10668 10574 9449
2981 920 11468 7936 9406 9565 1424 11169
2982 4598 4117 5162 7459 6318 8091 9521 8905 10439 14
2983 1661 6212 5646 5789 9989
2984 2391 9533 8812 1446 357 6996 2948 2612
2985 11145 3412 5008 384 3636 1859 3962 6068 4434 5183 5692
2986 560 618 1903 4413 2543 171 1326 5567 5564 6393 11492 8859 7824 8433 7606 9489 240 9631
2987 3781 2289 4372 6399 6401 10815 4445
2988 11099 1329 11522 3485 5357 5306 3892 5518 5570 11545 4944 7822 6664 11443 7399 2101 8562
2989 10016 8347 3251 7665 150 8328 11581 7436 2926 7804 7806
2990 6941 8736 7994 6513 9479 8527 7580 2809 11308 9232 599 11432 3653
2991 7311 3509 4706 9882 7818 6401 8596 11355 10231
2992 6142 8527 429 9565 10643 325 168 11505 1759
2993 7335 165 11018 4227 11077 3074 9824
2994 1823 11092 4074 3457 1703 4365 3713 5132 6257 3505 7478 7043 5435 8272 2297 9489 7791 8839 8370
2995 826 10993 2257 6281 8297 7433
2996 2264 3605 478 596 5099 3270 598
2997 6212 2277 2277 7604 294 2430 3024 3679 8501 9000 6496 6823 10905 7765 8166 1768 8450 7595 8645 9147
2998 8811 8546 3100 3332 5746 3091 3895
2999 5597 1618 2938 3392 8775
3000 5340 7056 942 6956 7115 10044 6808 5204 814
3001 666 10268 10873 2448 4630 1650 11354 381
3002 174 40 7341 8479 7483 7627 7158 9195 8492 9452 10060 10388 11585
3003 10911 2491 2490 1675 2500 4381 3648 3261 3851 7034 10263 8406 1283 3376 6276 6766 8314 7006 8474 8186 11046
3004 1109 1584 11597 8762 239 3679 6005 3300 3850 3057 3486 4220 1853 8798 2724 5521 4549 5993 2890 4739 4071 9021 6582 9098
3005 7316 10937 8430 8498 8003 9950 10432
3006 11248 5293 3280 10890 5385 6772 8798 2955 11363 11363 4190 7633 4987 11186 9498 7126 8441 6888 6162 7473 10425 6343 8220 6691 6689 6688 9390 9388 9411 8668 8579 9852 8696 11359 10678 10172 9452 8713 10727 8659 11589 9278 8730 11558 9570 6984 8472 10251 9182 11534
3007 6660 8136 8676 7614 1521 9694 8577 8531 10893 6746 1100 7581 7977 7719 11495 8324
3008 6725 10503 7243 11476 4750 11496 10572
3009 4448 5364 4542 4541 2984 8994 8116 1794
3010 9107 9107 11217 1958 9933 2146 2324
3011 9067 3772 10831 8895 5003 5872 5724 9842 4706 8007 5238 5420 6442 11574
3012 8273 9722 9297 598 5688
3013 2840 1053 1838 285 11451
3014 5986 5477 3838 7060 6260 3653 1381
3015 5118 5242 9077 6055 4504 10995 3576 10180 2995 10200 9892
3016 4344 1312 793 5481 11504 2367 2742 1632 2586 1730 10936 3421 2753 10400 7621 7093
3017 1512 11631 9410 6141 4781 7562 11346
3018 2694 2615 3386 1311 831 3678 6722 3090 9480 5505 2306 4508 5396 5412 8416 4244 5427 10994 6606 5716 11483 8307 8038 6028 2809 8639 3278 2380 10039 6020 1536 7545 8486 7886 11104 8525 10327 10377 10549 5942 11578 9405 9904 6545 9500 8758 11509 6583 8457 10480 11104 8938 8233 11104 7957
3019 1842 2346 954 7995 1364 11147 766 109 6448 5599 589 3635 1384 714 7021 4977 316 3014 10881 3148 3148
3020 10184 2236 9801 3807 8519 4466
3021 2778 4659 5131 7452 203 6093 5119 8864 9462
3022 4580 7719 8861 11001 10064
3023 2854 2571 1938 4239 8059 1748 4583 650 4231 4464 4233 8667 11529 3729 10879 4131 6250 2435 7409 10299 8368
3024 8338 11328 1828 10725 6254 3656 3786 6127 5312 10305 3021 3875 4808 5014 8361 6481 5411 6027 7829 6543 8540 7861 8613 9810 1029 8370 8852 8519 9987 11074 9765 8586 10470 8616 11265 8928 10473 9653 5216 9505 9592 11457 11207 11299 10431 10750 10865
3025 9067 6710 11521 5285 7498 4590 4445 4946
3026 5430 6716 7406 11463 5982 7461 6612 256 7907 4455 4000
3027 7776 2866 4940 2858 4549 11354 4709 4744 8930 3070 1907 6032 6029 6553 6601 5370 3190 5666 1054 3210 5013 3072 4705 6077 11095
3028 2258 2803 1806 3203 3453 10524 3489 4610 4351 3761 9160 7240 7398 9044 6213 7307 7706 10553 11450 10785
3029 566 933 1326 8546 1392 10465 2628 2003 4295 2609 2965
3030 5134 8357 11591 6237 7592 419 8842 8683 8340 8784 8414 9711 9360 10980 5060 7977 2926 8151 3216 976
3031 7225 8436 6206 5749 6822 10704 7751 7791 8904 7806 8628 3880 7598 5795 9669 9758 10107 9523 11477 8260
3032 5322 2884 9119 8133 9456 7321 9026 10609 11029 10564 9714 7179
3033 5375 6045 4362 4449 3623 11566
3034 5603 10372 2335 11592 9178 11414
3035 2491 2223 3294 5137 5632 2447 9480 4331
3036 7034 3806 8552 7999 5544 6195 5034 3984 5740 4419 3620 6147 2456 2199 11163 2584 3676 6954 9164 11640 7454 7087 11221 7786 7462 7176 8708 8713 11130 546 10980 3366 10227 11576 8467 10781 11254 7079 9010 7371 9878 8991
3037 227 1533 1686 4305 1400 1949 10969 1011 1636 1483 3408 70 64 2292 2997 6975 3927 5159 2439 11185 8430 5781 5773 5789 11315 1029
3038 3871 4791 4961 3309 5573 6114 3072 5754 6403 10178 8973 11083 8277 314 342 3273 7386 3271 11276 5101 11309 3810 5637 5881 9520 2187 10074 11079 10252 9636 7769 10057 9934 11058
3039 770 957 2234 11298 1602 6738 2431 7492
3040 3167 4194 3386 6512 8538 8184 7614 8622 210 9876 5103 8993 7790 1595 8365 10113 4117 10717 10408
3041 900 4231 4073 9660 5149 4584 9108 10684
3042 11339 7465 4606 4816 7141 886 6259 8273 11038 8509 5323
3043 4798 9330 10725 5475 10695 3281 7939 9220
3044 3327 9644 7879 6537 5872 5258 9527 6536 7811 10763
3045 2915 9136 6158 10546 10332 7581 8876 10670
3046 5528 6766 8576 6942 3494 10506
3047 4790 5880 3805 5752 8248 7567 7261 6049 4781 8035 7191 10783 3334 8126 8985 8651 8754 7186 9752 8012 9220 8991 8773 9120 8376 4008 9760
3048 1032 2060 2797 1172 2460 1367 2310 6005 1540 2655 5391 2410 428 1822 2700 2846 2076 2077 4141 10502 1325 5131 5303 5898 6413 8798 6240 8296 8929
3049 6842 4859 4328 1161 3329 5041 9424 4648 4669
3050 7775 7166 9967 8201 3596
3051 1474 1937 2764 2069 10916 10921 2428 3414 10580 4548 5611 10389 7160
3052 3109 4783 5532 7169 8747 9967 10937 7635 8852 8711 8201 9501 10504 8145 6449 9529 10614 10812
3053 6848 4886 4671 9645 8077 7537 11039 5066 7906 5056 10741 9365
3054 264 156 263 1035 4430 10284 11005 2970 4605 8627 7543 10203 10667
3055 7269 3765 11221 7636 8362
3056 7392 6501 3753 26 9391 4915 9986
3057 4716 5706 6009 11140 10616 2021
3058 2450 6085 661 6430 9502 9528 10470 7357
3059 3026 6212 2378 1277 10581 5143 3592 1890 3552 5949 3522 7031 9948 5380 4342 2984 4415 4688 6959
3060 11185 2973 1935 8338 3803 2761 3497 3054 1909 2604 2492 3047 3722 3320 123 2850 4 5444 3625 2155 4168 7159
3061 7409 2825 11211 5536 5555
3062 3855 4394 2973 340 3200 3516 10391 3121 3260 4168 3913 3144 5221 123 1543 7206 11065 832 11003 4019 4389 445 3301 10883 2804 118 1887 5499 1629 6103 3915 5479 8944 5314 8936 7483 8463 8917 7437 7885 4183 4532 10883 11014 10281 11065 9516 10649 11292 1554 9287 5654 10194 5652 5653 1843 10942 348 599 588 11288 10942 10200 8617 7803 9677 9246 11621 9250 9196 10552
3063 8416 10297 7660 8259 5138 8922 8283
3064 7658 1210 1165 10417 7468 3192 1644 671 5972 1685 610 9338 1218 2285 2979
3065 7150 6127 7092 7526 6471 6470 9469 8936 8917 8917 5265 5197 8936 4571 6403 7241 8917 11245 11075 1791 11129 11129
3066 260 4148 1184 1725 1089 549 437 444 1318 965 1116 981 1695 1623 1435 1458 1752 11217 2182 9941 2702 1963 327 2814 2689 10814 3482 175 4863 6815 8198 7003 7226
3067 3975 8025 8499 10588 8651
3068 1881 9376 7629 7577 7948 9267 7449 8391 1324 11047 9565 4000 8821
3069 4539 7424 8013 8120 4257 7574 5028 4425 11038 5521 5292 8211 7481 7677 5748 9460 8847 10001 6931 10096 9571 8376 9386 10062 9968 1124 9135 8602 10497 9715 10506 10055 9760 9625 8969 9928 6569 11503 10031 7147 10585 9993 11500
3070 3813 5894 7202 10266 6120 11202
3071 8234 10107 10793 1965 10213
3072 298 1173 2715 10417 729 3669 6700
3073 3922 3835 191 10624 5439 7863 914 9897
3074 5168 7908 1461 3982 5474 6816 5421 5011 6284 90 5580 11412 3329 2995 5886 9818 6011 4455 7675 6184 7043 10296 4792 2826 10338 9985
3075 4240 1738 3638 6227 265 253 4839 936 6338 7584 4377
3076 5212 5983 1879 5419 4692 6079 146 9944 5342 7790
3077 2984 3663 2620 6193 7852 11013 10810 5216 7107
3078 4040 5343 6645 1182 7465 7709 3708 2137 3848 2430 5728 2897 7281 10374 11438 7259 4688 5183 7449 2193 6582 2645 7473 7525
3079 3093 2384 8479 5800 3673 6759 10383 4998 10379 9753
3080 1512 5269 5169 5002 5954 3886 9388
3081 220 2234 1406 568 275 1425 1404 11475 2571 6137 4144 8142
3082 1088 1973 123 1350 216
3083 5340 7056 11329 2544 8779 5501 6860 2882 397 8852 5082 10940
3084 479 4440 10961 2470 243 5086 8709 9523 9433 587
3085 4065 5596 9719 3125 8953 9818 4339 4699 2890 3730 3392 6022 8172 10786 10660 7239 1831 4705 7947 6511 2491 6575 7481 7558 7505 6810 7617 6302 6922 8456 8118 8915 6995 9601 8425 7970 9072 6240 7541 8634 4803 7141
3086 7303 2325 5799 5979 10178 6717 10101 1568
3087 3877 10248 2393 4210 11636 11305 2497 6244 4123 10581 6542 5443 4453 5515 10143 5320 2473 6088 7057 814 6014 4755 5538 6554 669 4433 6818 4895 7487 9590 6849 5731 7256 8370 9998 9516 10726 10057 10132
3088 2583 6795 9417 268 4246 4371 1461 8024 7404 2648 162 5808 8959 6856 9630 5022 8571 648 9798 11050 11050
3089 4647 6014 7259 4730 4705 4868 6892 7141 10866 11493 10093 11094 11113 542 9162 9998 6449 8771 5547 9738 8923 9679 7960 9196 10585
3090 1240 10222 9380 9130 11434 7915 7862 7770
3091 10987 5744 235 8224 8223
3092 4688 5680 7398 6218 5003 8603 10569 9596 11445 7763 6890 2733 8498 10848 11588 8427 5500 8290 6682 8573 10905 105 9093 10937 9555 9556
3093 6070 9479 9540 6320 5808
3094 1354 7311 724 685 1888 680 1508 10713 10034 4215
3095 6344 6299 10001 7607 9188 10803
3096 4345 7060 5319 9191 3614
3097 4072 52 7016 10644 8829 10432
3098 8 7527 8277 11386 3732 10704 3495 8728 9610 8319 4489 10455 3584 10872
3099 3317 6276 8181 10273 11362 10440 10835
3100 560 1425 10308 806 2714 10694 6183 1377 8479 7381 10866 9488 8019
3101 7048 953 2648 6972 3034 8265 10033 5073 5081
3102 7854 10392 10392 10392 11464
3103 2925 3477 3537 10336 208 3941 52 11257 5937 1324 6337 3912 5207 7007 7951 11403
3104 10690 4226 539 5723 5001 11502 7384 7323 7135
3105 28 3341 877 7048 4347 2137
3106 2277 2277 7160 7824 10547 7615 11443 6915 3002 7818 8473 8170 8884 510 11264
3107 1224 1525 1071 5732 1586 3771 3129 2483 10662 3238 8196 2847 5449 8637 8637 7651
3108 9332 8701 10529 9166 10623
3109 3729 4073 7386 10683 7003 8045 10678 9820
3110 1948 3152 5670 2455 3205 903 4046 3175 8894 9528 440 9066 10432 6656
3111 6182 3118 4262 10959 6625 7961
3112 8385 6266 688 10323 10644 7083 6670
3113 824 7799 3304 8125 5052 1712 9371 8521
3114 9717 10801 2630 10560 3935 10298 2067 1216 2312 10634 3784 1809 3139 2998 2100 3065 10399 5560 2996 7311 3030 3306 1801 2406 2967 9646 10520 9646 2756 2626 2605 4572 50 2479 7509 4100 3602 2450 9241 4414 5474 5044 3778 181 2929 3096 4880 11033 5625 4285 4410 6616 4471 4630 1219 3269 11278 1407 4087
3115 8867 2919 7917 6235 7779 10704 3138 10595 2982 10595 8509 9541 10976 3653 8817
3116 5764 2622 9242 9021 11159 11509 9209 7958 9914
3117 939 10604 2156 4795 4430 2784 7665
3118 7532 3487 4726 5662 3387 5580 5932 777 3284 7686 7589 8827 2279
3119 2059 11157 7300 7604 6222 6227 266 5381 7099 8405 8933 936 7918 8045 6298 10315
3120 7708 8192 8722 9043 3204
3121 4765 2114 8739 6154 3630 5873 5877 4016 3256
3122 4866 10935 4662 5560 3594 3613 10223 5728 2935 2421 115 4019 3525 3486 10044 6137 6497 3857 1413 935 5898 4955 6916 4117 3189 2946 3312 826 447 5426 9695 4803 3983 6240 7281 4609 6997 9740 10762
3123 5370 10649 11336 7039 6689 8018 10701 5064
3124 7161 7409 3811 8561 6548
3125 9450 3017 6922 6417 8340 8149 4633 8747 595 9752
3126 11502 5183 3020 8867 5505 4542 7655 4221
3127 7625 5658 5825 4811 4668 8290 8383 9523
3128 11206 3574 650 2904 3625 4147 3937 3988 3167 11195 3161 3722 4612 6182 5695 5522 10389 8335
3129 4537 5558 201 3724 6459 5888 10679 9862 7730 7943 9928
3130 1880 507 548 741 630 1226 1477 969 10426 384 678 4528 4414 5608
3131 2163 8800 2342 2944 2828 5275 3897 2677 9576 6941 4057 6814 1182 7508 8634 2391 4752 7618 10280 2544 6787 11403 9357 10785 325
3132 10270 7879 4886 6699 9202
3133 335 8720 9681 10656 11298 187 1552 11072 2662 11291 11045 1286 2555 2853 817
3134 8439 889 4305 10933 1726 1662 1727 11153 10556 1946 8739 1915 3041 9533 3002 9139
3135 4810 4076 6497 5806 11156 8498 6006 7552 10653 8018 2232
3136 4974 8206 10866 5300 3793 8892 11607 10327 4956 1319
3137 9547 5783 8408 8572 4835 9722
3138 512 5718 3226 2527 650 5122 6912 8666 5328 455
3139 3659 322 1725 1386 8720 1914 1417 8697 2679 858 6723 353 3152 1077 9816 9264 9828
3140 11003 4302 4865 2491 7189 7864 4984 9818 292 1444 4323 5402 7496
3141 2480 11375 9330 5214 5755 8091 7543 10473
3142 2010 3334 6335 1098 2176 8103 973 416 2188 4388 2444 1586 1511 4681 1438 4805 5139 4778 11298 1825 1931 5980 10764 6450 3094 11380 4522 3494 1704 3225 9547 8359 8416 5845 5524 4761 6789 3133 6582 10766 7205 3892 4931 6187 6922 5050 6756 7030 6203 7110 8605 8180 8271 4610 8743 7708 8592 8492 10164
3143 931 64 65 158 2598 4680 5799 3871 5917 8596 1934 8609 7041 8425 6020 10209 10015 9904 10250 10379 9600
3144 2003 3311 10831 4764 5123 6389 11454 2352 7325 266 9791
3145 7893 8436 6799 11231 502 309
3146 1213 9728 4005 8615 8186
3147 7935 4217 2958 675 9289
3148 4548 9363 2491 5130 7788
3149 11557 1206 756 1728 1560 10778 1888 589 1655 4012 5672 6965 3692 3892 7657 2621 4550 3942 4707 4399 6376 850 10270 6685 8810 4655 7770 7222 11049
3150 3748 3804 2925 2629 3533 224 5170 1660 3742 6160 8372 3132 8918 8980 11505 10797 4445
3151 2664 632 5530 3308 6457 9372 6528
3152 5802 9391 3216 10085 10208 1142 9040 9626 9262 9988
3153 3163 10035 7629 8436 9338 150 648
3154 373 8448 10968 6378 8496 2643 8187
3155 4215 8406 1563 2618 2137 3372 6123
3156 4919 417 3167 7999 6348
3157 5947 6925 7516 7577 438 1367 6214 8736 8120 4726 7796 8292 2193 3541 7024 7375 8408 8749 8733 8502 9480 7339 7816 30 8654
3158 9886 8143 7455 5789 6892 11623
3159 11624 9140 8832 6405 11346 11116
3160 9671 5277 776 6508 9416 6847
3161 2921 3261 3729 2618 4150 7359 4091 4121 1878 6315 11625 11159 9134
3162 1370 5000 7123 9448 5672 7151 8219 256
3163 2934 9842 3661 7565 7538 7837 9842
3164 2186 676 4776 5229 8942
3165 3871 4132 4395 10576 3256 6087 4337 8684 8978 6145 11050
3166 7337 1237 11175 9658 5944 8426 10930 10762 9780 5857 1626
3167 11597 1925 10235 4364 2448 3317 239 3785
3168 5679 3478 1907 5228 2643 10548 5595 4884 4433 6199 7735 5621 1486 11259 6432 7526 7979 7802 5813 3660 7693 2352 11461 10323 7173 7795 8016 9458 8459 10072 10443 6355 10529 11104 9984 6454
3169 70 3451 1628 9966 6140 7335 3976 5232 10512 11341
3170 7001 7001 10005 6133 10182
3171 8269 4820 3793 9457 7774 7069 3028
3172 5836 2400 5247 6792 5529 4165 826 4171 6584 7963 7975 9428 8775
3173 11292 2262 1084 316 3103
3174 1228 9398 1435 52 2511 9521 11444 6387
3175 3689 3093 6125 5564 3219 5401 6333 10920 5358 5686 3540 4315 5113 6739 7604 8771 9447 10764 6348 8725 6892 9590 5 11221 8912 11032 9237 605 5090 9507 11102 6172 11227 9870 9003 9247 3844 525 6349 8836 10411 9539 9776 439 9322 9878 9770 9331 9732 6988 1237 11453 8777 141 10171 6004 10896 7786 10645 6882 7322 9250 11221
3176 5669 8287 3015 10655 11140
3177 10937 4005 654 8018 8913 9124 5178
3178 247 4895 7487 8652 8257 7108 5342 3009 11212 9840 9031 8274 77 8313 8129 5506 46 5668 7383 8085 478 7256 114 482 386 9579 10107 4675 10813 8674 84 9747 9873 9748 5708 9866
3179 7365 5870 6910 7330 6184
3180 191 3743 11464 7264 11476 7245
3181 10674 548 765 1353 1282 2142 920 3044 3642 3804 2925 10261 3504 5483 2396 3336 10890 1226 1844 8581 10059
3182 5451 5752 6522 6075 7763 7651 5440 9372 10893 7972
3183 1179 1755 6156 7190 11352 5385 6287 9855
3184 7170 4768 7453 7131 4176 6026 9645 8052 2491 7890 9829 8634 1746 4594 5775 9011 6910 835 597 596 8515 11431 8794 10440 10793 8584
3185 3918 5916 5695 191 11018 7473 10866 9753 8892 4756 7914 7804 8670 8668 2482 10332 11270 8108 354 11062 11589 7654 9685 8947 584 10928
3186 5164 3402 2430 740 2946 7799 7117 4809 6270 6206 6598 7126 5971 5076 7525 5933 11315 9370
3187 1009 3320 3163 6034 5686 7858 8733 8383 4832 6838 7473
3188 2778 2405 5344 6485 5955 7617 9338
3189 6743 5385 5355 4415 6343 7633 8269 8489 8034 7985 7260 6571 6615 5844 7321 8492 9842 9842 8679 11047 10451 10107 9390 10316 8582 8695 9978 11618 7198 3316 9543 11017 10997 6569 7895 3542 10952 9451 7934 8458 6511 8460 9978 10952 8423 8991 10585
3190 5261 3018 2695 3024 3499 6941 8172 5193 10511 10365
3191 4217 7963 7505 11367 10905 8040 10666 11472 9071 9010
3192 5706 5512 10178 10178 10678 10672 10366 9053 10632 10829 6523 5338
3193 1225 1406 556 1009 430 1920 3297 3324 11185 4140 4039 6681 6354 8516 11403 3338 9136 9315 5110 9340 4644 11104
3194 7935 7842 8479 4379 5182 4816 5052 4032 9424 11095 5907 6745 9474 1746 5051 7708 8827 7264 6320 11221 8261 9689 10379 11133 10549 984
3195 5396 6316 4730 10808 2958 3944 7586 6472 8113 7720 9224 9675 9584 9327 10102
3196 8081 5076 10072 10708 9817 8823
3197 2578 4688 10047 8867 10893 5073 11445 5526 5407
3198 6603 7672 5536 7553 9845 4029 11292 9599 654 6086 8636 6974 7870 11108 8372 5056 7059 11140 6736 10579 4490 8201 3195 3196 4237 9192 9231 11390
3199 10090 7270 5753 6917 871 4895 2325 6826 8456 9140 8617
3200 10127 5744 2089 10000 8718
3201 1982 3064 3130 4339 11332 7367 8462 6708 6218 3708 3215 3773 7415 5933 10379 9295 5096 10309 10477 399
3202 10429 11363 7731 86 11081 10001 9513 5091 9298 9556 2191 3271 10609 11436 10225 7958
3203 3111 4370 5328 8611 4935 10282
3204 10613 9077 7161 6985 2509 5416 5723 6387
3205 10607 9663 10470 10332 9967 8770 8069 10451
3206 7138 4255 6169 6401 5815 4829 9853 7303
3207 10831 7251 11587 5044 6525 9378 5132 6322 4390 8610 8481
3208 493 4439 2652 108 7302 3356 9405 2701
3209 5880 7552 4500 4693 9961 6285 8267 8155 9132 11210 10486 6419
3210 1275 6635 4937 3871 7465 5922 5695 2132 5540 6535 3828 37 7465 6875 5614 5514 3987 4789 3704 7509 6100 5508 7166 6253 6582 6957 3676 5119 3 4699 9818 5535 8625 90 11292 9181 6948 7529 8738 5087 9745 10292 10948
3211 8683 5852 4559 8995 10058 5327 9270
3212 7392 4177 1305 4927 4994
3213 2409 2243 2754 3926 7994 8791 8649 8806 8468 9626
3214 2158 4236 11163 9220 7640
3215 850 5215 5915 6219 7287 2610 4866 5239 4041
3216 5712 710 1694 4773 2919 7060 2165 6834 3885 9599 9689 11104 11509 9845
3217 4494 9527 6536 6537 5872 5222 8179 6108 4411 6562
3218 11189 6819 7531 7052 5434 7258
3219 4994 5680 6515 5678 5704
3220 286 958 892 926 1663 1442 10167 2312 1232 2642 6519 11038 9915
3221 2264 470 2484 1896 10152 2804 3871 7013 2878 6446 2052 1996 9311 5863 11251
3222 1398 2056 1918 3000 285 3458 8798 3712 7406 2699 10003
3223 9742 11558 10418 169 6569
3224 5017 4083 5417 5998 10263 8664 11627 7535 5145 5980 5727 6016 4085 5959 6266 4887 9045 7350 10655 3568 5809 9406 5550 9179 7972 5090 10747 8289
3225 424 11217 3437 10502 3187 4955 6748
3226 6115 4936 7385 4309 7502 5298 10480 10214
3227 5972 1086 10692 11301 8992 9000 2733 6908 5714
3228 3367 1853 2424 3160 3706 8699
3229 3343 11246 6900 8328 8113 10255 9848 6405
3230 10301 1966 2695 118 3395 6520 2819 9441 8917 5573 5856 8936 8998 10063 8488 3207 11572
3231 801 1367 1551 10767 5309 6388
3232 9811 11178 11154 6754 253 7447 265 63 7035 11237 4282 5214 5702 525 10112
3233 1275 2705 6341 4716 5201 8714 4899 6136 3531
3234 3088 5899 8044 6079 10184
3235 4642 2731 4 3165 5246 4634 1454 10871 3002 514 400
3236 9442 1057 4670 2071 6896 6730 8042 9187 5769 3749 4948
3237 3599 3459 4506 6520 7908 6070 676 7623 7065 8335 9128 9494 1163 8696 7181 7817 11203 7808
3238 5475 6865 4247 7465 6385 6610 6344 4518 11512 5533 11181 7309 5355 9100 4073 8619 7985 7260 226 8236 8489 9552 8126 8592 9297 11130 9741 11038 10451 9978 7881 9605 9135 9978 8276
3239 1899 2631 3470 4303 5409 2601 3594 3148 9977 5924 5487 3959 8054 5712 6439 9948 606 5799 8440 9424
3240 9811 6074 10620 5749 3216 5668
3241 1264 1260 8771 1750 5448 3422 4422 3693 2856 695 9841 3249 7683 9069 2125 1971 9059 4389 1321 6493 10851 11372 10870
3242 4841 5756 546 8913 9698 10960 10252 8710
3243 8496 4113 5412 6277 6692 6788 7625 5189 4931 5266 7356 6551 5258 7285 7516 4396 6196 6904 4326 6472 9728 6772 8383 8564 7901 10905 10415 8147 3145 10342
3244 8599 638 10728 838 566 10903 10117 10069 1904 999 1328 11244 421 2765 1348 1784 1686 815 949 1249 998 10604 1099 1184 1763 11011 1580 2235 7146 11394 2304 3154 1693 2296 1186 1793 8881
3245 7708 9466 6802 7872 9429 7800 8876 8337 8780 6932 9797 11244 10680 10405 11017 10792
3246 11420 9241 11183 6539 10217
3247 8553 10379 5007 10682 10833 11249 3542 9965 7018 7832 10563 10529 11041
3248 417 6570 5354 9187 8942 10057
3249 3857 7205 253 8175 9734
3250 7005 1492 10599 10599 1297 1160 3061 3197 10647
3251 6839 3074 6115 8430 7465 2962 3128 256 9406 8209 4947 9445 9235 10707 3423
3252 4478 4704 9333 4321 7270 8430 5867 7069 7984
3253 6026 6075 9330 5984 5517 5519 3824 4339 3149 8119 10937 6755 8651 8261 5065 6758 8285 603 5076 8706
3254 3257 3871 3373 2951 6483 3606
3255 8382 7943 10658 10345 10948
3256 3405 8182 11336 2916 5759 7257 7449 6364
3257 9689 7222 10677 10542 5772 10568 11538
3258 6801 5636 10900 7708 3906 5319 5913 4005 10937
3259 3824 7406 4696 5392 4635 5775 2826 6023 7142
3260 4522 7560 4434 7251 6637 5420
3261 96 7329 303 727 1740 1680 6887 11072
3262 9882 5792 6952 7893 8498 7568 4673 8829 10753 8070 9753 3334 10980 5918 9945
3263 1354 5340 4644 5033 380 10829 379
3264 5473 8408 8088 11398 9057 9842 5063 8284 395 9112 10583
3265 3013 4753 8479 11492 2041 3490 4055 7824 7073 10402 10920 552 3219 7687 8427 8427 6125 6317 11574 7350 6220 9590 4571 1056 6238 9957 1590
3266 9465 3018 7490 5072 5074 5083 5086 8965
3267 11360 1304 10685 3769 4051 5888 71 3630 4863 3672 2553 5044 5953 1109 3944 6168 3309 6561 4266 16 4790
3268 1880 94 5447 3084 3865 1175
3269 1426 5622 6551 9363 7105 7384 7356 6425 8408
3270 3949 2972 3432 11228 3341 2530 4578 4465 850 4303 2755 4279 4072 6219 5158 4113 8347 11593 7489 1252 11440 8603
3271 10875 4975 112 8514 6945 6313 6377 6390 9510 11104 4644 7603 4483 9653
3272 754 1961 6426 7381 7381 1605 1458 2143 2740 2185 9533 3910 5802
3273 4674 6425 6515 2738 7406 6977 6451 7816 6217 4635 4617 6937 8851 9198 7594 9583 8749 10512 8722 240
3274 60 8207 7744 7758 11207 10063 401 3272 5074 4467 10139
3275 5329 2680 5403 5897 10958 10492
3276 1151 1217 3025 8287 4743 10419
3277 2650 3794 5844 7489 4959 9450 4714 6022 396 9845 10293
3278 8161 11344 5298 9263 10342 11564 11218 10568 9859
3279 5828 8810 8342 7604 8427
3280 2870 8196 6350 8120 5634 5909 5630 5568 7936 7729 8554 7249 7303 8192 8940 5138 8705 9237 11589 8464 8096 9221 9141 8012 9862 7494 9514 3596 10183 3653 4334 110 5976 10193 9928 9471
3281 8383 11077 4781 7099 10866 8956 7584 7301 6530 10893 11161 7082 952 11240 9711 7841 7271 7992
3282 4868 6816 9818 9319 6753 5086
3283 4990 5046 4647 10572 9539
3284 11275 830 11 9933 9369 10748
3285 468 630 10820 1229 507 1214 1245 2262 10021 10019 1436 3379 11234 10106 2001 2988 3294 4339 215
3286 6627 7823 10616 10642 11207 9930 9765
3287 5347 318 7704 6922 11577 8959 10579 7819
3288 3615 10687 3402 4533 5642 10222
3289 10927 7703 7989 7313 7971
3290 3409 4076 522 6673 6699 11303 10708 3068
3291 3782 6180 3338 11563 1718
3292 10659 3689 10982 5262 3730 10866 657 101 595 10217
3293 6276 2384 10936 6527 9268 9807 10554 11048 9949 9935 8325
3294 8338 9904 9989 10179 10788 11053
3295 7157 8347 10093 6959 51 8683 7785 7430 8833 7632 8752 6587 10863 9403 9075 8597 1875 6030 10810 6779 8796 9324 9843 8982 9595 9323 7808 10697
3296 4554 10659 5905 4099 7332 5333 8130 8643 4614 4511 5536 9470 6646 478 1029
3297 666 997 2851 8167 10488 1905 11045 10944 1241
3298 11235 7251 5768 5228 896 10044 2059 4183 5392 6079 10786 8557 5064
3299 1556 7655 7590 7313 10967
3300 10653 10503 7476 7252 6957 130 6997 5759 8226 8442 5300 6259 7672 6603 10744 11221 7837 10678 4802 308 8762 11303 11062 6684 10698 8878 10251 11532 9637 3196 7371
3301 4058 7277 3279 5832 6570 7234 6048
3302 5418 349 893 8890 978 11364 8331 1564 1038 930 1023 4674 371 1411 880 8331 1191
3303 9900 9318 7393 6991 4174 10344 5015
3304 1068 7718 6217 3750 11625 5702 10623 657 8549 8918 8573 7682 9448 8064 7420 10001 8832 8376 9734
3305 8462 11605 8456 7152 11453 9349 9693 5844 10480 9988 8507 2961 8742 10572 10550
3306 4845 1512 8427 10212 7198 6993
3307 8288 4690 10630 4087 3040 3600 7526 7802 6011 2537 3448 7752 11075 2926 8907 1757 9168 9816 8672 9951 9520 8053 9857 10050 8835 8488 2579
3308 6889 2049 2376 87 10967 5481
3309 6339 9803 3367 3056 4028 1048 11195 11458 6140 8446 6126 8328 9287
3310 1225 2987 1204 1533 1084 3892 2339 11608 10901 3928 11279 122 201 6026 3703 11398 8987 10529 9076 9209
3311 6188 7655 6647 7702 9534 2232 9744
3312 691 1192 1597 190 5415 1668 5744
3313 1527 541 5930 11330 6659
3314 11004 11313 11167 10053 11452
3315 5669 2323 5869 6368 10237
3316 5595 9842 5658 6488 7822 6951 9407 11590 11231
3317 11135 8439 1510 2534 780 3240 381 4187 5146
3318 4137 7663 1885 3151 16 9458 8677 10967
3319 3647 4247 5584 9842 3933 4166 6401 7694 6079 7829 5086 5655
3320 4031 4585 3888 4178 7104 10576 5364 5542 6276 11630 8030 7520 5682 5887 4898 10315 11240 2790 10773
3321 1130 837 6917 7067 9017
3322 4353 7159 4173 6107 6370 6012 6320 9753 9343 8020 5206 2247 1355 162 10379 9521 1990 8774 7933 10741 10587 10884 9859 4762 10650
3323 2788 6129 5840 10124 9881
3324 11381 8010 4018 4943 4048 4091 4937
3325 4494 5695 8482 6661 5738 9727
3326 2855 5657 9482 10060 4490 6984
3327 1226 2056 11151 1787 6652 7785
3328 2548 11275 6654 1903 2050 324 2486 5920 4001 10985
3329 7465 3794 10159 6302 8277 11054 5966 6612 6468
3330 4945 9035 440 9957 10049 9354
3331 6147 9949 5956 7207 2191 1981
3332 2658 2158 1858 8196 3465 5431 1598 2484 11529 4805 8385
3333 5054 1273 960 9099 1670 4475 5784 7991
3334 6602 5515 7149 10553 10585
3335 748 9426 10577 1812 2626 2654 2573
3336 3828 6208 5939 5680 5863 10344 5040 5354 6957 6625 1470 5201 5932 10564 8073 9567
3337 5507 5880 8689 10479 11589 11351 9199 6141 7934 9221 10451 10173 10173 8983 9120 3351 10609 1593 8969 9484 10183 11409 10781 9760 7881 10057 6943 9525 7147 11017 587
3338 3739 1059 473 2410 1031 361 4662 410 4650 7170 4203 6672 5660 6810 10779
3339 11454 2533 5877 5873 9424 7205 127 4345 7140 7140 6942 6285 11519 7684
3340 2124 10935 3094 10923 191
3341 11305 4437 7248 11638 7948 2958 4912 913 6443 5507 5635 5905 11185 8538 3871 2193 3541 5709 7355 5799 4594 6451 7169 86 8862 9740 8628 9132 9958 4272 10315 2641 2716 9555 9523 9523 6365 5081 314 342 9340 5795 9915 10002 1247 8227 7817 10027 11604 10011 10523
3342 3155 3018 3613 6414 7159 4549
3343 3249 2950 3914 5175 5308 5228 3834 6060 7784 7031 6360 4232 6072 7461 4872 7704 2812 10233 2563
3344 6149 4999 6324 5909 8705 9343 9426 388 509
3345 1624 11309 9451 10260 1754 10468
3346 3224 283 4444 3256 5223
3347 7443 6869 6797 9753 6571 10516 9599 11159 5653 5099 10060 9365 10099 10966
3348 10889 8347 7277 7470 5724 9999 2681 7621
3349 7409 5713 9466 8907 5930 11161 7887 10459 7153 7970
3350 4347 3174 40 4510 11303 8392
3351 6564 11045 1927 1044 4179 5264
3352 2889 3986 4973 4879 4682 4457 6027
3353 6240 8358 10866 10753 9601 8554 7503 9599 1983 6746 9512 6799 10788 8693 10991 8840 10940
3354 7156 7252 7199 10383 9740 3985 8706 9499 5438 9152 6757 8592 4945 9555 7069 7169 8322 10379 10473 7984 9858 3334
3355 3979 5044 6296 3795 4471 3867 2497 3683 4482 8080 5169 10653 11344 7286 6877 7646 10419 11469 10672 10472
3356 5834 10180 6169 6801 10785
3357 5873 6553 2398 9608 3048
3358 154 3574 3184 4570 5555 4380 3173 2768 3508 3421 1490
3359 7231 2812 7848 9526 8842 9136 7139 6858 10678 168 7817 7803 10966 10906
3360 541 5879 11374 10871 7387
3361 6393 2902 4805 8576 6154 9260 4607 5385 6287 11090 7309 8269 6796 7482 6562 10549 8608 1951 8126 8819 11558 7628 8422 654 7253 7569 9103 8261 8460 6357 7934 11128 10609 8423 10609 9575 10173 10773 8872 5976 8461 9831 8853 10609 7018 10420 6071 10822 10183 3542 10402 11618 10582
3362 5584 5515 5996 6829 6330 3136 8179 7284 6937 11375 7229 10857 11544 9521 10384 11163 11624 8110 10104 11266 6191 237 10218
3363 9466 1765 9648 9508 11370 6454
3364 1243 225 686 1560 8331 10417 11011 1507 2360 2047 1348 8881 9681 5972 1374 3139 1367 751 10004 7530 1686 689 1692 1351 1278 623 1873 930 727 1482 10933 459 1058 473 842 4385 1459 2742 1932 11244 614 1516 1039 2038 3092 9042 257 3337 959 1888 1506 11151 1883 7071 11241 8637 5666 10714 8827 9382 5232 1789 1326 5843 8699 5343 7508 356 10026 11093 11044 6709 11232 5733 4374 3472 667 2051 2575 3084 10917 4137 10914 10915 1571 461 11546 5822 8275 4893 4189 316 6130 10713 1727 2383 44 683 1364 1732 9933 6810 7715 5421 7512 171 2084 3306 9818 6312 11389 8679 8587 7242 8045 10333 7913 8509 5854 8809 8825 9468 9091 9643 8499 7929 7111 11333 5657 8467 2790 813 1825 11377
3365 3418 3142 11636 6561 10831 8502 4375 3335 7447
3366 4778 3040 358 5187 7882 10 8308 4232 5195 11248 4731 9285 501 5101 7305 5098 5798 10609 8323
3367 2624 2561 8962 6637 8339 8203
3368 11090 133 3002 2232 5359 10377 8464 10109 7694 8233
3369 699 9056 1022 293 3174 2094 596 10584 9964
3370 7356 3468 1803 5610 10165 10644 4375 2982 1415
3371 9941 4927 5362 6196 6741 10044 7580 8736
3372 10831 10831 6538 4241 4884 4730 2491
3373 5758 865 709 1476 880 1903 368 2781 11411 2583 1213 9920 1900 4392 2351 2788 1776 4317 1953 2330 9617 924 5125 4716 5452 6881 3868 3212 5528 4543 10112 9286 9291 9272
3374 1580 11435 8109 2061 1172 2567 11475 10809 1681 1722 4851 5243 3722 2448 4037 676 5195 7523 11152 3904 8769 2716 2720 5070
3375 5864 3725 3342 11061 1462 5564 231 4730 2947 10982 3269 5510 5925 8436 11315 4614 7108 5764 7454 2860 7069 7863 5450 3779 8675 10992 10107 9732 8960
3376 2772 11416 5612 10797 4186
3377 8583 10332 7992 984 9708 405
3378 1274 33 1499 1647 461 11307 184 5146 11236 5862 2373 1735 4271 11450 10546 9372 7677 9989
3379 616 2915 4754 7067 6249 5649
3380 7308 165 7330 1934 8752 8858 6755 10315 8071 1852
3381 2163 2749 3536 1909 1609 11357 1599 4560 3582 3492 5244 408 5474 2453 3049 3306 1823 11382 4831 10692 4082 3458 2587 3963 2928 3248 3893 2317 11429 2428 5659 10951 3431 2731 6220 3549 7615 9676 10172 9485 10065 8969
3382 184 1396 858 3774 2273 3112 3117 2385 2585 10337 1940 2174
3383 10549 9967 8410 11074 8071 8466 11453
3384 6693 4825 5218 5210 7449 3091 3932 10340 9338 3568 6922 7704 8430 4787 5692 6581 7592 675 10605 6348 5565 8441 8006 7793 8537 8937 6931 605 210 5103 11049
3385 2585 5237 4484 2720 2701 10009
3386 4568 5404 7505 3182 307 883 3247 9407 6524 11102 9608
3387 10456 5635 11468 6372 10834 10785 9710
3388 2915 3960 10199 5264 6303 6159 3746 3115 6477 10493 6862 5234 163 10478 10877 6131 10222 5770 8543 1319
3389 3319 8473 8669 9016 7878 8627 9537 9270 10609
3390 2745 6696 6657 6659 5182 4272 4462
3391 6939 7685 6926 10925 8306 8174 11104 6239 11108
3392 4015 6430 8348 7793 11251 9728
3393 1646 9517 2633 1670 8771 3662 5140 5605 9669
3394 1475 2592 7034 5230 327
3395 9417 2034 2034 6385 3835 2353 8340 2335 9335 9260 7044 7231 7196 5440 995 7688 6511 7731 7897 10454 3714 10573 204 1965 9658 11390 10835
3396 5679 3436 9941 2478 6485 7137 7305 3922
3397 7299 5913 9082 7547 8758 8562 7614 5089 8974 8913 311 9233 3588 9019 11522 11581
3398 5723 4790 2858 7697 6102 6658 7465 3990 9930 5052 3544 4505 10130 4217 1718
3399 2498 3523 7573 9846 9928
3400 4955 5132 5662 8805 1672 9954 9565 1123 8256
3401 1782 8338 5488 7882 7687 6567 7283 3808
3402 11093 2795 7248 6819 419 8300
3403 4132 4320 4705 4974 9754 7765 9630 6030 10120 7296
3404 10320 4544 5983 11238 11339 5332 5454 5658 7450 6022 5709 5410 6908 5293 10134 7481 11632 10058 6259 8899 9753 9237 9118 8261 8330 9310 10176 4136 9834 8513 10616 11485
3405 2457 2116 7286 3243 11463
3406 3293 10133 3797 2934 4992
3407 7258 3332 5916 11398 10495
3408 8108 10716 10724 9028 5919 11133 9085 10926 8836 5743
3409 6832 4027 3140 8167 7045 5159 6332 4035
3410 4115 3656 2984 4548 7453 6486 8681 7053 5502 9686 6270 4062 6953 6977 9414 7907 10090 326 7980 6709 5213 5892 4488 7752 2927 9167 9582 11359 11230 8728 10942 5089 8534 4077 5080 311
3411 3689 3630 3393 5964 8048 9442 3033 4662 4785 8685 7453 5465 8038 9391 10866 10241 11304
3412 4285 4318 2848 6183 8234 10266
3413 11631 5925 10160 10379 9074
3414 6090 6361 6537 6309 10166 11181 8257 9004 7339 9915 514
3415 933 10023 1673 1903 8660 8660 2710 2664 2062
3416 7359 7408 5572 10107 10082
3417 11163 6582 8051 9372 10569 10204 6638
3418 5959 4790 6975 5577 5528 1996 1776 6870 5131 4315 4319 2855 6061 8338 7751 7758 6543
3419 3499 181 1385 2321 948 2861 1749 2275 5530 10875 2728 1454 1995 10875 3212 5205 742 445 6212 2274 4439 6483 4039 7002 6450 4118 7335 5912 5924 7953 5646 2491 9100 7936 10890 3750 7637 3749 6678 8065 7939 7956 5359 9273 5094 9280 10926 502
3420 8010 2530 7311 11252 5154 9416 10640 3813 6771 850 2332 2367 4765 11405 6734 6167 7393
3421 5524 7370 4336 6175 3073 5948 3212 8498 4566 5338 2808 6906 2232 8918 9867 8472 9419 9216 9506 9818 9404 11432
3422 4873 4004 4671 5113 9411 10588 10761 9512
3423 3181 2521 8567 2948 6735 3326 1485 7541 8351 9454 9452
3424 7160 1702 2955 7264 8950 7538
3425 1730 1878 2356 6714 11521
3426 11328 5436 1399 5635 5875 2704 3127 6481 11493 3510 7346 8788 9345 5348 7911
3427 5580 7307 3862 10109 9940
3428 106 216 7430 8798 8633
3429 705 2819 10088 3173 4158 2909 6374 11633 1919 7279 4906 10018 5498 4775 4865 9832 7398 8657 9879 7902 10707 10707
3430 11000 1907 2054 6738 10022
3431 673 8787 8354 8352 385
3432 2809 5208 9954 9954 10379 6670 9263
3433 5461 7858 8659 8964 10788
3434 3671 3762 9372 7777 10388
3435 3226 5340 2760 6940 9753 9957
3436 4686 3376 11283 2665 7363
3437 5204 5933 9915 8472 10491
3438 2480 1109 9426 11229 8674 239 4283 5483 3666 8827 9220 6714
3439 2659 4592 9121 2129 7965 6567 5442 4254
3440 7712 8780 10788 7354 10132
3441 347 6159 3681 5877 10165 8472
3442 4953 8373 6717 4123 2634 8527 7393 8433 692 7600 11533 2491 9965
3443 9441 5247 2340 2584 5780 6609 7811
3444 7212 6212 8293 7216 5701 2820 11388 4345 10925 9557
3445 8798 67 6249 5342 5769 3768 4407 270 9367 9186 8894 8770 10779 102 7477 10005 9842 10985 8876 11016 339 8475 9098 1778 10296 760
3446 4261 7409 8288 5549 7476 9290 8820 369 7097
3447 226 10592 2188 4012 1851 6448 11215 1103 9013 3040 6034 11563 92 10727
3448 3952 5702 4800 8688 8893 9141
3449 731 10718 1082 4564 3262 1129 4213
3450 2580 7621 6962 3807 9362
3451 2895 2132 347 11627 215 6739 8125 11519 4112 7231 2690 9284 8651 9298 8820 11460 11244 6746 9745 8317 11442
3452 5337 287 2200 290 3989 9099 5992 7261 1470 7268 9356
3453 10565 2747 3388 2923 1448 1985
3454 300 1082 3482 3139 3201
3455 11179 4569 10618 10053 9114
3456 1617 11400 7842 4998 2184
3457 9540 3742 5440 6580 2482 7801 3429 11297
3458 5813 11307 7272 2648 5114 4490 8145
3459 10543 10337 7491 7507 11336 3540 6734 5175 2494 5875 9979
3460 2116 1496 3297 1448 3137 5157 9824
3461 6147 4288 4826 2110 3568 128 5675 4225 9181 11144 546
3462 6694 6926 7261 4191 4724 8220 6287 10496
3463 2286 3854 2625 9932 8847 7844 8517
3464 5167 4834 6422 7263 3895 1672 8350 10508 1756 10315 10967 3216 240 1158 10002 9997
3465 7259 8385 7409 37 4983
3466 8980 10769 8532 5204 7874 6808 9972 150 5952 11505 5784 8095 162 8219 9824 9813 10432 9825 4489 9875 5155 9213 8948 2743 11515 9911 9774 6546 10829
3467 6287 7027 8427 11336 433 3215
3468 4394 3820 4623 358 6754 7822 5937 1334 6488 9515 10095 6459
3469 7175 5691 9507 8987 546 9876
3470 4045 8022 768 3664 3437 2847 8800 3100 2387 650 3803 3171 3261
3471 4726 6716 5892 11363 7751 5950 5457 7744 7758 4530 7442
3472 1073 1998 1847 10339 2562 2278 4155 199 3688 7138 2494 11481
3473 8371 835 6239 141 11273 8244 10054
3474 10866 10415 7099 8309 5609 814
3475 6296 5044 5527 4476 5409 4890 4315 7251 6720 43 4713 6309 4510 6845 7464 3946 3155 5219 4635 4910 7818 4944 5925 7042 6377 10687 10624 8683 6797 10866 7129 1881 8044 4759 5506 7015 10696 7133 7158 8300 9406 8655 2882 5022 11270 114 1990 8835 8905 7646 3561 9232 2276 8123 2267 8521 376 7656
3476 5932 6144 8753 161 10248 8398 9094 401 8170 7372 584 9605 10737 10425 11324 1381 11328
3477 10343 2384 11247 6926 6144 3195
3478 8052 7447 7126 4159 5799 8051 6796 7124 7905 7468 9818
3479 4498 2629 1900 3504 3655 9145 2140 4463 5415 3803 2137 3375 5487 362 4601
3480 9345 8106 514 6356 5327 10793
3481 4798 2727 11119 4411 7761 7719 3732
3482 4045 7961 8498 9616 8847 9887
3483 8898 8237 5813 7777 9744 10594
3484 3496 7453 6053 6092 5275 9942 6731 5335 11466 9260 8548
3485 2239 11307 5181 10414 5481 2664 2512 767 5734 5699 3642
3486 7953 5776 10866 8845 10785
3487 5532 11636 11401 4917 4059 5815 52 2267 5117 8565 8615
3488 7320 2941 7907 6471 6566 429 6495 10764
3489 2801 2457 6582 10047 6041 7999 6386 10424 5807 8339
3490 8343 4198 5740 8917 4632 4362 8503 8172
3491 6212 4715 4707 7349 4131 6241 7259 7701 8058 7399 7412 8725 7327 6494
3492 4273 7361 4077 10798 9227 9223 6405
3493 7465 6111 7300 9450 5035
3494 6140 8309 8554 4614 4750 9074 9548
3495 4546 3903 3889 6443 4417 9045 101 8099 8749 9408 9354 3391 1596 7305 9859
3496 4167 8739 6635 2498 5565 6757 9005 11053 10338 10700 11285 10057
3497 4540 5307 1370 4887 5262 10444 7092 5587 6938 7466 3546 9852 8395 10506 11476 601 8489 9119 9149 9246 10506
3498 3021 8784 7739 7538 8708 10678 7940
3499 709 1051 1616 1318 1292 774 5020 754 636 949 628 8102 3641 8331 1038 2147 1422 227 3442 1336 985 1548 2346 467 11214 11069 3334 11011 1544 1313 10489 793 10694 5151 3150 2119 4243 2633 4735 9205 5243 2428
3500 4929 9050 1211 2164 10304 11319
3501 4055 5533 743 7330 8125 10702 6038 6027 11605 3890 7959 8600 9926 5688
3502 10714 4674 7681 5000 2277 5684 10728 1895 8209 8923
3503 490 1108 933 9109 916 1557 650 789 4934 480 255 1112 1041 623 2740 1477 4784 622 286 193 411 540 568 1114 331 507 1653 3894 7530 10656 1616 1318 2993 1560 925 874 900 801 689 1729 641 1227 1094 4305 2181 1164 3493 1406 10933 1296 362 1588 5180 4524 836 4723 1084 11195 3535 1352 1897 9339 238 7608 9681 2493 2471 11192 1019 2331 1621 2505 2747 1445 10877 1785 1465 2440 9966 2949 7735 3475 2854 11005 3655 1837 4484 3218 8059 11638 4738 9617 9768 1321 10400 4001 832 4534 7771 2057 4240 10471 2978 3658 2442 6708 3726 3670 2326 5521 5727 6881 2704 9941 5904 10786 10890 7951 5348 3010 7869 11407 9043 9690 10031 2227
3504 5293 8955 4758 8671 6972 10172 8651 9874 7977 8420 9638 8925 5585
3505 6373 3786 7406 8917 6628 5336 9829 5643 8193 10867 10329 8181 10624 9164 7264 7887 8353 8216 8043 10684 4622 9412 10765 899 8728 9157 8457 10984 4745 8481 10831 11231 3207 8323 5598 8349 296 11418
3506 6431 5680 4889 6486 7460 9017 191 899 2248 9699
3507 4627 2257 6635 4621 4157 10889 7085 6755 8676 10856
3508 11191 8353 10443 9843 11496 10104
3509 4100 1599 10971 2220 10823 3847 1767 10962 5035 5762 5361 3269 3155 1977 9230
3510 3643 239 4899 5009 10147 3481 6572 4048 7583 7507 10199 8910 3669 8954 3912 11029 9687 10340 4983 10655 133 8038 7101 11148 9599 953 7869 7997 9360 8284 11533
3511 741 1603 18 2307 6236 9338 10075 282 4096 1195 11290 1103 4440 6789 10 8611 8709 10415
3512 1202 5732 2586 11031 216 7180 9480
3513 5259 6120 9045 6600 5713 365 2813 10866 8641 6811 5609
3514 7884 9260 6909 4834 4912 7090 8537 7961 3423
3515 2804 3141 10971 3467 5444 3341 2850 1737 3386 6063 3992 10668 5287 4761 3757 4905 3583 1161 11338 5480 3981 6552 6312 10303
3516 11424 5948 7694 6911 11099 11096 10241 5858 5429 10659
3517 6873 10687 10286 7584 10866 10593 7811 8214 8579 3126 8485 9888 9211 11476 1506 7823 10164 7563 4948 11210 8565 8492
3518 3434 4883 3136 10009 3653 10672
3519 11274 4167 7287 52 3022 8838 3677 1765 3678 2784 3359 11565 4794 4427 6219 6024 10016 2751 6068 3960 2071 2396 8501 2344 7292 8082 4553 11287 9588 10855 5580 6461 6012 6000 6243 3575 4345 9311 6044 3623 8051 5905 6513 635 8224 9826 8551
3520 5997 4766 4251 4211 3293 6742 3835 6880 191 5439 11035 4769 8140
3521 495 371 1468 1082 943 230 472 619 2051
3522 4830 299 253 531 8408 532 936 11185 8361 1122 8259 4750 8400 4951 9757 10416 4566 1751 6314
3523 1168 10004 2417 2055 3188 4404 2282 7882 7001 2464 8322
3524 1984 5042 6212 10367 1120 4684 4858 3508 6341 3792 2817 10270 4070 9497 5622 4529 7466 2323 5188 2491 5049 9244 1029
3525 1901 1373 11488 4949 3852 5454 11631
3526 7105 4164 4696 4000 976
3527 1007 5785 9079 11408 9812 8924
3528 7522 4338 2341 5433 3577 533 4482 8385 3931 5400 7093 7109 4220 9687
3529 9824 9690 2191 10304 11554 11320
3530 1644 723 792 2200 8862 6456 5730
3531 963 1265 2547 461 6236 1946
3532 6744 10332 9028 7245 8771 3068
3533 11140 9641 8965 7181 8389 11509 6359 10432 9812
3534 5553 7465 651 5159 3447 4740 4930 4133 9347 5606 3615 6121 10095 163 6131 11268 6467 91 4810 5785 10877 6023 10404 11336 8876 7839 3394 8616 8586 1319 9783
3535 8697 1795 2838 10400 11335 7411 1672 10153 9418
3536 10702 10588 11445 10866 8353 7883 8139 10153 6530 5858 5203 9659 5722 11107 8045 10978
3537 2887 5488 2880 2823 10612 4274 7254 6045 2687 3645 5540 4755 4261 1827 6161 6241 74 7447 8698 3251 5363 5477 5416 10774 8248 9645 5520 10785 9740 9516 7467 7437 11438 4021 5548
3538 10893 10893 1951 1142 10983
3539 2727 5568 6167 7695 8427 6716 8551 7151 10389 11625 11632 9367 8611 10724
3540 2826 6368 9954 10704 5958 7806 7804 5116 10996
3541 11401 6869 10752 6038 5808 5764 4952 7651 8842 8286 5697 9587 11333 11228
3542 1409 808 4593 10029 1816 1352 3218 10090 9380 7839 7242
3543 2367 4202 8685 2610 5484 122 6963 10857
3544 8603 7403 5921 4994 3052 4200 5317 11512 7554 4540
3545 5671 9590 10546 9181 11104 11350 8852 8960 8472 11509 5061 9176 1759 11393 8046 10928
3546 449 5487 5554 9330 5296 5071
3547 7604 5239 6433 6014 10769 4016 2611 5713 3558 3215 9705 8361 366 7762 8245 6430 3305 11119 5465 10866 7007 5970 6651 7618 10127 7011 6438 6530 8063 7475 8704 4705 8756 10684 9744 10425 7837 11607 3506 8876 8708 10250 8068 10857 8975 7374 10218 9855 8790 11176 7242 8886 10574 6955 4956 9827 10555 10667 9858 9815 10381 8493 10142 10616 11418 10550 4512 11113 9752 8566 11034 6310
3548 8010 1700 1879 11008 5362
3549 9013 3949 4614 4396 10134 9336 2961
3550 7457 2440 4441 2221 3015 11531 4534 9818 3566 4336 4654
3551 2930 5063 10763 10763 5055 10107 10342 3334 11526 10331
3552 3884 3884 3884 3884 3884
3553 959 3649 3505 5321 6030 4342 6124 9208 10665 9037 7877
3554 4229 5592 7002 5574 10774
3555 8143 6416 6037 4375 6823 9446 9668 8635 10343 8464 10379 9439 10036 10040 10572
3556 528 3079 10245 3090 5125 4597 1817 8234 4716 6429 8634 7476 5636 7883 5536 8136 2201 9380
3557 3367 2903 3474 3472 3300 8953 11412 3850 5505 11198 9818 3392 5592 3811 9806 6884 5899 11009 886 3149 6531 5119 10838 11548 4488 7481 2544 5952 7503 9601 9460 8665 8229 6133 4746 5854 4675 9906 8443 9036 10125 9592 9875 10259 4559 9029 2743 10491 7031 10628 8374 11036
3558 6956 6290 5459 2110 9588 5971 4061 37 6074 7857 7038 8430 10834 7688 10866 10521
3559 960 2389 268 7034 8549 8504 11150 2720 11155
3560 1539 7370 1426 4981 2014 9633
3561 10016 3558 1042 7129 4375
3562 4247 6839 7350 7110 6580 7860 5116 6823 9540 7423 2812 6761 7685 6939 10848 10893 8582 7321 10976 10334 2089 976 2701 9451 4956 9714 8908 8776
3563 2855 6459 7655 11501 10937 6990 11540
3564 5695 7069 5285 9267 11149
3565 7966 11196 9073 4282 7961 6521
3566 8788 4653 4915 5933 6756 3281 9478 4407 8081 7729 5604 8155 2682 10415 10216 5714 8065 5202 9090 7800 10241 7786 7927 7928 8300 2099 10241 6948 11350 8056 7929 8553 7451 6145 8031 11559 9915 8236 10964 8608 11444 11476 9818 10779 9722 8261 9915 9482 9163 10729 7607 8012 11359 9668 9356 10327 7471 10985 10137 976 8285 10763 10763 7242 8991 9987 8045 10515 10520 8985 1124 10001 8069 9155 10828 9707
3567 6602 5357 6723 116 7996 11568 10552
3568 530 2956 6051 4930 10429 5696 4848 2644 3786 4868 6477 3933 6481 8954 4250 4382 9573 5014 6593 6579 11538 11186 105 7436 657 10286 11603 7172
3569 9440 2328 7319 9339 3664 4762 8921 253 2158
3570 3244 6814 5196 6698 3461 6274 6084 11468 1083 6080 6350
3571 7976 4988 6819 5861 6036
3572 9753 10671 69 10379 584 580
3573 3033 4386 6499 6462 6444 7376 7052 3981 4943 10095 2316
3574 2265 11000 2967 3137 4699 2621 2713 11450 10249
3575 1129 4462 4457 5755 7564 8220 7218 6404 7916 10893 8608 9319 10358 2238 8254 7940 7484 5102 1593 9005 604 9202 10686 11314 10272 11321 4701
3576 278 5036 6750 10678 8363
3577 4674 6199 7081 3811 6089 3859 11126 1100 8547 9005 8674
3578 8909 8361 10532 8940 11607 9753 546 8771 8960 5351 4474 11445 9350 9955 10525 10483
3579 10503 152 3993 3436 4981 11305 417 10177 4373 10672 10260
3580 5035 10180 5196 7613 9141
3581 1161 690 2820 5163 1080
3582 6043 5532 1890 6134 5140 11505 5083 8620 9370 9764 11108
3583 888 668 7647 666 1127
3584 5889 5965 4961 9627 6143 6828 10145 10041
3585 140 7965 7093 8764 7648 9386
3586 4288 3990 7717 9637 9037 7877
3587 10674 7203 1190 970 999 422 6335 1502 2014 10694 1627 1689 10042 6955 11426
3588 6698 7201 8408 7333 4754 11336 11269 11246 9239 10797 11140 3366 9675 9436 10362
3589 4348 11281 2445 6949 7963 10255
3590 4162 10180 5675 3968 9658
3591 4041 4085 3330 6588 5922 4434 5053 6119 3189 7092 7164 9448 4980
3592 642 95 1179 7995 11072 3411
3593 11587 6138 7293 8850 8815
3594 10541 1977 7322 8770 8703 8461 8460
3595 2277 7073 11018 4400 6555 67 8078 6671 9447 10733 5500 6682 8427 6524 10669 2995 9331
3596 6230 2561 4114 438 3441 5129 9008 3102 7240 4232
3597 264 156 155 4260 10903 263 1408 9461 9723 1849 1133 355 1001 3603 10789 2370 5481 3625 267 2979 4042 5391 5510 2883
3598 2035 3913 6261 2512 1528 4125 6056 9576 8714 7119 2716 6607
3599 251 10355 6 8112 9930
3600 8827 6535 5303 6956 5886 5519 6697
3601 7009 10093 284 10429 5639 8551 6857 5246
3602 522 9941 3882 2395 6053 4980 11239 8575 5187 5372 4320 8001 6418 8022 8005 4276 6432 10867 7585 10374 4895 7567 7449 5865 6448 6675 9665 8643 7430 9077 7568 5787 8629 7042 6135 10569 7630 8139 3896 105 9596 9596 8272 10159 11186 10216 8438 4736 4823 6835 6838 719 8597 5245 312 1875 4342 6030 7717 8302 9781 9340 7973 11465 3394 7477 3207 3034 2961 7188 7297 6124 4967 10405 10151 9618 10732 10302 10792 5893 10757
3603 1292 10638 3412 4243 4621 8347 3557 1271 4881 7577
3604 5761 9376 4716 7068 6680 4202 8575 11029 4932 7313 6782 8701 6430 3844 7040 8248 1765
3605 7366 7453 7057 7251 10143 6208
3606 4423 6156 6364 5922 4529 6182 6803 3904 7670 5692 7962 10883 4841 5453 7650
3607 5958 11624 10058 9975 9074
3608 7057 8150 8150 1777 2681 3325 5409 5123 6059 9078 5662 6789 5202 11536 8644 10786 2308 4730 7799 4024 3089 4809 1712 5502 5187 7306 8572 9475 10872 11006 9782 344 5079 5102 9293 9112 8857 738 10146 10057 10057 11170 11066 10028 9257 9463 9835 8110 10415 7902 6191 8322 10510 9170
3609 6712 1922 11092 1495 2407 6261 2421 5174 5136 3651 7093
3610 1789 5761 6301 5207 5162 824 7604 10959 8909 3835 3142 6521 7382 7136 9643 9356 9312 8355
3611 98 11511 2070 4614 3549
3612 3330 3405 5457 7133 9126 9565 8876 10516 8146 5296 11024 11432
3613 4232 4671 5790 4692 8933 8500 10866 8514 8155 9229 8414 542 7181 7957 1981 9256 11029
3614 7784 7465 3127 7163 7751
3615 6195 6037 8912 9319 10521 11528
3616 5740 6780 6032 5676 4854 10897
3617 7040 10064 4146 6874 9375 10678 10673 9756 11496
3618 3258 6712 1376 4100 5513 5670 4592 2155 9692 3536 7098 9616 70 2991 2573 1808 458 3236 2861 2766 5006 9495 2639 8567 2873 2771 10739 4491 11206 9044 1628 1800 2530 5444 2666 9215 2815 5601 5978 3654 5009 3664 6056 5343 3722 5017 1929 8160 6476 2866 2394 11099 6578 140 9977 9547 3313 9999 2850 3256 11241 5013 5321 2365 5477 3496 7080 6554 2443 5227 5124 5499 6025 5631 7898 4721 1462 2275 6971 10786 7263 11574 10867 8625 7275 7043 5081
3619 2469 6794 4496 8714 10215 8206 6633 11131 8100 8788 7584 6586 3818 8758 9334 5057 9306 593 586 579 588 5652 599 587 9294 9281 578 584
3620 203 8503 7378 546 10937 9229
3621 5054 8496 2242 2249 2250 2329 10842
3622 7359 4092 6317 5483 5223 8561 5035 613 3017 6739 10133 11438 3724 6224 7406 4184 6463 2513 6804 8844 4935 9307 9263 3938 9178 11392 6656 7142 8204 6931 9124 7786 8893 7524 2927 5610 6028 9386 9265 9310 10239 4698 6696
3623 4610 8956 10324 5525 8378
3624 5758 10107 1287 1038 727 1796 1032 5054 1060 1201 10438 10373 923 2358 11101 11414 2107 9860 171 8010 4116 3225 6349 3627 4078 6429 5411 7685 10558 8327 1779 2482 8780 8045 1156 510 9155
3625 5322 4726 5720 7779 5672 6651 9051 7692 11161 3195
3626 8797 10038 3829 10795 10032
3627 1243 1287 10107 793 1371 1333 2014 766 2355 10974 9369 1920 2678 3081 1847 4857 2387 1800 4140 3260 5428 3086 7486 7901 5048 10866 9291
3628 4943 5274 5830 8692 9058 9605 9885
3629 10016 4230 2958 7201 6883 848 3251 7431 7220 7058 3175 8683 8207 9427 9638 11453
3630 2601 10051 9876 9649 9222 6677
3631 850 3007 96 10020 1930 678 813 7625
3632 1826 4999 2498 6284 3479 4108 7962 4252 4087
3633 6683 5147 7470 5982 7618 7134 7454 5941 509 9906 7814 8285 10856 10094 9901 11097 10116 10661
3634 1413 10908 5636 7102 4916 11094
3635 5767 9338 3730 7897 6604
3636 10397 7333 8444 8344 2377 7046 9975 10532 9753 11035 8627 9199 8913 9116 11254 7363 399
3637 1676 10694 9721 6650 6099
3638 2627 267 2330 5371 3170 5534 4254 3620
3639 2813 3870 11386 6089 1267 8347
3640 8022 3194 3076 2504 2969 3047 1675 9646 3998 10662 3954 1769 8470
3641 4278 7855 9051 1751 9820 9822 11102 5655
3642 4231 1179 3515 8788 9867 2276
3643 3637 1395 4997 3972 7830 7008 4705 6179 5968 6488 7273 5048 8862 10040 8480 1852
3644 9811 5584 7350 4614 6651 38 654 10765 4384
3645 5114 7034 4398 1925 6456
3646 8639 5050 5639 5764 4915 10463 7042 9627 8752 8043 6261 9201 1709
3647 1486 4437 4671 7859 9433 9490
3648 319 8416 5679 7251 3730 3862 1966 11310 6860 5274 8334 11270 375
3649 3255 8926 8478 4725 6963 3779 10459 8589
3650 7212 3871 11489 7688 10937
3651 9139 7676 161 9804 8960 8679 6260 8326
3652 3659 3972 3867 456 2492 3563 3513 3203 216 4263 2580 3098 1092 3370 6470
3653 5723 4179 8001 1637 9190 4120 9972 6532 7552 9728 7546 6935 8864 9360
3654 11227 201 5752 10843 7585 7137 10631
3655 3552 1276 7359 10829 4477 7882 7882 6138 5554 5662 5029 6371 6354 1777 10937 10966
3656 1137 3758 6140 5156 521 7756 5978
3657 572 1067 534 702 802 917 1030 7833 4015
3658 6867 3758 787 457 7576 2207 2216
3659 11242 6283 4526 4964 1608 6801
3660 5174 5031 7251 7031 3040 5497 3251 10503 6105 7128 1645 6463 6269 5293 2644 5571 6110 3585 6904 11617 5458 6418 11185 6816 6695 6187 4938 7892 7898 8403 6142 10808 10898 7632 10131 10387
3661 7735 618 2856 3578 1720
3662 2335 4868 675 3793 10085 7803
3663 11059 11525 10618 11167 10012
3664 6692 9882 6003 8551 8765 6478 10003
3665 5596 8688 5906 10309 779 11509
3666 7796 8115 6797 10644 7395
3667 554 7658 1097 11275 3472 8024
3668 2283 3804 2798 2615 4473 5276
3669 3577 948 3331 8091 10644 9079 8271
3670 11287 6141 7886 9405 9298 9275 7186 10733 10645 9619 10869 11221 10057
3671 2458 4124 4089 3476 10503 5530 7045 6833 5833 3189 165 6841 9754 4324 6725 7035 10834 3765 6699 10653 3546 6565 3548 9743 7208 7006 10805 8871 9002 6691 10095 7061 10195 10172 6163 167 7645 8046 7317 9256
3672 2840 778 1479 8406 1686 5181 975 977 9749 1665 561 3193 3743
3673 3581 5738 10659 10605 8508 4210 6153 6726 5565 6571 5808 10454 7318 5788 5138 6231 10317 569 7185 3714 7800 9204 9861 7494 10254 10472 9980 10386 11244 3653 1868
3674 5723 8929 2344 11336 2785 3079 11597 11056 10843 6941 2644 5618 5017 7131 7528 8544 10478 4702 7667 5348 7564 6199 8525 8174 8669 11505 10643 11407 8490 5895 8965 8937 243 5072 325 2716 7061 9752 5074 10470 5612 11155 8854 6171 9409 591
3675 1073 1577 1345 9099 11347 3080 2104 3458 408 1835 1836 3235 6795 2991 10313 3712 7741 3221 2446 4921 3107 5725 9044 2995 1834 3772
3676 7095 2822 9930 4505 10693 4554 9830 7962 3321 7872 10659 4766 6995 8486 7108 5764 7734 8540 8588 4665 9652 1790 11453 6835 9511 8367 7850 7494 7315 5378 3653 10665 9037 9746 9980 8990 9553 10152 9927 7107 10256 8803 8323 6769 10602 5708 3523 9921 10066 8875 3653 10154 1854 9893 10680 8831 10646 6040 6197 7877 10942 10678 10628 9672 478 9204 9560 3539 8802 10583 11110 10401 36
3677 8827 11052 4029 1367 5809 10834 9164 8839 9406 8752 8847 9801 3844
3678 94 1729 981 1220 2188 1251 1336 2296 11074 9072 1532 2143 2816 1822 5700
3679 849 951 2548 1235 1352 2685 4146 4539 11264
3680 6771 6131 9100 7790 8787 8500
3681 971 443 1226 3675 2507 2491 2491 2741 10220 1650 9811 3142 6049 1731
3682 6342 3570 7798 5693 11136 3799
3683 5691 11359 500 10247 10185 8636 8021 11128 7499 8049 8323 7456 8971 10442 8173
3684 9205 7917 5560 10921 1747 3418 1569
3685 2908 4868 3242 2342 7026 3310 5386 857 3511 4142 11274 11611 382 8895 6361 6120 10133 2855 8151 11271 9550 9957 55 10702 10303 7969 7967 11175
3686 2051 1451 1382 10933 8720 1107 1849
3687 1371 856 568 187 3804 2491 3467 5510 3450 8921 3634 3870 3386 10133 11128 2308
3688 11164 5629 2023 533 2541 2202 7192 3345 2027 5175 2494 2294 6176 3931 4624 5915
3689 4347 9391 8081 10061 11398
3690 3660 3549 3756 9426 7543 9103 10360 8731 11495 10649 10563
3691 11182 8 6750 11032 8709 9548 354 10005 8770 976 8601 2276 509 9436
3692 4618 11182 5533 5928 8689 6980 7068 6267 11363 11363 3549 5100 8933 5445 7823 9894 8485 11193 7208
3693 711 3083 246 410 1898
3694 7822 5983 10866 8238 10005 6558 10611 7736 11303 8649 8009
3695 3046 6865 4469 7679 5023 10149 4759 6949 9263 9223 10678 6913
3696 3151 8896 10334 602 597 596 9227
3697 2026 4095 2912 2672 2424 2422 2076 3450 4381 2933 7286 8798 745 62 5671 2202 6046 9238 8496 2494 8496 8058 11530 7050 7049 7051 7492 6001 7848 9718 4247 11201 6979 10564 8808 10241 1006 7927 7928 10787 6933 11060 9035 11359 1709 9761 10609 10033 8380 10381 10976 3391 10572 10550 10550
3698 11587 4359 4153 4868 8805 10278
3699 3883 5589 6323 7725 52 7153 3123
3700 10634 2506 3669 9568 5866 3792 10391 2480 3744 10935 2817 11470 4128 3161 5761 10404
3701 1774 3559 6483 6261 9349
3702 10541 6037 11142 6150 6159 3298 1240 6778 8573
3703 4825 3234 7396 2229 2808 9975 11166 10067 11359 9957 8168 9635 9875 11133
3704 7453 3327 5946 6891 7638 10655 3568 7979 7655 7763 7922 8683 10977 3896 8955 8017 4916 9722 8517 10858 10101 9523 7902 10574 7382 7841 8935 10897
3705 5489 7865 6105 7843 4878 9391 8413 10644 8191 10683 9400 9351 2529
3706 10850 568 1960 1960 1960 97 523 1732 11079 2959 5674 4317 4460 3870 6279 2885 6178 6305 7600 4005 5051 7861 345 10060 3366
3707 5171 3708 10995 4907 4885 10490 7392 4744 2132 3931 10721 7192 4982 5514 7489 11009 4002 7763 5872 6537 7399 7584 6032 5874 7475 10905 4025 10669 8063 10214 7452 10831 7498 3987 9400 8970 7462 10112 10085 3614 9101 9157 5795 10333 10379 9177 8647 11441 10342 9819 8493 10099 9597 1852 9981
3708 7148 6585 6910 8962 11559 10415
3709 1292 5541 1383 2522 3283 7398 6806 5852
3710 622 2357 8660 1549 3963 5844
3711 4388 1044 2141 432 8546 10831 10831 1963 1512
3712 4789 6549 4536 5927 6218 3461 5015 5760 7149 3826 7657 4390 5454 8502 8478 9005 8796
3713 709 1108 1574 1380 2314 8827 7911 9446 6678 8959 10663 8937 6289 9023 8887 9597
3714 6317 7514 3109 5191 3282
3715 1215 11447 4735 4735 4735 2740 4708 3266
3716 8607 9590 10569 9195 7015 9958 11246 7611 9237 11303 401 5075 8914 8878 10060 6171 5327 7106 9212 10534 10473 10770 11266
3717 7308 6178 2891 7343 6417 8303 3104 9372 7676 541 1684 8966 8715 11171 9116 10278 7257 1247
3718 761 6208 8661 546 10127 9286 9272 10673 8092 10793
3719 2438 4621 5240 5888 11340 6287 7194 8220 7300 5533 6685 8391 10496 4191 5035 4454 7700 6506 8788 6688 6689 8133 4757 9388 5138 9852 9103 8755 8458
3720 2120 10915 4275 10916 10918 3081 10917 762 2277 6522 11492 6792 7259
3721 5179 4016 5726 4055 5518 955 2400 7864 366
3722 2325 10659 4304 7323 4528 4575 4477 5718 6829 3663 9639 7717 10254 3653
3723 2986 6752 6156 5646 7731 7370 4490
3724 3435 3301 11158 11157 4776 4892 7131 7021 10221 10959 6671 9473 5051 7676 3010 10678 5691 6990 9842
3725 7258 9000 10734 7131 256 7547 4073 8525 8531 9867
3726 757 571 2792 3783 10207
3727 2970 3101 9318 11440 6768 4503 8112 5939 7962 7751 3999 143 10649
3728 5217 9418 4539 9311 10857 9638
3729 11143 2713 5229 5484 8180 8372 7398 7356 6692 3995 6307
3730 2110 1243 10778 474 1130 316 555 7210 4763 4939 985 2993 9398 10599 2074 1184 1223 806 1673 230
3731 7037 3221 7764 10178 7852 7558 11605 7563
3732 1000 10288 1705 11147 1901 2185 2732 1563 4735 4124 11382 6833 9773
3733 4075 4964 5153 8762 10855
3734 663 9011 11297 8525 10451 10183 10173 9606 10788 9862 7494 9141 8888 6677 8583 8352 10173
3735 10336 4222 3481 1485 4051 7248 5781 2616 10644 11279 2669 9227 10073
3736 6139 8303 8193 7042 7891 8015 10182 8057 6878 10277 9756 10906
3737 761 3835 5989 6348 3021 5288 1177 5219 5201 9391 4735 10107 10373 11139
3738 851 33 1646 1499 3739 6005 13
3739 4578 8462 8564 3992 5360 764 2373 4928 2012 8416 5542 7093 425 5453 2920 5521 7284 8335 8011
3740 4652 7073 5409 10919 9391
3741 5879 11354 4959 5461 8827 6757 5182 532 8089 3549 7503 7553 248 11532
3742 4803 2674 9052 10831 9549 4655
3743 11217 2100 4042 268 7330 10389 8025 3764
3744 7351 8681 6435 10397 5989 4536 11182
3745 663 9722 8522 9336 10649 10677 10302
3746 5584 5182 7335 5844 6407 6661 4372 4115 3683 4530 4521 6515 3279 8112 4217 1470 6731 8736 5210 6557 11010 11237 1983 3985 2229 6543 4722 9676 8824 3783 9697 9746 9354 3727
3747 9894 8096 9888 10319 9221 9733 11219 9940
3748 6307 6361 7540 7217 11304
3749 5691 7813 8968 4010 10158
3750 6565 8470 10512 5722 6989
3751 5997 4609 6070 8104 9753 10216 5022 1833 9791 9254 8774 9123 10572 10731 8760 10874 9508 10773 9196 2159
3752 8331 1010 1317 973 2285 2744 2245 3635 3406 5827 1698 1201
3753 413 568 1961 1169 10767 771 4908
3754 9441 5170 4264 6182 3347 7716 11519 23
3755 8366 11641 8400 5140 6699 4228
3756 3685 2519 2667 3801 9099 11463 216 2172 3353 4147 120 2933 3823 2511 4329 1413 6407 2165 4647 5671 2980 11513 4532 107 5884 9718 6145 5609 284 10389 8313 8368 5919 9312 8284 9503 5598
3757 4305 3422 2489 11093 3920 3168 4484 2606 9931 2388 4770 6284 2487 9437 1330 5000 6164 469 5686 6241 3509 7615 326 5685 7685 8058 6892 11064 918 5985 6939 4183 9645 6634 5693 4507 7855 11232 6707 5636 7523 7468 6810 6954 8412 9718 884 6920 820 3278 6673 7228 6888 7249 8422 10964 7928 7929 7786 1006 7321 10779 10765 8214 8582 11062 5943 8261 7934 8469 9451 8037 4956 9325 8981 9185
3758 4927 7489 7403 7307 5227 6896 5506 7630 8456 8644 7012 9740 6087 9790 8574 936 4726 9462 8313 1355 3506 2835 6194 2325 4895 10508 5753 3976 11356 8328 10966 8898 9157 11477 11300 7499 9949 11421 10865 11066 9858 8316 9930 1253
3759 6742 2799 6303 4339 4461 4431
3760 8986 8660 10359 2625 2328 2343 11072 6388 136 1906 2634 3238 4093 2202 11454 8810 5039 4447 8554 4559 426 7140 7844 7494 11030
3761 1037 1386 9842 880 965 549 5038 1523 2014 3442 3334 5282 10885 1989 2083 3041 2148 2204 3011 9804 9236 1950
3762 129 4355 8001 5442 4232 1821 5432 7033 7367 2377 7520 5869 7857 5709 10007 8181 3787
3763 4434 4018 8338 2207 5873 5877 10575 4428 2751 2214 2211 5193 3109 6626 4972 4937 6664 8575 5347 3101
3764 4318 5630 4457 9512 2227
3765 3336 4610 1700 5529 6229 5965 8771
3766 3043 7370 7034 7771 7738 5730
3767 5154 3643 1137 6522 522 5148 6837 6549 10791 4163 5255 11502 10980
3768 9332 7703 10848 10286 9433 9614 11326 10596
3769 5557 6934 5501 2195 9009 9669
3770 4275 7160 6603 2646 6833 4888 3132 5568 9372 541 9958 114 8808 11228 8994 10318 3561 7783 10402 6524
3771 2467 2112 4215 3027 2459 7740 650 4650 2387 2371 10026 6751
3772 4970 6500 7490 5315 7826 10857 6882
3773 8641 11312 10512 1759 8925
3774 1184 6770 549 10426 10426 5305 7349 3332 1977 501 8143 4696 4486 7986 3350
3775 7816 6070 596 7689 6112
3776 1969 534 8719 1367 697 2750 4199 10711 6926
3777 711 2543 9017 2160 1102 11011 10910 1589 1263 444 2047 11435 10426 4413 4084 2566 10767 5309 904 1260 1610 5629 7100 7034 7025 7034 10556 7025 7034 6844 1221 7034 4874 11596 8863 5866 1469 10469 4270 6079 2265 11108 11624 9767 9790 4534
3778 5092 5084 8727 5104 10526
3779 4494 4867 6913 6295 9729 2632 6947 6671 5772 5100
3780 6883 9644 3101 2500 7300 6252 2956 6446 5030 3280 7577 6061 7651 7567 370 6849 6849 8788 9357 4611
3781 11088 3459 4020 4054 4283 3838 7635 9818 6123 9593 9807
3782 7453 10678 6424 11155 9685 10074 10379
3783 5880 1817 1736 9687 3860 9260 8368 5830 8686 9552 10761 8762 11130 3880 4098 8582 9742 8395 8253 5007 9161 11210 9060 9135 7421 10060 10249 2125
3784 9900 6785 9634 3264 5775 4276 7914 8980 1029
3785 1083 6915 5966 9190 10165 9590 8413 8294 9140 7782 8760 7713 7711
3786 6598 9972 8606 8871 8382 7348
3787 4148 1165 9842 3103 3251
3788 4657 11386 10644 6689 258 5138 8175 6474 8492 11405 10672 10717
3789 1147 974 706 10380 709 892 10339 10674 7021 555 2388
3790 11310 11129 9132 6517 2247 8636 10379 605
3791 295 5222 6444 4317 5689
3792 8576 663 11310 11476 8491 8819 9246
3793 374 11550 3203 2821 4075 5250 11136 7568 9018 92
3794 3040 11433 6432 2352 369 8367
3795 4456 7067 8827 8020 5612 9233 10930
3796 8408 4359 6248 8388 6967 11155 1754
3797 5261 6832 5260 2179 35 4785 6599 1783 1781 2487 4176 4834 8753 3291 6411
3798 6542 10466 11538 7697 4542 5505 6068 7784 10957 5812 9547 2609 7365 2501 4652 3925 5727 2494 3013 3231 5189 3481 3959 5889 7452 5458 7058 2946 7882 5052 3189 9818 5768 3916 13 7047 7516 7259 8022 4176 1645 5571 4957 4835 8125 6128 7455 5961 11079 6929 7979 8169 6217 10886 9899 8557 3175 6507 11312 11478
3799 2767 7308 7277 7246 5362 11074
3800 1474 3210 4494 6013 3730 4903 7277 6944 6586
3801 3949 4038 3327 2609 2513 3250
3802 1817 3873 5121 11229 1765 49 896 7520
3803 949 1421 1115 435 7113 222 2139 2203 2575 7186
3804 7860 9313 6477 6035 10687 10199 2970
3805 10995 5281 4940 4177 4399 4494 4509 4523 5118 4885 4744 5505 6264 3321 4503 5520 11163 9018 77 8527 6557 7684 7662 7792 10866 2040 6475 6675 213 7016 3175 7168 7117 6838
3806 2081 3576 10873 7833 4590 11498
3807 6894 10433 7277 1182 6548 4390 6964 6395 6935 8736 7763 10424 7785 8629 7630 9421
3808 1578 4355 3020 5695 5431 11470 7312 6814 4579 6648
3809 6532 4834 6280 9567 546 6383 7182
3810 2626 3432 2016 3131 4697 3136 7623 8198
3811 7008 11582 7086 6377 4936 5650 10624 11329 9343 9788 11082
3812 5582 938 1115 97 1487 4552 486 671 8907 527 6345 714 1357 2245 4997 9426 1809 1785 3426 3081 2747 2005 6965 2791 2502 1835 2912 9941 11369 1688 9504 3125 3418 3027 2977 3619 3452 3411 4901 5343 7732 3223 4392 4150 3666 8992 2394 6796 3021 3256 5873 10808 980 6127 9962 3557 6141 8309 11196 1536 6028 11483 6976 3380 6691 11505 11559 141 8199 10327 10327 6545 8708 9752 8891 7186 9192 9711 5382 9373 11043 1759 9245 8389 10868 10781 9662 7364 7181 11522 9815 9260 204
3813 5431 3544 6880 4586 4765 4981 3136 2510 11388 8296 8193 9627 10678 10939 10333 8046 10369 6801
3814 935 1447 455 7909 6248 10383
3815 469 521 7135 4693 7783
3816 4132 736 4811 11450 7240 8900 7988 7913 9630 8694 11176 9884 6760 9739 11562 9214 8548 9448 9992
3817 7389 8099 9882 5546 10620 8073 9599 3338
3818 2239 11507 2845 5412 6669 1012
3819 5136 8496 5393 5971 8354 6910
3820 4897 5232 4342 6635 4482 5143 6635 9061 9174
3821 3442 3442 7900 11011 8541 10426 1323 1468 444 2845 2725 8660 2355 3666 2629 4279
3822 10727 10673 7971 9490 8814 11078
3823 10107 1188 756 225 892 193 387 11011 977 6258 19 2288 1145
3824 7128 5590 7262 11025 9573 8725
3825 6975 6026 3319 6826 3498 8688 9462 10451 8922 9095
3826 7529 8519 5501 6133 9210
3827 6169 6208 5676 5607 6837
3828 4097 6026 11090 7376 3280
3829 4072 2277 875 1527 4495 4131 4776 5120 7053 3571 7030 5787 7839
3830 4547 6129 11248 7742 10653 6338 6772 5503 7642 7092 6215 4755 5433 11375 1120 2707 10653 9576 5645 3136 9067 5835 4631 10016 10873 5123 9110 9997 7659 8095 3950 8628 10595 8301 11430 11540 10594
3831 3093 11336 986 8910 6580 9446 6911 10286 10848 11324 7678 11484 11334 8449 8390 8788
3832 486 1667 2296 879 1258 2783 1106 316 3672 4518 4290 9345 9050 9418 8820 8123 10262
3833 696 3607 7398 7706 3650 11107 10211 161 9462 9360 8395
3834 2241 10687 5264 10687 4421 6391 6121 4839 8788
3835 4966 1776 7879 6766 10581 6117 2435 4342 4755 2984 9754 2251 3026 4090 7882 5832 3279 2365 7031 8558 6237 8058 4470 4556 7587 6478 1803 7852 7059 360 4272 5057 5061 393 10063 9744
3836 1890 7327 9260 6074 6315 1684 313
3837 2559 2405 1137 11522 4558 1534 4582 6580 2124 6278 5444 5695 7190
3838 3159 290 287 3452 527 1452 1780 1563 1450 3060 11531 8929 5421 2738 10653 3165 11608 10235 7453 4071 4713 489 1299 9722
3839 3100 199 2996 9841 4882 8032 5102 7906 1320
3840 4427 5121 980 7152 8252
3841 4993 3446 4077 5098 9578 1381
3842 7095 4895 7487 7068 6675 6408 7483 5789 8643 10659 10867 6899 7342 8456 1241 6678 8594 7256 3010 6868 9070 9579 9837 546 8885 11507 10941 9477 11244 10941 10177 10057
3843 10283 1030 8102 916 1284 2531 1464 8432 8346 5716 1536
3844 6399 6408 9391 8683 3899 9949 11148 7046 9308 7069 9002 10273 8265 8515 9032 10379
3845 7501 9799 6139 8704 9429 10810 10060
3846 8590 6138 6111 3540 7695 5293 105 10551
3847 3 9818 3313 7411 3212 5839 2610 4209
3848 3224 8660 4275 2663 8546 1749 7212 7073 5242 11406 2583 3051 2442 11132 11120
3849 7246 7162 2611 3477 11630
3850 5920 10490 7453 6435 8544 5 8183 3354 5561 7230 7268 7645 9277 401 5612 3764 8872 9252 10777 11146
3851 1487 788 1138 1449 2981 888 892 9632 5309 475 11242 1788 1261 1482 1453
3852 4601 6044 7258 6311 4165 5702 4345 10060 7168 11436 9993
3853 10605 9722 7862 8337 10047 10462
3854 10578 10088 2612 11089 3500 4775 11173 2180 3144 1978 1234 5471 10460 451 6008 3277 4908 11527 8281 4134 6364 5881 7075 3009 1121 4269 4814 6300 5265 8310 213 7448 6968 7617 7458 4801 6986 9591 11575 10194 9516 9751 10448 9168 7244 5647
3855 800 144 6913 6173 4986 7215 6029 5186 7160 10133 10920 8206 7053 4454 6442 5727 7541 2738 7049 4543 4882 4368 7350 8427 4319 4311 6711 8427 1470 6879 8479 4102 5811 6709 4507 9447 5634 4653 8430 6892 8725 7824 2841 3558 7051 4875 8391 452 6075 3186 8309 2007 6323 11271 11248 10838 6756 7275 8397 6696 6302 8829 7268 6490 10005 6638 10773 7242 10964 8458
3856 7917 8921 7163 8427 5903 2277 7225 9077 2985 8957 10159 6325 7012 8724 8605 6689 9429 9986 9400 10425 7677 8670 8570 8126 11047 8852 8692 8955 8471 10164 8141 5099 9296 5070 5115 8651 5830 8876 10009 10158 9819 11499 10829 9354 10663 8423 8493
3857 4142 5580 4974 8305 11015 9177 10619 11436
3858 7735 650 5181 970 801 3711 1202 1270 1400 2374 1213 8059
3859 7008 3592 2654 2454 4097 2218 6752 283 2221 10987 2333 4779 7025 3369 7034 1984 2545 8762 7741 1233 5237 2616 5431 4630 11274 4711 5177 3070 6601 8714 9576 6593 10211 7863 6756 8588 1756 7582 8300 8079 10310 9746
3860 804 153 7104 3187 7104 4053
3861 1046 9509 1066 9680 1727 7319 3378 3691 2274
3862 6309 7409 46 8885 8729 9861 9521 11333 9678 10806
3863 1575 10339 10287 421 1612 690 315 10023 611 892 496 1351 10165
3864 3816 1413 8 4339 6022 3156
3865 143 9627 6717 8779 2919
3866 220 5900 665 559 2262
3867 7587 7962 7281 5775 9372
3868 7212 3753 3731 4074 2612 4295 3552 7882 3522 5384 4461 5569 7478 4803 1079 1789 11065 1828 4520 6551 9818 3999 1182 1276 3026 5949 9108 5663 10875 6254 8020 8020
3869 9941 5721 700 3854 2747 5338 7740 330 3655 3651 8536 4591 4767 5241 4519 2124 6582 1462 4938 11531 4976 8125 5039 10905 8899 9406 8707 10761 11359 8656 7382
3870 1413 7255 11029 8914 591 9482
3871 10453 7830 2922 10668 3400 5127 2051 4432 8479 4623 6567 6167 6504 7536 6468 6869 8937 7176 9348
3872 11335 7469 5726 7452 1866 3585 3831 6586 8064 8056 2089 7351 8283 7215 6187 6801 7376 7243 4946 6185 7933 69 6272 133 7362 8674 9127 6003 7929 7996 7656
3873 8909 6824 9008 11056 2670 3127
3874 932 1249 2594 377 5365 7741 5160 8416 4336 5673 8858 10847 4935 8113 11102
3875 9722 8852 9183 9270 4769 9649 11567 10074 10282
3876 10649 4958 5942 719 8991 9116 10545 9640 9039 8786
3877 5391 6168 3762 356 4539 8771 7723
3878 6333 10971 6671 4827 439 9979
3879 7359 4867 6327 6307 5580 2207 11043
3880 6809 9286 9291 7889 9272 9797 5378 10398 3316 9747 5801 5797 9817
3881 10133 2560 2275 6794 10921 5342 10295
3882 4789 7277 5511 8049 10407
3883 8476 9555 7598 10225 10529
3884 3181 2538 1121 4335 7660 8003
3885 7081 11121 8041 11520 6037 6303 4237 4349 6464
3886 10215 4868 5781 5333 9627 6146 9676 10003
3887 8673 1378 4081 5454 6485 10576 8532 5816 4537 5910 3828 4030 6627 3256 532 6229 6396 7486 8089
3888 2072 11074 11525 10618 9863 10053 11549
3889 8890 5020 1151 1150 1858
3890 6262 9100 3632 138 5457 8788 10926
3891 1903 1673 644 428 2133 7227
3892 8338 2800 4521 4839 5823 3990 4682 10285 3649
3893 7368 7369 5197 11432 6036
3894 3660 5517 6856 9871 4620 7938
3895 7131 8681 6373 6078 5325 6780 4162 5051 8004 5082 11140
3896 1598 7192 4907 4638 3725 5343 2051 10257 2850 3978 4737 9576 10920 7824 11492 7160 7824 8427 8427 8427 11292 10898 10921 4587 6202 9447 9363
3897 5143 2595 2965 10908 2251 4404 2396 2016 9634 5363 736 7908 6732 3443 1275 1277 8338 4815 4244 3552 11502 7148 11379 4505 5832 4579 5663 3522 6843 4855 7431 11601 2822 2365 8112 10827 1761 8880 9930 8996 9798
3898 5983 6981 5333 9372 7853 6251 7454 2830 4626 8422
3899 5915 10332 9513 1056 1056 10008
3900 5755 5675 3429 9402 9791
3901 4826 8180 11039 11359 9025
3902 10929 7925 8343 9795 1562 5020 3105 149 2925 1878 4866 7259 8723 5120 5368 6208 8725 11412 5886 7058 4329 8417 11292
3903 3322 7299 11502 8366 4035 5971 9273 10938
3904 1619 1070 11429 3114 5352 4433 3912 7818 8852
3905 9941 7879 10546 10003 8834 5070
3906 4202 8685 10701 8544 9100 10565 2670
3907 2744 9065 1090 1117 891 963 1190 1502 1187 7381 7381 1570 5494 7809 1071 2135 10694 10657 2119 529 1919 9412 4310 1599 3131 6775 3883 5733 2055 2417 8338 9006 5974 3848 5589 6610 5262 8310 7673
3908 6806 7349 7285 5815 1929 11524 6565 2394 9930
3909 5766 4280 3725 9818 4902 3141 4 4739 1413 3850 4789 10836 11009 6007 5691 10666 7187 8496 10259 9036 8952 8923 9824 9652 6136 5469 10793 5323 10788 4006 7031
3910 11107 4591 5366 5399 4831 5394
3911 8890 916 303 1261 714 9339 534 7805 10974 2272 2366 4275 5268 5267 10685 5284 4535 4535 6775 6775 3827 1504 2456 3806 10685 4998 10317 5784 10228
3912 10314 10429 5434 5113 9731 1319 7675
3913 4702 2220 5488 2291 10915 8929 3176 5024 5633 10775
3914 7303 6689 8579 11476 10678 8505 9861 10173 9280 8450 9843 9207 9336 9805 4799
3915 3452 6867 432 7521 4885 10763 5655
3916 6530 7650 7758 3104 8671 7362 161 6662 10716 9930 7256 8410 7850 9214 6260 4301 9584
3917 7212 5474 10320 10959 10107
3918 6116 7300 6135 2473 4926 3650 7946 2251 1271 6210 6152 7065 3280 1643 4824 7823 10537 10451 7646 9894 7730 10398 9575 3523 7573 9485 10055 10394 10497
3919 7539 5639 6772 10429 10222 7920 5672 10866 10830 8996 8322
3920 761 9948 5437 5645 5620 5381 4129 7228 7961 6199 7837 8287 7967 10402
3921 3568 4227 511 6706 10470 8529 1709 9884
3922 1769 5217 2969 4102 4926 4402 1419 4621 2612 2317 3063 7427 5263 7619 7948 3545 5269 5888 9238 6177 7050 2820 5589 9318 1704 6337 1736 5888 2674 5683 6287 2344 9562 7049 6141 6153 6877 5004 11592 8669 8668 7929 8454 8892 10681 9537 11130
3923 917 1173 8762 10148 681 1487 2080 5311 11342 10311 6844 2405 2314 4365 5703 4464 3438 5065 5062 5076
3924 2755 2093 6261 3992 6568 3555 7138 3276 6279 6160 6806 1783 9645 6892 5985 5465 10644 9257 9985
3925 5541 865 3346 1152 474 1147 701 1960 1017 8103 3711 1294 124 5964 1223 8665 6208
3926 7237 10908 10668 4348 1925 3992
3927 5934 9808 6257 5592 9581 6975
3928 539 2755 3930 4089 4331 4323 2681
3929 5473 3517 4205 5095 9294 7362 8449 2227 1759 9127 1545 8988
3930 5723 787 4682 2533 3532 2378 2439 10831
3931 10721 6516 7282 6898 9462 2982 7739 8371 10130 8367 9628 8445
3932 11329 10194 5293 10623 7981 9413 10481 10162 11082 7943 7070
3933 11236 5695 4255 5779 10543 3592 9856 6834 6739 8004 7021 4241 5433 7084
3934 865 2853 806 10933 10811 3377 2427 3334 1813 2679 2144 1449 10621 1683 2290 2130 1863 3260 3224 1022 3651 4031 3339 11140 3311 2457 5163 1093 3608 3151 3015 5519 10044 4609 4606 4944 6521
3935 10911 3603 1137 2836 3096 4658 4840 6386 11434 1794 9513 5060 8046 7494 9266 3286
3936 4771 3067 5259 3407 4618 1704 1714 5583 10255 8045 8602 6071
3937 6488 9055 6834 5819 9388 11130 2165 5100 10451 11294
3938 2069 8660 2593 10438 3881 4684 7336 10967 9574 1142
3939 4544 5031 3251 5788 5668
3940 5021 3073 7623 2034 9828 9582 3273 10999
3941 4716 3015 7796 6969 8177 8758
3942 3629 7240 7577 3010 9599 11023 9702 9245 8674 9557 11109 9969 10357
3943 1583 6384 1328 694 1893 1726 5038 1998 1547
3944 6108 8738 5942 5078 5071 5082 5111
3945 3892 6729 4362 10744 10644 8065 8424 9804 8758 7061 9796
3946 5248 3248 11110 3164 1764 3552 2800 2595 4596 10945 3522 6683 2779 4461 10728 4477 8418 8058 3714
3947 11186 10541 7118 4847 953 7791 2648
3948 9941 5907 5159 5030 4254 2091 5419 9478 7584 8516 8116 8451 8764 8762 8239 8222 8457 11118 3382 7517 375 8742 11116 10940 6419
3949 1776 7240 3180 3649 5162 1702 7095 8652 10942 9147 11053 8803 348 2248
3950 1308 10966 10678 10379 7841 8872
3951 9576 6949 7274 5354 5948 6580 651 7328 10966 11346 10966 6801 3920
3952 5517 5899 7677 6749 6854
3953 7212 928 6250 7077 6801
3954 1551 4934 1243 7530 576 255 1503 9109 2355 1610 10469
3955 415 2590 10629 7781 5074 5086 10003
3956 7081 991 3564 5947 9260 3875 533 8788 4756 8668 5844 3690 10197 10892 10295
3957 3637 3569 8812 1916 10502 7698 7034 1776 1454 3261 3792 4253 2095 6138 4226 3566 3210 9769 2677 1063 6978 8910 4256 3983 4081 7542 8842 7736 9226 10415 8674 9003 8467 9208 8443 9815 11604 11537
3958 5564 4845 9447 6333 7681 2277 10136
3959 4090 11065 8738 5675 9057 11398
3960 3795 1946 5377 5250 2299 4392 4311 3893 2450 7300 5148 4804 7427 6177 3630 6337 5939 6506 2194 5587 4604 8781 8571 6419
3961 4571 7501 9200 6726 1733
3962 1764 2064 2731 123 4790 5228 5757 6471 3689 7487 3021 6457 5650 9515 10605 3985 9031 8594 11283 7853 1761 8789 8802
3963 6909 7990 675 674 8157 10815 10967 9649
3964 7327 16 6823 9874 8650
3965 9676 10543 6284 1322 1776 1789 5187 8403 11193 4835 6472 9408 11095 7261 1460 7455 4505 7903 7840 10738 9818 7594 9545 7540 9157 10512 9876 10269 9336
3966 2311 1670 3141 7259 5406 11520 7503
3967 4132 7406 6883 5780 8827 4841 5991 4315 3392 9079 4594
3968 1586 2613 4336 3966 4191 5983 8691 11513 3644
3969 4726 11625 6827 4945 7239 9391 9590 7374
3970 3494 8340 5734 7760 10374 4969 8846 9260
3971 9627 9380 11559 10673 11155 9232 11244 10296 10439 11282 11321 7958 10792 11442
3972 4449 4670 5174 6501 1765 6003 3444 4546 8172 2784 1194 8013 1554 3787 6622 835 7291 11288 9685 11140 10797 11362
3973 4217 8303 7710 10280 7886 7949 8177 10815 11276 10481 179 399
3974 7033 7375 9695 3119 8550 7294 7600 6461 10166 9389 9077 8683 3969 7412 9330 6270 10867 10415 6550 8661 8147 8632 9722 8524 9545 8746 6387 9847 8646 10857 10966 8624 10072 9939 9831 8915 8950 10831 8887 8512 9821 3204 8426 6493 10785 11585
3975 5368 2059 6014 3994 4219 10044 9515 6975 6953 9414 4372 2400 6304 6942 10433 10687 10866 7140 8063 11161 8788 9694 4898 9466 8229 7767 8677 8009 4098 8795 8785 9684
3976 6296 5232 6137 5168 9241 4680 10904 6140 2007 4255 7980 7251 6700
3977 8288 5207 1921 7962 7038 8335 8283 1977 9226 8186 5103 10315 10157 1156 8376 3653 10407 10066 9068 9937
3978 6327 4660 4501 1462 7058 6270 5710 8348 8644 11505 10327 7932 7525 5885 4792 6651 9694 9021 9744 8177 9702 9802 11445 1545
3979 7476 7092 7755 11375 8608 6776 10060 9493 9640 8726 546 5074 5083 5862 4008 10571 7087 8336 11100
3980 1649 666 746 2157 792 791 1640 1285 3115 1641 889 428 1644 226 457 506 1202 11135 226 1517 4524 965 135 3877 1732 7647 2120 7620 2245 972 1721 2688 1715 812 1851 1363 3015 1345 10604 2242 2249 2250 2181 10376 476 1071 1839 3080 430 10220 3943 9883 11242 1385 2567 10621 10789 3135 2741 1533 10713 5311 2740 2762 1436 1892 2401 3139 2814 2255 1760 2998 2742 2359 9735 392 10767 2107 59 3171 11072 2892 3854 381 2758 2067 6273 2480 1303 9402 9517 3445 2044 5008 6448 2992 2721 2182 2188 2143 1762 3038 2949 4733 1514 634 4663 4238 1602 3243 2782 1446 3168 5248 10084 10461 535 1480 8720 9841 2957 3453 2905 3029 3263 2205 2714 9920 2653 1953 10469 2375 4573 1948 10951 1980 4141 2446 3259 357 6005 2972 1453 3036 1358 2846 8075 3664 3164 4616 6273 3031 8813 3451 492 3449 4866 4199 3513 1822 3970 658 882 2064 3572 4831 4180 5394 11458 3148 352 3004 11529 5727 1343 1706 2358 221 3963 446 2839 8342 3816 7394 7394 7394 2326 267 2388 1841 1075 11123 2698 3005 10799 4253 10740 11429 11336 11435 3240 8779 8779 8779 9644 7002 2113 3520 1840 2587 3098 5995 3370 1127 5497 11158 11238 5671 4811 871 10714 4990 1651 5894 11110 4915 6452 215 7281 2481 8093
3981 3708 8287 10016 8838 2482
3982 5331 4926 4548 6839 9260 4813 4166 5649 4753 7275 11548 7929 3644 9090 8693 11176 10731 9714 9535
3983 9591 1168 1966 422 323 1583 11244 1017 10636 443 1580 1273 371 7657 723 2061 1711 3369 1894
3984 6408 9540 8035 7677 6666 2229 9466 10241 9753 9762 9699
3985 4076 4438 6385 1702 11037 5507 8850 7669 9123 5059 7689 10087 11218
3986 3446 6960 9967 11432 8993
3987 4218 2369 4854 6137 10875 3148 1558 3970 7286 5366 4984 9977 4353 4509 5874 4113 6649 6645 5380 5679 7508 7784 5474 7882 7335 7755 6470 7684
3988 11584 4855 10741 9791 7770 5593 9492
3989 2822 7903 5877 11119 2279 10478
3990 90 7816 7572 6738 5941 5950 6802
3991 464 513 2727 4942 5776 6998 5806 6576 10967 10295 311 9987 11432 11104 9236 9801 8449 7992 10319 10555 8928 9725
3992 2006 5250 3935 11234 2012 1534 5671 11339 4609 4071 3335 6413 6642 6144 6997 9845 4739 942 6062 4844 7558 7715 8765 5536 7688 7743 8452 8779 4029 2808 8635 4559
3993 5512 4884 5822 7178 6813 6807 9304 9193 9124
3994 10543 3926 7053 11440 6623 3978 1281 7721 8937 9924
3995 1663 9417 2344 2844 3898
3996 5580 1308 9986 7993 8904 7598 10300
3997 7479 10495 3822 11346 9649 8483 5628 10644 7931
3998 5839 6117 6766 11374 10815 5074
3999 4016 9527 6409 5960 8058 8418 9376 3700 1718 7979 6435 8099 9731 8900 9159 10015 4232 8659 9689 9746 10398 10529 10741 1590 9658
4000 650 2080 4045 1668 5629 2100 5226 6215 4534 7006 1471 7932 624 9030 10061 3891
4001 2596 7349 6502 6365 9874 9231 9232 11604
4002 6429 5322 5085 8754 10451 9605
4003 5125 4674 4216 7366 3986 6120 4299 4813 5088 5107 5096 10494 599 4762
4004 5767 9460 6225 5298 9034 10203
4005 7069 7770 114 9034 8694
4006 7146 4950 6598 2201 995 8352 6048 9185 14
4007 10337 6978 6090 5214 7447 5359 6356 5327 6528 5063 11398 11509 11533
4008 3796 1907 1769 11597 552 11268 3654 5001 5528 8929 7080 54 4710 7821 5234 11348 4227 3728 5866 9448 3494 9590 8444 9402 10286 8573 7866 10854 2701 11531 6378 8995 8287
4009 3549 6615 10216 6688 8692 9742 9842 2238 5059 10358 9842 8460 9888 9514 8171 9606 10028 7943 10623 9001 10717 10497 3989
4010 2272 4778 6870 7132 6287 6206 4999 713 3884 10297 6939 3319 6302 11351 8920 8492 2786 5107 603 6357 9888 10451 7494
4011 9961 10093 8797 10396 8515
4012 4255 4556 9515 7632 5957 1986 10715 5652 5216 8045
4013 4811 6057 7554 362 6308 11075 5138
4014 5368 203 5734 4590 10644
4015 888 10539 1104 2520 1633 2852 2388 3638 17 7034 4253 6816 8308 5631 4262
4016 6435 5936 5615 810 942 6303 3328 2913 10429 10295 11612
4017 2444 7341 8921 8332 5192
4018 10720 2117 8032 9645 409 5613 9376 536 7656
4019 2689 5679 2643 4287 9371 5810 10529
4020 679 2788 9426 11435 5126 3898 6794
4021 3015 1738 5425 609 5166 9151 4025 2967 3070 4350 3472 4187 3238 7453
4022 5679 7057 5571 7220 5613 4287 4890 10016 4884 6418 6848 5212 7879 8921 826 447 5602 2308 824 10069 8574 10704 6548 6321 6354 8040 10905 7542 10738 9627 9112 11312 6206 11595 7657 11007 8361 9336 11570 10415
4023 6796 5342 6858 7800 11023
4024 7721 7860 3660 10871 7739 250 8893 11592 7998 7928 7538 9719 8003 2701 9741 9570 8604 8826 8822 10140 9658 7724 10146 10966 11554 10170 10041
4025 5608 6089 6628 5878 5748 8223 7305 10883 10834 7994 5381 478 10063 5598
4026 4085 11163 7409 6715 4534
4027 2129 3574 3323 11382 4073 903 1281 7411 2439
4028 4219 10095 6731 3548 5111
4029 1755 1135 3972 3098 10889
4030 4275 5579 2849 1330 2134 175 10917 2495 2991 3450 2972 7683 3430 3359 4031 3452 3906 4111 2204 7160 7824 6309 4948 9356
4031 6658 6870 4834 6790 11352 10532 4114 8940 5654 7471 9161 9950 6993 9039 10897
4032 6850 231 30 10334 9988
4033 2065 8567 9416 992 4328 4067 9442 7459
4034 1147 1200 10656 941 1294 4838 2493 9402 2300 3696 3239 11545 8498 6313 9366 464 310 10059
4035 1388 1516 7319 1819 2156 2003 2486 11206 3790 517 5849 4697 5130 2858 4821 4579 4825 7534 4916 11477 10526
4036 992 3390 1885 4204 2581 9646 2800 4178 550 3662 7583 4293 6410 526 4779 3483 3953 3778 2533
4037 1147 4866 4934 922 2993 1898 956 1134 997 11214 11069 9311 5342 7446 5968 6315 8841 3756 7945 5958 8707 11039
4038 4578 4920 3201 7522 4536 4027 11325 9981
4039 7005 1138 755 720 10607 443 717 791 4300 4238 3250 3386 3947 2884 9499 3611 6638
4040 1369 2767 6909 3826 7476 5533 1736 4917 11586 8369 7919 9372 9372 624 7985 7318 10451 10776 9256 9890 9994 8360 10953
4041 2305 4871 10088 2536 3367 10314 2381 1407 2963 1878 927 4007 6256 5463 4406 1376 9150
4042 4652 6396 5148 4755 7453 6274 6154 3669 1182 2400 8503 5131 4154 7259 5871 5966 7283 7519 6253 7667 9335 8425 169 10230 9224
4043 6658 7578 4081 10533 6162 10644 8688 9694 8698 1505
4044 3851 650 2226 1559 2206 5241 3708 4215 6518 4658 4744 3589 10995 2434 3302 1780 6198 2673 8432 17 2299 166 5617 2558 5471 449 1456 3562 2866 4538 4793 4291 4036 3803 78 3616 3785 11220 6369 7159 2137 4782 5158 3087 5364 928 5157 9849 9657 8510 5670 3634 8704 5306 7580 8056 8402 8847 9138 7991 8987 7484 8399 8733 7007 8023 2297 9092 7669 6571 10796 2671 8333 8524 11292 7764 4609 6697 4788
4045 6173 9532 5989 11569 6935 3155 3468 6589 7542 4958 7897 8136 7728 11255 9227
4046 5760 5744 7011 7793 692 4933 7811 8999 9601 7720 11543 11108 9753 10846 2227 8929 9216 8931 11218 8604 8201 8467 7474 8522 4117 8059 4117 9158 10966 11106 296 10675 5397 10616
4047 1663 459 1725 4674 1969 2212 4795 7381 10321 3815 10343 2388 9721 8264 9808 8314 5385 1369
4048 2199 5786 1631 8308 7327 1712 7405 7980 6038 11352 8259 7112 4669 8345 5968 4455 6957 7505 6599 6108 284 7175 7538 3644 9392 5854 8703 10373 10854 10335 10567 4384 7167 8047 9543 9738 10126 8320 11586 10513
4049 7277 7424 7283 5539 5775
4050 9601 8847 8431 6727 10965 10097 1993
4051 9151 9941 3589 3130 8001
4052 4100 10769 6279 5125 5706 5961
4053 9530 8944 11276 11376 9658
4054 988 442 11363 518 7317
4055 7570 5549 4579 3251 3180 8112 4505 7903 3999 2822 7962 10693 6660 9799 11161 6064 503 240 10034 9175 10439 3653 10432 6260 10398 11469 4301 4307 7107 5545 3653
4056 1469 3563 3942 11357 2375 3274 1234 5603 11185 1922 5995 3211 6261 2898 2850 3221 3698 8630 2169 1182 4819 5939 7189 2916 10340 9588 7792 6437 1791
4057 9645 11443 10503 6651 9190 7289 3787 9267 9848
4058 1008 10900 11559 10501 11624 7363 9839 11112
4059 9145 3027 4088 854 4518 7615 4276 6332 5051 2380 11064 7685
4060 2623 3310 1394 6462 6176 3931 4159 7038
4061 4628 2669 3294 8358 11106
4062 8383 6944 8805 5073 402 5100
4063 378 1264 391 1206 789 387 793 965 10636 576 723 791 1174 668 1542 8496 6132 2268 7974 10974 858 8533 2567 858 2688 2570 1484 1201 1086 10814 9883 2952 2385 476 2638 11072 6132 11138 450 1180 103 2416 9481 11596 1872 3565 292 9646 10634 7768 5263 4806 4439 445 6099 4247 6103 1602 10299 8725 9687 4209 74 2851 6901 5856 5297 11248 4507 10827 7084 10233 10233 6826 1554 403 3252 5556 6163 10668 9494
4064 6244 824 5968 1424 10164 10559 11041 9136 9173
4065 10832 1480 106 5939 7419 7105
4066 7065 5751 10191 9330 8287 8569 9639 11048 11596
4067 1200 1758 6384 2465 10509 5304 3344 4364 3703 11046 11621 9277
4068 6729 5349 2443 7045 2610 5347 3882 8004 11193 1083 5325 10893 4987 7736 3048 11473 10965 3738 10122
4069 9886 7565 8127 7708 9390 7573 8885
4070 2312 2396 9692 208 3998 11633 9241 2415 5053 2289 5252 2687 4790 3947 4548 6331 90 10712 6789 5714 5211 7831 7863 10731 598 8820 8760 3528
4071 2967 2669 3179 1979 9238 6364 4872 11437 9744 9552 9249 9454 7488 9189 5550 6656 9092 5390 9452 116 133
4072 7450 4451 6731 11456 10222 8788 9479 9407 9359 8326
4073 4230 1765 5474 2913 5540 5939 1629 6814 9688 2132 9190 3578 3517 4584 7667 5950 9335 10871 9743 8214 8537 1756 11375
4074 5922 3680 5003 6320 9400 8095 8046 9777 2684
4075 7292 6851 11056 10733 4726 6671 9753 10715 8289 10152
4076 3118 5735 9417 4175 4776 8863 6941 980 7048 6279 3072 1054 3463 7718 645 9896 6305 8577 5719 7983 8431 8994 10643 8177
4077 7100 2848 5978 4972 4150
4078 4275 10918 4857 10917 2551 442 2944 4965 539 3277 4975 6275 4868 10009
4079 479 4811 9008 6875 2881 3615 4133 2279 11443 7905 6121 49 10258 5738 6135 9446 10419 4722 9209
4080 4688 9077 5506 9583 2985 7897 10678
4081 5706 6323 8234 7081 5928 10005 3927 127 7441
4082 10004 985 10728 180 1037 495 1697 1969 4177 842
4083 5702 6458 6404 9777 11208 453
4084 5485 4220 10340 1600 7994 7156 8883 3334 8399
4085 10993 5396 9527 9598 7706 26
4086 4554 4521 11260 7825 5906 5218 1974 7889 4237 4967
4087 11209 10180 10901 11056 5196 8551 8486 9074 9848 9915 8861 5192 6638 8939 8059
4088 3656 5975 7427 5108 5007 10153 1672 6231 7065 9140
4089 5121 4339 5828 1832 6293 5460 3619 5713 11526
4090 1902 2849 3168 4248 5617 3278 11136 884
4091 7465 7300 5984 11476 8715
4092 10022 4037 3737 3978 10734 11546 9373
4093 4085 4009 5226 10368 3728 8454 5348 8114 1881 9335 10866 10110 10030 9490
4094 4426 552 8685 7738 6393 7370 2776 6947 4726 11315 10733 1866 7139 7873 5813
4095 6393 9318 5432 1821 11450 4674 6842 10548 6075 4914 10297
4096 8408 6196 735 9357 11556 8998 9314
4097 10608 9681 992 5199 1558 2051
4098 9966 154 359 268 3576 1924 455
4099 3322 5959 3490 10720 4450 4111
4100 4426 7465 7994 2165 8327 7425 10788 10328
4101 8385 6710 9190 4019 2382 912 5165 8905 11300 5327
4102 7255 3484 6090 5170 4912 5289 6106 10141 6007 11316 591 582
4103 7217 6838 10058 6877 6632 7479 6030 9340 10358 9263 9755 9052 8991 10107 9404 976 9888 9468 9075
4104 6931 10857 9193 5087 11460
4105 2915 8909 3461 11007 11354 4321 9410 6640 6666 10003 7069 5071
4106 6660 8034 8350 7743 9975 9437 8121 10966 9706
4107 3753 1650 6533 7965 8619 6736 8684 5137 8524 10670 9224 5988 10892 9269
4108 8871 9975 144 8472 8976 8806 9732 10379 9508 7222
4109 3625 3686 5431 2784 3777 3140 4123 4146
4110 3127 5405 464 5894 4930 1005 6027 8788 7007 6102 1568 10404 3839 11605 9225 7230 6970 3738 11128 4584 11457 11030
4111 5922 6732 8730 8253 9070
4112 2467 5356 2887 3436 3531 294 1881 4287 9376 9823 3132 6463 8283 10233 9904 10185 9998 6809 11309 9353 10708 6036 10160 10802 6004 6993
4113 6535 3017 5590 8827 3178 7686 8405 10644
4114 3469 4085 3419 2071 5824 4016 5518 3669
4115 1502 1958 798 749 1531 3639 561 3106 4403 6771 3660 314 10388
4116 1663 7647 915 1306 2188
4117 5931 5946 11025 6778 163 4217 10808
4118 10815 10815 6691 2247 11296 11303 7645 8236 8126 10229 9089 8828 6357 9888 9631 10137 8253 9732 10358 3108 9787 9647 9135 10474 10212 7645 9738
4119 10490 7036 6559 6641 4903 7964 6444 6500 5956 3089 10649 8237 1 7979 5333 6217 6108 6869 11010 6890 8683 9932 9330 8139 9596 8016 2297 6136 6474 7669 1355 7484 8987 8722 7841 168 7812 8000 9386 5795 8742 11570 11240 9970 9926 5688
4120 10608 1926 2376 1405 4047 1338
4121 3066 11363 4718 10058 10449
4122 4143 2823 2274 2231 7764
4123 4892 9358 5288 7821 1840 10153 5202 1751 7775 7599 2232
4124 6923 4740 3615 7409 5464 11247 5333 635 3703 10924 7258 7626 8805 7420 11278 6121 11348 9347 7123 235 7936 7888 11493 7328 4254 9008 5600 8788 7415 3732 8064 10893 9086 7839
4125 3826 3088 5527 6535 11463 6846 4447 5431 4810 6884 3151 8798 9186 8286 9662
4126 2381 868 1559 6501 5454 9187 8191 9379
4127 9886 6027 7783 4945 5319 7230 9125 7897 9565 9958 9947 8000
4128 920 965 1412 2136 977 791 472 3185 9687
4129 5824 4893 6296 6261 5044 5176 10541 10927 6873 3089 6309 9615 10390 3778 3965 7489 4856 11437 7784 9077 4327 7756 6389 8347 9644 5695 6376 6588 7036 5680 6226 9818 7027 8238 9806 10659 3119 3581 5509 10728 4869
4130 4667 6732 5324 3073 10603 3557 1322 4572 11225 6696 8142 11213 8340 7528 8226 6657 5646 419 6911 7679 6802 9526 10211 8847 7873 6857
4131 3850 8275 4329 2890 10875 3826 8727 344 9854 5270
4132 7663 10653 3857 4039 2008 5356 8347 3111 9961 5136 2705 5613 735 3544 5915 4537 4421 7882 7220 2707 3647 11278 5380 9077 5132 2681 8561 7799 8007 8408 5332 8590 5678 3831 7489 7452 7917 10967 10718 5393 9645 4350 4985 777 10653 4015 3983 8502 3312 5276 5220 2308 5510 10503 366 5880 6217 8080 5781 5823 5764 8277 5333 7455 7795 4868 1415 11247 10415 11331 10569 7484 7975 9092 4735 9082 8847 7606 8733 8805 3895 8353 8574 7673
4133 8552 2906 7829 5788 8461 10986
4134 3451 492 4592 5721 11594 2007 7251 6602 5695
4135 8807 8807 1274 495 1134 1914 486 473 6258 1306 3647 1062 1611 187 10604 10378 2359 10888 274 359 3475 3105 2925 2876 4239 2803 752 550 3823 2052 5725 10192 10668 10883 8061 10696 5958 4218 11611
4136 5670 1569 3855 1309 7394 7394 7394 3190 5170 6092 1075 508 4603 1504 4078 4115 6061 9238 10714 11121 5269 1512 1438 5877 4361 4586 3558 6442 7535 2920 5510 7905 1470 8345 7504 8397 6363 9744 2641
4137 3871 5471 3655 2521 1985 9826 10340 6696 4776 7259 5151 2377 9311 8562 8358 9677 9752
4138 9372 7039 5899 317 9821
4139 10368 2158 3367 3986 2494 224 3960 4499 11315 9044 669 11384 5695 9550
4140 1653 11214 11069 691 494 4582 2736 1605 2747 1810 2698 2499 2032 3963 2138 4662 8699
4141 1264 3655 10883 6522 4614 500 8349 11034 10672
4142 5745 1064 10919 11492 10919 8723 4659 11619 10172 1934
4143 871 8001 7739 8756 7185
4144 5870 7231 8107 7338 8641
4145 1018 1314 2426 10895 9442
4146 865 7845 490 1151 3346 1147 1150 2628 1898 744 8533 27 2288 3036 2599 5302 531
4147 4073 4236 4133 3127 657 114 9804 9030 11405 10587 10687 5628
4148 5226 8449 516 9275 10533
4149 1140 2834 4255 3893 11360 4621 4067
4150 513 4542 7917 11225 5
4151 7796 9391 7761 11296 9053
4152 900 8719 1316 2197 2656
4153 414 1455 1429 7672 680 2418 1524 10690 8929 3331 2966 3577 3572 4821 2332 10823 3977 10372 6702
4154 11251 8143 5308 3289 8203 10122 7584 7855
4155 457 2224 5886 3828 5281 3996 7201 4173 4286 11087
4156 5769 9151 6973 56 9694 8632 9136 6193 3787 5882 8876 8472 10868 9995
4157 6373 10242 9164 3280 8265
4158 4027 5602 4868 6605 6321 4556 3660
4159 1851 6996 4762 7698 2951 3349
4160 925 11522 9844 3068 15 9670 10686 9612 10770 10540 10406 10445 8317 11106 7705 9854 11542 9757
4161 888 494 1191 799 701 1062 1443 1088 1678 1870 10117 732 1786 864 873 83 1725 3921 8137 1181 798 1611 10888 11160 1391 776 6339 3734 10917
4162 6693 8551 1637 9599 11375 11391 7603 11528
4163 5744 5440 2643 5188 8430
4164 5467 6540 9017 3438 6801
4165 21 8842 7863 6231 6193 9082 7572 6662 7897 8164 5203 7800 9186 7673 3010 6424 7315 482 7806 7804 7676 9975 7692 9540 1080 10573 8932 9566
4166 10655 2243 2173 11600 3989 2023 2499 2496 2856 10530 3966 9841 9828 3330 4537 7559 10890 7390 4349 8923
4167 677 5282 787 2114 8635 4750
4168 6023 8678 10761 3890 9561 10334 10008 8677 8518 6260 6036 10567 9937 9963
4169 4058 7748 10937 4666 5508 6051 2644 4101 2478 9112 7517 10152 10272
4170 10306 6084 4927 5176 6307 2101 6585 6991 7882 5905 8805 8430 7942 7807 4674 11283 10216 7289 9722 8704 150 10072 9512 8722 10415 8675 10942 8319 10831 10706 8671 9092 10445 10373 11417 8814
4171 8058 3904 3996 4819 5209 3557 9811 2773 4307
4172 5436 10064 8723 2644 7375 9414 10213 10682 10115
4173 1475 2078 4076 2381 10169 3116 5446 6062 10866
4174 9460 5958 6259 11350 10678 8424 10687
4175 10521 10613 4620 8227 10542
4176 1817 6898 8962 6638 9216 8893
4177 3484 2456 5035 6570 5457
4178 964 3006 422 3006 3006 7203 7778 2056 771
4179 3359 7697 4904 4542 5592
4180 1077 5006 2905 3507 10106 2086 5248 8287 650 4279 1826
4181 3191 2382 3870 8338 5848 5143 4414 10867 5540 7185
4182 4553 9586 5227 366 3676 4447 10905 8119 7551 10673 10057
4183 6875 3859 887 4462 6131 8120 5037 3750 8293 236 10848 5552 3732 10830 10404 10898 7145 8869 9048 10937 7770 9987 1319 10613 10217 69 9854 10913
4184 2858 4868 3293 3291 10714 2342 201 6572 1057 11597 3462 4112 3670 189 3629 8163 7293 4375 9446 10961
4185 7281 9038 5933 10425 4590 6145 9426 3787 7899 3783 11303 9719 1882 6387 9175 10295 10295
4186 10787 8658 8676 9538 9786 1253
4187 5820 5622 4357 9634 4713 7917 112 6439 5678 9358 2478 5602 6561 11200 4797 4909 4910 5559 4211 7669 5115 5942 10015
4188 10735 6086 11067 8655 9565 9567 500 9272 9864 7233 4384 3161 2159
4189 8077 4252 4971 10141 7112 7745 5435 6897 9466 5588 2926 5182 10130 8370 7785 7430 143
4190 11420 7034 7034 7034 1283 2447 278 4026 6582 6582 10531 1434 5393 6725 6612 7604 9374 7905 10476 6061 11352 5954 8220 6898 7671 5928 10702 8540 7927 8904 5056 6948 7401 8781 10139 11436
4191 6081 7966 6942 10340 5403 10866 11038 7743 8211 8381 6560 7918 11161 9498 10837 10486 4213 8851 7933 10110 8057 2247 10107 10986 8975 5407 9738 11169 4384 7018
4192 8788 10286 8088 8272 10991
4193 5479 6205 4420 7269 8371
4194 6057 2344 3435 3889 4089 5366 4471
4195 2381 136 10169 2123 3963 4047 10739 106 2346
4196 5723 6129 6708 5222 7093 9527 7033
4197 5261 5424 5500 11588 3971 2776 6261 11315 8020
4198 11597 3705 431 5641 8886
4199 3193 11586 5131 6059 6225 9978
4200 10754 7657 2652 7983 7011 6878 10247 10185
4201 3298 3882 4360 1240 1320 10122 9683
4202 3007 1101 10395 507 322 4934 1078 626 573 10224 611 813 878 1226 2153 6861
4203 9886 5595 8479 8909 7406 11158 5567 10525 10637 8900
4204 2384 7827 3295 5509 2794 10093 4131 3291 9204 9719 9602 4869 4530 1643 10666
4205 3784 2100 2050 4831 2283
4206 6256 5777 6692 2327 4326 5251 10297 6904 7587 9520
4207 1041 1923 8719 968 690 4472 608 1002
4208 1898 731 1455 2534 1721 11507 2583 2834 1847
4209 8681 4887 6949 6214 10297 2279 5048 1804 6942 7671 8844 7191
4210 2801 3669 8358 3585 3073
4211 4264 5922 2057 2603 6996 9989 5695
4212 3107 5474 6137 10935 3205 5922 3325 7470 6011 7133 7158 8876
4213 3171 4538 9576 6285 3814 3072
4214 3210 4933 6373 1238 6557 8730
4215 6060 1198 7583 2342 4990 11129 10244 10735 10397 7594 6279 7035 5315 9418
4216 8798 6997 2544 6642 10866 7899 7982 11016 8168 9834 3624 9981 9885
4217 1555 5870 3621 675 6797 3104 6807 10248 5107 8950 9842 11432 590 577 11604 11243 11080 4474 6769 385 10079
4218 2207 11519 2690 4588 674 7458 8075 4526 7076 4892 8066 3837
4219 2999 5293 6105 4241 11629 4999 8338 7641
4220 2289 6930 7075 4965 2687 9002 11053
4221 3236 3311 3476 2651 6500 4117
4222 1264 4260 1119 1270 8719 25 1089 11217 2143 1755 6519 5813
4223 5769 6324 4361 8143 10893 674
4224 9581 7976 6906 6757 9530 4702 6416 7285 8442 8820
4225 8187 4530 10410 2340 8200 4883 8648 8823
4226 5940 8685 6682 10733 6522 10383 7931 10795
4227 1222 6996 4525 5498 6645 3369 98 5922 5252 4463 10630 4534 7058
4228 11491 10623 7657 5333 7860 5227
4229 5845 7452 7489 4176 7349 9772 4913 4770 5118 5515 5846 9354
4230 3242 5159 9187 9613 8826
4231 6982 6929 9627 8271 326 6565 4205 9074 4617 8806 8251 8571 9911 15 5246 10644 1142
4232 5203 3614 8949 9157 3561 10295 9662
4233 3758 4897 3594 7093 2687 3352 3021
4234 357 6927 6834 3278 9293 9456
4235 699 160 907 5181 230 4231 7663 11521
4236 5581 7511 4510 7461 8004 8834
4237 2141 3918 10743 8623 3518 8536 3258 4738 3531 6198 2405 9472 4707 5241
4238 5433 3360 2282 4365 6731 433 7342 10905 6148 5697 5808 7069 9204 8222
4239 11186 11196 8030 9944 9466 7260 1637 7692 8155 9813 6838 10060 10243
4240 806 1898 5674 11236 4045
4241 7258 4818 6517 9842 9842
4242 7205 5321 1367 6938 7986 9351 8700 8854 7391 10872 8604
4243 4275 3157 3244 8909 5855 1212 2491 4060 6557 7684 8788 6721 7914 7916 10683 10854 10854 3273 7336 9404 9387 9987 8868 9587 11603 8857 9777 4136 10318 7705 10120 9172
4244 7212 7137 3927 2920 10794
4245 9318 6218 6399 1718 10716 6537
4246 3754 5384 688 8874 8871
4247 5564 5845 3298 11025 7075 10733 6646 4911 9830 11221 10402 1630
4248 900 4812 2838 7046 8849 9852 6261 4504
4249 5921 10459 9344 8622 9763
4250 5553 6485 7251 10967 7742 6548 11185 6858 10569
4251 2918 2844 11597 1584 3182 11143 3984 6276 9811 5660 8115 9391 6895 9627 6759 10379
4252 11449 6577 10184 4285 4892 2610 8661 9567 400 10334 9283 9326 8449 11046 1320 5750
4253 10301 5595 3309 4123 11636 7898 9944
4254 4424 9318 7590 7519 3130 5555 5762 7667 7783 8340 4842 7860 7963 6020 8829 8422 7588 6163 8678 11104 5100 9297 2 5097 7563
4255 7453 10871 6179 5467 4632 6344 8962 7554 9077 7587
4256 1104 97 4148 1844 362 556 2168 2123 2044 5745 4317 442 776 6056 8386 6824 9488
4257 4768 3987 2430 4669 4730 11068 4395 2478 10829 3812 6866 8013 6898 6128 8779 9229
4258 6335 1565 1813 626 11101 10556 1018 4761 9215 2291 10541 6877 7985 1016 6968 5788 8220 7194 6571 7006 8215 10545 10451 1852 8489 11264
4259 10641 2612 11488 11046 2045 1816 6105 4523 4244 8630 3347 7641 3027 4111 8283
4260 3088 6816 3544 6390 8021
4261 10833 6182 5701 3363 4421
4262 8479 7735 9598 2670 8630
4263 3621 8583 6425 8408 4713 9424
4264 7008 3355 2391 9417 7052 5818
4265 6058 4225 7666 5191 2132
4266 1423 95 9459 2094 5745 3237 10816 3722 1604
4267 10211 7866 367 8014 9096 4186 9685 9370 5075
4268 5777 6303 6575 9823 6535 7406 5535 4154 5375 6936 3149 6321 7141 10077 6507 5899 5897 11038 4488 6797 4411 8841 8237 7987 5817 7767 8166 9258 8899 10549 9460 10058 9523 8622 9005 10107 1247 9684
4269 7784 5400 8386 3981 5363 2473 10831 5986 10016 5537 4287 5321 4528 3544 4931 7305 6240 5816 2308 8058 6818 7816 5255 4671 10843 5846 8723 8125 10077 4635 7099 51 7430 4419 5753 8456 7445 4505 4503 10623 7443 10569 2985 9596 8597 1886 11389 9374 9748 7971 10810 10652
4270 4454 9676 9119 10952 5585
4271 7045 912 4071 8388 3765 5644
4272 447 826 5356 11034 676 7812
4273 873 8719 6654 1367 1245 1870
4274 6096 8652 8643 7863 10087 9766 9074
4275 626 856 361 4054 6035 2841 663 4190 9008 8573 7801 6412 8521
4276 437 27 4977 1373 2742 8007 10271 1340 10298 2756 2112 10883
4277 5872 6261 6200 9466 9427 2238 7440 10480
4278 10100 9282 8806 8468 6288 10249 9574 10619 10619 10619 9912
4279 10417 2254 4775 8992 6608 8965
4280 9107 681 716 254 1040 2088 2275 244 2402 2876 367 10339
4281 7514 202 3153 7252 11021 11126 7886 10280 9262 314 7408 342 10966 9506 5081 7730
4282 1166 1096 10933 5282 3569 1465
4283 4039 5695 5718 9889 8733
4284 499 1912 2909 4394 6857
4285 4674 6012 10741 5947 6640 11010 9291 9286 9272 7614 7614 5913 8717 10614
4286 8678 4758 7408 8258 484 8315 11030 11442 10983
4287 5661 4417 2282 7424 4154 8022 7390 7792 10077 9975 9657 9555
4288 3762 3766 4070 10901 6274 3662 1527 2723
4289 8930 5031 4580 4129 4029 5225 7144 10593 4692
4290 3724 7799 3786 4901 101 6695 6721 8153
4291 797 11488 11597 8010 1967 2442 4649 2957 4279 4150 4091 1015 1326 7255 8725
4292 3641 720 853 1165 9173 11602 61 10577 2319
4293 4634 8303 425 4909 8436 4832 4286 5519 9050 7812 5543 10366 8853
4294 5304 4557 6017 5769 10678 4010
4295 1406 1525 2290 8720 1611 2564 406 2375 10581 2120 460 2123 5026 2246 2244 2402 1964 2403 6887 3042 9517 2974 106 3218 3572 4144 4186 3967 1077 2925 3998 1363 850 3847 8725
4296 1152 612 557 10395 406 1491 9591 843 689 10539 361 7250 10786 4036 6256 9410 4447 9066 7337 9674 7488
4297 11597 7055 6026 7092 8348 3380 3859 163 6142 1324 6634 4718 6293 8180 657 8678 10683 6721 8984
4298 560 956 920 1475 1346 965 8331 731 1037 1888 11614 608 444 11242 1339 2748 2024 10885 2111 1484 2769 382 2575 11229 3825 6212 810 3289 5348 4909 5392 7780 8994
4299 2283 4484 1703 3618 2282 9480 11419 4859 4350 3015 3264 3708 4772 8066 7887
4300 4233 1944 456 10029 1912 7311 3970 3821 2564 40 4193 3421 8539
4301 2494 4469 4364 10831 4365 5174 3590 5388 4110 2494 8089 3538 1731 8440 7041 5924 6015 10808 9338 8156 10458 9253 375 2491 4750
4302 10284 2157 1070 3790 1722 503 9419
4303 10618 9114 8280 11452 10012
4304 4930 7258 1979 7549 9804
4305 3017 6881 6451 5362 10849 8581 10315 6312
4306 2835 6514 1368 3985 5588 8119 7746 2926 8540 7744 6456 8031 11050 1983 7088 8337 4823 10038 8793 1155 10250 7315 10107 9396 5598 11428 7730 10706 9747 7107 9451 9821 8534 8782 10030 11415 9928
4307 7663 456 2507 2161 1597 6800 9563 5008 4439 3733 3277 1944 3563 2086 3296 2782 2162 4868
4308 1064 1081 7950 9941 9059 4122 5806 7446 3015 6407 5375 810 1334 5983 7211 16 7898 7888 11185 6021 5329 10786 1934 10241 9513
4309 6128 2645 7920 6786 7812
4310 6696 5852 7707 8692 10379 914 9183 7598 9307
4311 4354 6485 4931 5992 253 11007 5702 11538
4312 4945 4586 4874 10754 4316 3149 4722 10072 11055
4313 8910 2773 8379 3129 8870
4314 6582 8128 11152 4983 7273 675 7176 6576 1415 9526 7218 10848 8788 2637 6659 9108 5556 10683 10184 6421 11015 11567 7868
4315 7536 9159 8320 10030 9010
4316 19 3894 907 4231 2853 495 1795 1128 1303 187 633 1019 11160 4857 5020 7377 3490 1474 431 852 674
4317 3015 4616 1968 8479 10402 5432 6635 3288 994 4528 5786 5201 10866 8207 7572 4064
4318 10916 10918 1465 3745 4137 4275 5448
4319 9863 4688 4112 9842 11157
4320 11227 3438 7976 8896 2813
4321 521 6975 6012 2666 4276 4594 661 7157 6945 8514 8397 6878 9466 10385 7188 8663 10572 6727 7912 1272
4322 8544 253 6338 10085 11484
4323 8024 5753 10867 7114 4895
4324 11388 4448 4853 7398 9363 7075 5673 6570 9498 7093 8704 8198 3663 6835 9939
4325 4141 2754 10671 8810 4798 11336 6911 308 11061 4949 1833 7456 1753
4326 921 507 374 1027 11327 2625
4327 1387 2107 6261 10662 3518 7955 5118 1847 6978 6559
4328 9164 8805 4213 8237 2297 10045 325 7598 8727 11376 10773 9797 8701
4329 5695 10893 10300 3998 8240
4330 3317 3769 5518 4198 2839 6428 6156 5669 11269 10653 3984 7864 4817 10869 949 3109 6066 593 10871 11554 6970 8087 11555
4331 3525 6732 3446 4447 2497 6107 4546 3909 7277 4431 6846 6269 5146 7492 4638 5484 6259 5968 5435 7676 9871 8912 7863 9103 9930 5747 10107 3727 1852 10293 7903 8374 9708 9869
4332 3323 4423 2320 4576 2220 5172 4737 2084 6102 9590
4333 6038 5422 8631 10781 5654 5655 9842 9842 9842 588
4334 4584 10693 8250 8789 9428
4335 2200 992 2208 2797 924 3041 11527 2530 8630 7538 7800 8635 10482
4336 8448 4478 5187 10035 10711 7135 6375 3570 7459 11386 3501 8610 8157 9094 11272
4337 5648 6031 3577 277 4579 6778 3067 11023 8458 8786
4338 9576 6593 6083 10425 2720 6412 3764
4339 4234 7086 9811 6032 6029 11410 5140 11379 8149 6696 5324 7121 11399 6751 8142 11225 5308 5832 10603 6119 3133 3509 7148 10245 6041 5188 7184 10133 7332 8340 5791 11479 10374 6468 6682 9064 8771 6829 7023 10133 11271 10039 318 7541 6624 6703 6544 6243 6379 7355 7418 11096 11099 1536 7942 7512 11619 7952 4718 6666 6302 6587 5600 3278 6298 8313 7897 7872 7268 7303 7082 6363 8639 8120 11184 2927 6908 7949 4088 10317 1947 8730 7928 7927 8651 8808 8899 4512 7694 6607 884 11099 10486 10310 10872 9924 207 8009 8447 10065 9762 3380 4117
4340 9267 8793 6632 844 8796 8982 4307 8990
4341 6467 11077 8312 9954 10898 7217 7914 8678 8732 8451 7529 3515 8904 10001 8355 8996 8497 5078 2236 9559 10495 11227
4342 2831 10866 1100 8622 5057 398 9280 5077 9298 5108
4343 8197 4451 9446 4041 6558 6911 7943
4344 4372 11250 6725 11363 10233
4345 8381 5714 7238 8114 8605 8300 1779 8327 8554 8056 7139 5655 344 10185 5653 11444 8045
4346 11163 4628 6146 8955 5202 7422 10384
4347 10155 4361 11410 7263 11126 6767 9101 8365 9523 8110 9557 10542 10966 8995 7155 10345 9110 9779 4117 4117
4348 3659 1033 999 412 3771 1932 10933 1516 8761
4349 3407 2036 417 3995 7027 5786 2110 7651 11198 8039 8414 5105 8219 10334 10334 36 10104
4350 1468 2212 7100 1816 9137
4351 11547 9429 5572 6811 8027 10107
4352 157 6578 2395 10591 3737 1486 6230 3066 5053 3884 11009 8230 6217 8704 8303 624 8158 10871 10554 10828
4353 10324 3519 7245 4610 10371
4354 7381 2146 1656 61 11153 2555 1343 7789 6212 4387 1199 11091 7559 4295 3221 5632 3258 5611 4311 5659 5269 3494 5589 7300 3405 2820 6909 4794 6352 6337 6287 10831 10451 8755 10473
4355 5796 4761 9441 5689 5648
4356 4066 5475 5533 5 11193 8243
4357 8567 3475 650 632 11382 8022 2174 2509 11458 4007 10901 3435 1222 3928 4314 11529 7100 3476 10936 9718
4358 10633 5220 6760 10909 9438
4359 3887 6816 5132 4761 5023 6354 9754 6921 3102 6637
4360 6178 5167 6316 3737 5317 3593
4361 4504 176 2772 9424 5940
4362 1394 11586 7966 10660 6203 7997 9268 9178
4363 6623 6925 3429 6599 9315 7673 4835 6562 5095 4781
4364 5352 4545 7759 1120 2501 4788 10673 11106
4365 6134 2704 7842 8348 6120 8180 10753 6279 7856 7857 8107 2652
4366 5159 8348 8318 4696 11625 9190 3506 10060 8924 6990 9137 10495 6955
4367 4463 4226 3591 6436 11209 6774 11491 6658 2219 5811 7101 7525 9954 8873 511 8678 8424 114 6704 8942 168 8547 10670 3714 7719 6421 8835 6753 9127 484 8825 10207 9123 10315 8790 9142 10770 9492 10375 9679 9158 11595 7019 8718 10675
4368 696 2500 6469 7884 6323 5475 713 1016 6909 4881 5507 6104 7153 6968 9283 400 604 8991 8460 5007 9061
4369 9417 5258 4113 5412 6221 10663
4370 7948 2238 9894 9888 2893 8423 6943
4371 11553 9107 94 10974 2331 1911 1312 1551 1713 1510 7805 2245 4795 10888 9402 2288 2366 10921 1858 5576 4880 268 4616 2612 3259 4535 7809 5268 6775 6775 9661 1212 11261 9238 1504 11399 6428 6682 2294 9366 2099 7928
4372 9800 10841 2816 8813 3881 10502 679 456 3492 2849 3411 7104 1161 6483 6369 3948 4770 1561 6723 3158 52 1295 3479 2492 6414 1331 752
4373 3729 3967 9568 10916 4890 4650 4700 9644 669 6617
4374 2606 3666 2673 650 9646 3504 7205 7259
4375 4290 8385 1783 3866 7009 4146 11129
4376 4848 4883 9391 9493 8481
4377 6438 10429 7099 7140 5717 8073 4929 6530 6510 7475 9694 5609 9744 8031 8121 7918
4378 2410 2047 2230 1507 10359 7756 4684 7917 2907 2870 8400 6156 3432 11347 3115
4379 10879 5053 10367 7644 10784 6602 4078 4090
4380 11227 6635 3683 4202 4941 8909
4381 9900 6316 6330 7064 8267 3938 4366
4382 5158 6641 3407 6559 10849 3730 7998 8539 10294 8417 10193 10171 9424
4383 1918 3668 2839 5625 7212 8342 3421 5149 5835 7370 2279 9073 8498 10625 9380 10727 9510 10458
4384 2917 10 6816 5713 7892 10786 5757 7814
4385 11454 2498 2096 2533 5928 1512 8977 11099 46 10079 10393 10398 8298
4386 9900 6309 6785 10855 8077 10813 8088 8411
4387 10916 2976 2908 3537 3146 4068 2386 71 5267 4602 7722 11594 446 3678 4711 2051 4389 6057 8385 4805 7394 4764 3758 8077 4778 4568 20 1994 8314 6177 3190 2480 2690 8503 4886 8172 11018 9248 5631 5710 7283 10611 6579 8077 6251 533 4532 6942 6668 7885 8946 9523 7458
4388 8895 7251 6525 2137 7904 8641 6154 5624 2561 10726
4389 8500 11464 7682 654 8899 6133 8740 9915 1355 9413 4758 9277 401 404 8258 3394 10687
4390 794 1048 11301 7950 7950 11301 11143 3937 11412 7258 2398 6281 2699 6054 3160 11336 4180 7912 3177 10073 10587 7931 9979 10672 9982
4391 11114 2753 11449 3008 11511 5417 983 3276 3853 3906 1748 4070 4197 6340 3677 3678 8634 5209 3681 5281 2306 1366 5553 2772 11029 3647 3359 6160 11099 3463 10687 6066 6976 11483
4392 7562 11336 7821 4958 10280 5808 7870 4567 7108 11227 9367 7897 8833 8709 7943 5628 9015
4393 6913 7465 5293 1568 8413 5064
4394 6053 5426 4713 6322 8564 9258 7475 7159 7023 10118 661 8784 9583 8774 9262 11050 8045
4395 6368 9426 270 5094 7370 9222 453 10360
4396 4688 7453 4127 7660 9136 7902 9032 8742 10733
4397 1205 5919 10776 11256 6109
4398 571 1113 9925 6255 2507 1755 430 1963 1452 3554 2639 1780 2244 2283 10841 2816 205 6406 5993 5188 8172
4399 2723 2727 6182 1979 4568 6487 6530 5441
4400 6899 9737 4420 8313 6972 11509
4401 5886 3015 1702 3811 7077 8211 10866 9073 3281 9474 6570 3156 6725 7310 8931 9915 4237 5469 7720 7481 8580 11481 10986 7228 8708 5656
4402 684 1826 4471 3592 2421 4575 2523 10016 6371 3327 736 1182 4039 2609 3439 3915 1189 6995 7166 5312 7263 7325 5255 7571 77 7344 5665 11271 5387 2687 1733 4309 7060 6072 2894 4640 7205 10800 5029 4461 10751 5986 7508 4470 6136 8172 9412 9412 6231 6233 11292 11292 10508 6194 2817 7200 4530 47 9516 11494 9050 3053 4690 9444 10410 5881 6057 8698 482 114 9652 10659 10248 10326 4477 9070 4675 9511 10705 4342 6683 10666 3522 9579 4962 5388 4996 7315 10742 11361 8789 7808 9748 9921 9673 10194
4403 2466 1447 2878 4141 10970 2177 4704 7085
4404 9394 6616 5656 11336 4000 5388 6794 10764 6760 7294 8234 2817 7412 3564 1120 2727 3995 8909 4841 11634 115 8545 4575 9644 2091 10764 6997 4622 10575 5000 2733 4740 5559 11247 5764 7340 8444 2294 7751 8705 9487 2009 1966 7783
4405 5596 10600 3826 7334 4029 11283 9590 11473 168
4406 2680 4662 11257 9393 6804
4407 8812 6712 4263 3229 216 1944 11435 3573 3369 2298 3970 7830 6722
4408 8028 8977 7601 9407 8390 11350 10295
4409 942 2955 4955 60 7189 5477 2308 8798 6717 8272 9357 8445 9549 7256
4410 6733 8032 7409 10866 5061
4411 3655 3868 1057 1702 11545 3447 8363 7691 7614 4947 5844 8717 7923 484 10980 9842 8443 9218 7131 10003 10105 4563 10236 10590 11094 10005 2622 8311
4412 11450 7056 5883 6953 5983 7840 7670 235 5968 236 7481 4488 6738 6421 10227 11038 10785 9981
4413 7091 5587 1050 5785 5293 10459 7579 8676
4414 6218 7403 7917 11235 3995 7623
4415 6214 6350 6447 9347 11025 10718 11631 8183 9949 3989 7059 949 9541 10441
4416 10233 503 9674 6878 8645
4417 10916 4275 841 4073 2815 2373 4065 11492
4418 6538 7166 9374 2648 10234 7664
4419 2776 2773 7486 7355 11095 8383 8111 8655 6823 8651 10673 3611 10107 10231 8260
4420 5786 8309 7099 8933 6530 7584 4929
4421 7138 10831 10831 5922 1946 6389 3800 5528 4582 6269 6204
4422 6316 9586 3328 10925 7187 4483 9747
4423 2277 2277 5164 1485 3716 4015 8891 9341 10195
4424 5417 6379 7199 9372 8176
4425 4247 6953 10733 8427 4678 5961 1305 11375 4431 7433 348 4008
4426 9676 7752 624 8243 11351 5092 9785 5084
4427 5448 4072 10921 1878 4393 3140 2847 1121 7452 4089 10886 3973 4573 11018 2387 10754 3517 8180 7688 7503 8296 6194 9115 6517 9237 9507
4428 2877 10367 4549 6774 4520 172 2582 8496 4019 5533 4730 7453 4357 5639 2745 5128 8348 6901 4037 3860 2491 8337 5131 6814 7350 9733 8979 2267 9909 9218 3584 9842
4429 4198 11521 3499 4167 7091 7092 8172 8172 7976
4430 1743 137 3060 2997 7740 3259 2403 2411 7604 3740 1747 11440 7911 7873 7725 9739
4431 10725 4325 9608 7248 6304 6911 673 7313 10967 10761 8904 8528 7862 8818 3028 10419 10419 10419
4432 5046 5959 1394 9044 8557 3836 7350 7396 10110 11388 7780 5202 8102 7627 10805 10209 6961 8815 9407 7806 9049 4756 8399 10761 9089 7111 8854 9384 7996 9989 10239 11497 10357 9600 11106 10317
4433 1663 11011 1635 2275 653 8015 1642
4434 4134 11085 10984 11083 9879 9133 10182 10610 3989 8367 9520
4435 1651 7784 52 202 7776 2036 9991 7251 8725 6784 9899 3871 10141 2247 5064 9456 9785 8620 9974 10824 10540 6961 10156 8988
4436 6621 5699 7092 5052 6330 7461 11237 7395
4437 7292 3393 4091 2692 4878 6492 4048 5873 10831 6623 7137 6229 3720 9497
4438 7277 6470 4816 2132 4719 9534 5814 8369 11129 9426 8636 9074
4439 3704 832 4456 10717 39
4440 302 1046 480 895 1960 1457 1110 921 1326 920 9749 10845 7311 9891 7210 2312 1296 1813 1825 10556 10502 2144 9735 1011 1207 2150 2169 4733 2433 3754 3685 2044 2329 415 3662 3583 324 797 1899 710 2516 5530 3397 446 724 10713
4441 11099 3941 2890 928 3814 9818 2084 7390 3072
4442 4076 800 3219 5566 2862 5356 4595 5483 6125 5818 4495 7824 10920 11502 3264 10764 6671 8479 3957 5430 9608 10590 11346 11018
4443 5586 6724 6090 5413 7292 6324 4556 9466 3608 4205 6900 10678 5069 5059 5018
4444 4201 6674 5891 2960 4058 7356 6122
4445 11250 7651 5381 3899 9115 10744 9998 8880 10304
4446 881 5987 1337 2530 10321 4073 3099 632 4031 3941 6252 7798 9100 6514 8756
4447 5474 6261 8223 8737 8675 8085
4448 3454 4079 2625 7663 7259
4449 8576 4890 3597 10134 5035 3545 9450 2733 3281 6061 7224 6731 6891 11463 7006 7985 213 6665 9915 4714 8579 8164 662 5005 8472 7814 7242 10529 8417 5981 8087 8892 9135 9029
4450 5739 9392 500 11062 5064
4451 4030 7453 9042 6958 3026 5321 5016 4933 4805 4477 4108 5356 6683 4843 4781 9021
4452 5843 7842 5467 7086 5752 6509 11125 10980 7336 11393 9539 7477 8729 9702 10064 7724 8107 9053
4453 11335 4037 4876 9190 4937 5460 7865 3669 10772 3023 6710 1994 6699 8527 2809 9057 7363 8583 6801
4454 4893 2438 8503 7259 7085 7726 7110 6144 10395 5437 5430 10490 2691 3581 2325 5661 7365 9124 308 2610 7120 11104 8283 9172 10500 8618 10292 11106
4455 1090 1421 10746 3233 7999
4456 8343 11151 2550 4479 9671 2044 10469 3963 3972
4457 7461 7262 10644 2529 9508
4458 2225 2490 7469 2069 2395 859 1501 4193 11154 11228 10266
4459 7920 11062 8872 10440 10440
4460 4892 11315 8841 8871 7331 10650 604
4461 1065 1291 818 1002 998 999 909 1362 815 5929 11244 1720 1410 1388 10933 520 1036 2189 1680 7974 5695 2387 2003 10832 1478 11147
4462 6430 11329 6872 8420 10829
4463 5158 4990 6261 6261 5046 9949 7610 8514 10937 10937 9550 6872 8540 6123 8824 8382 7079 1993
4464 994 3429 3126 9685 10420 10726
4465 191 5113 7581 8906 8686 9850 10831 8880 9226
4466 11514 6079 8827 9460 10058 5519 6860 234 7607 10379 5941 1882 7382 11166 7269 11016 9917 1709 6355 8228 9911 11378
4467 750 660 1178 474 636 3894 572 406 1041 1207 2638 2427 10622 3543 10912
4468 7716 5948 3866 10280 5918
4469 2677 5971 7215 9961 9633
4470 6556 8859 10166 4623 4995 6473 11165 5298 8013 10834 10087 8322 9610 8450 9443 9934 11024 10616 7187 10272 9709 9976 11526 10113
4471 3789 11597 6712 2374 1750 2512 10916 5448 159 2575 2911 3318 4275 11445 1519 924 1991 1118 2069 3847 4570 3420 2321 2332 3274 8338 6297 5733 1767 11204 2452 28 2676 2796 239 2792 2728 3502 5009 11531 9121 8418 11268 5239 6998 7093 3298 3875 2443 5406 3732 4566 6746 6872 10027 9276 9301 7370 6482 6490 10760 2056 10828
4472 202 4647 4346 2470 3142 8052 1535 885
4473 9680 2360 2278 2852 9424
4474 2104 2598 4375 9146 8378 2855
4475 7701 10589 162 6288 8450 7079
4476 7251 3202 6107 191 6331
4477 10674 1030 1228 1286 748 1819 8541 3375 11486 7289
4478 4688 8230 4686 10422 4837 8281 8564 8530
4479 3805 9151 6323 6642 7410 10128 10334
4480 5447 5505 7045 928 6435
4481 1790 10937 7791 10255 114 10602 10188
4482 7811 9565 7582 8328 5612
4483 2723 5549 912 1527 4647 913 10095
4484 5792 6291 7234 3866 7388 8643 7271 394 9998 9773 9744 9443 9831 11240 11221
4485 4541 935 4352 7305 5080 317 10107 8377 10609
4486 349 844 998 10224 412 853 2399 247 44 2782 2580 2162 3199 10461 3191 2217 29 3682 11539 3527 4749 5936 4556 6193 11497 1875 9175 9033
4487 10576 986 5496 10389 2970 7459 4428 6019 10199 4073 5014 9448 4657 10877 6131
4488 4952 11354 4251 4211 5320 2794 7214 5559 4210
4489 1008 10841 32 10961 6544 8544 6997 10415 10389 105 9367 7669 5941 7841 5203
4490 201 3530 9729 4185 7679 6325 6144 8619 10383 10058 6421 2227 9232 8011 10672
4491 10936 4313 5347 4808 6214 464 3405 11142 9447 9448 163 7990 7123 7755 8498 11640 3354 7435 6973 10141 8405
4492 10235 5723 3769 3725 5613 4715 3645 2617 8953 4770 3706 3472 5146 7452 5527 10844 9363 8281 6953 5255 8859 6128 8347 11009 6812 7720 7677 8684 6786 10233 10233 8435 10315 1029 10857 354 5731 76 11159 8396 8467 8884 8726 2961 10342
4493 11158 11025 5052 6443 10877 6261 10569 8683 8629 8775 3314
4494 3295 10543 11311 3683 362 10553 7753 11292 6456
4495 2509 4018 3393 7389 5185 3717 7879 6509
4496 3221 5757 8574 11520 4458 7218 5672 8540 2882 7933 8256 753 11324 10406
4497 6453 3148 5630 2799 6535 9437 3811 9338 8601
4498 10995 11200 3838 8479 8715
4499 4329 2699 4970 9845 6576 11511 6790 3132 8099 7999 10166 4825 4868 4213 10093 7968 11140 546 9831 10829 8731
4500 163 9987 8868 8727 9219 9506 8258
4501 4811 8211 7720 8999 5778 5060 8547
4502 7365 5577 1771 5158 5224 2350 3578 3991 820 4770 4210 7525 7478 508 6148 6026 9368 5176 10216 90 8731 8420
4503 9260 5881 10374 6015 10702 284 6038 2247 10165 8648 7331 10131 9679 8922 11175 8854 10156 10884
4504 8605 4244 10404 7303 8788 9402 8996 2982 9219 11024 8012 8319 10790 2807 10536 8386
4505 11459 10959 5947 6049 5227
4506 11004 11179 4569 9114 8280
4507 5874 4508 5396 5412 5183 9480 936 7137 11154 7333 6846 6003 6744 11336 4676 4449 5472 6875 1007 8054 5967 2275 9818 9645 2101 2091 613 6579 8479 10890 9818 7590 63 8102 5968 7860 5 8498 6560 10866 5556 9402 7082 8847 11050 10761 9217
4508 10831 11336 8859 6155 6974 8519
4509 242 10 3704 6423 1724 4219 6422 6196 7701 7842 9488 3996 10644 9193 5655 9287 2716 9098 7372 578 10985 10125 6669 10064 9895 11063
4510 10016 5474 5658 3040 1724 10752 3932 7897 3656 2035 10721 6261 7038 4718 6183 3305 7890 6590 10682 10682 10682
4511 11191 2775 4575 4020 2898 6206 8277 3131
4512 5992 4624 3904 4759 8143 4677 7580 11501 8788 8724 8871 8874 9545 9139 10047 7640 9995 8947
4513 260 782 1729 1255 4806 5101 9294 9281 4117
4514 9368 5601 6244 10016 4019 1182 2251 3990 2835 2518 7865 10074
4515 3769 6776 9226 8033 2236 6573
4516 6280 7591 2808 7284 9460 8899 9052 4559 5323 3614 9824 1056 11431 9964
4517 5946 3023 5931 5554 3387 5662
4518 2509 4408 5488 11336 3847 3767 189 11292
4519 6467 7178 8833 3750 8341 11102 8141 8648 5102 5079 5096 210
4520 1488 11448 6183 1467 970 1353 1218 1725 3630 2751 1509 7453 1422
4521 6483 4398 3987 1946 4720 4907 5170 5496 4054 1765
4522 752 3763 4928 4229 4448 850 7548 9722 8935 2227
4523 7964 4950 360 8879 7167
4524 1076 1603 9986 1186 1184 3535 1084 10768 2816 1061 3312 10261 10676
4525 715 2974 7924 9283 2529
4526 8169 9549 9291 9286 8045 9227 9812 8092 11109 7834 7645 7198 380 2579 10991 10991 10829 10587 570
4527 180 2711 1411 6667 467 3445 9369 59 2043 4560 7451 7442
4528 6084 2870 2395 8774 8156 7557
4529 5931 9527 3852 11323 5875 6877 4815 6862 6516 7903 6647 9534 5359 9502 4756 6315 5600 7849 4377 7998 10857 7313 10857 8504 6188 9437 6038 8551 8107 11398 10181 10121 10210 8398 9261 9679
4530 321 8470 7289 9276 10673
4531 7116 6776 7038 6852 9790 10388 262 7595
4532 6925 4316 5406 4162 9466 532 7282 8151 253 7637 6942 6496 284 9466 7087 6382 5068 8000 8780 9844 10872
4533 2906 996 461 4053 9502 8873 308 10470
4534 5695 1598 3889 7067 2384 5053 4713 6428 2888 8806 11603 6761
4535 3761 3775 11454 7406 9318 3885 8303 5039 6430 6832 7398
4536 10460 6747 9604 11428 9396
4537 6019 2646 7370 11368 7612
4538 9818 3987 3708 1907 3909 3566 4941 10943 2344 4057 5357 5671 5503 11205 5516 3571 942 5898 5805 3823 5897 7558 11601 1454 67 8306 8788 11350 8531 6126 6421 4205 5469 8586 10669 9245 11016 7814 8068 9679 7317 7664 8682 8195 9819 6832 9764 5944 976 9704 9757 10048 11542 10672 10154 10686 10829 11306 3129 10837
4539 3613 6785 919 7621 4075 5633 5546 8066 4278 2681 5607 6841 10016 2491 7979
4540 2532 11521 6219 6406 4184 7546 11626 6126 5506 942 6929 6253
4541 11410 5912 10655 7546 11493 6159 5755
4542 6865 4937 6681 887 2958 5230 4986 3501 5639 4017 9011 7110 1424 8762 8177 2482 596 10087 9802 8389 11453 8201 9542 8158 10330
4543 5263 8956 5852 7916 8920 9575
4544 1907 11344 8688 7657 4447
4545 3598 11229 7583 5574 11184 8705 7304
4546 5505 9847 10309 1850 3891 9914 1142
4547 373 5366 1444 4075 4858 7880 3586 3111 7221 2251 3953 7453 7251 9818 2017 5029 5571 5220 2614 11183 3089 4884 10829 4033 3496 5678 3522 7882 7058 5458 4749 4440 2707 10808 7067 5602 5811 10547 6604 7489 6440 4390 2308 7283 5728 11577 8898 3186 6802 6581 4987 138 5787 8148 3999 4999 936 5163 3895 8610 419 6748 11478 2926 8632 8402 7916 9330 5285 9411 10512 7844 11356 9462 6289 7195 8399 11453 8744 9341 9991 9062 11118 9344 8367 11220 8658 8289 8950 7265 11385 10574 11385 10589 9523 5468 10277 7902 10529 8897 8328 8646 9936 11207 11207 6387 9112 8110 8929 10480 11595 10098 10510 10218 8656 10477 11392 10649 8887 8521 9158 9892
4548 5680 6791 6925 7480 7308 5502 7277 6196 2738 5279 5403 6592 7511 6991 8242 6200 7580 7589 4486 10562 8502 7816 6895 7792 7540 8237 7016 6827 10494 10507 10259
4549 4826 6035 10802 376 10344
4550 8572 7148 8859 7735 7587 9753 5173 10458
4551 10106 9999 6785 7341 4117 5867 8200
4552 8440 6112 10833 9192 3196 502 309
4553 10916 10916 7799 7619 11018
4554 9231 9894 3844 9439 9266 8012 4637 8969 9019 9974 9485
4555 4523 4884 3683 7027 8361 2644 5187 11007 5230 3136 8498 7060 4382 8643 7157 3130 9972 3732 8452 8274 1240 7758 7939 8286 8767 8789 8789 7556 8695 8768 10050 10665 9033 1854 8990 223 10602 1852 10755 10756 10798 10310 8560 10491
4556 11524 3557 6354 307 4186
4557 7154 139 10570 7154 5036
4558 7935 8001 8223 3765 4735 8744 5605 7070 9584
4559 8397 6968 8486 6890 8491 9049 8892 5138 501 9967 393 9285 8771 7782 9103 10379 510 9888 6357
4560 4388 1599 9417 7201 5160 6104 4875
4561 4707 3226 3769 7604 5434 6207 7666 5829 10008 5101 10846 8389 9541
4562 6307 3074 7282 8962 8688 9259 10529 10455 2652
4563 3877 9961 4477 3527 1776 8386 6208 2779 4453 9330 10326 4412 3617 10155 5029 7810 9357 8932 7853 8286 8337 8793 5942 1768 8789 6835 9843 9621
4564 5460 10569 7691 9176 10266 11436
4565 5724 5879 7453 5220 10591 1907 10711 1399 2169 4245 5905 7590 1777 133 4803 8361 6919 8610 8624 10529 10831 8791 10905 9391 10738 10005
4566 61 3056 353 6250 1900 3864 4780 1279 5000 7159 3517 148 4877 7523 5903 8369 9233 569
4567 10284 1499 11217 830 10020 3734 11539 2001 6414 9166
4568 4082 5183 8972 4177 5874 3922 6538 1161 4400 4465 4291 9527 5160 5417 5412 8416 5796 4578 4994 5183 4396 7882 7398 7625 5591 8572 4913 7706 1645 8736 3295 8039 8125 248 5090 8368 11039 11472 10666 569 11487 10666
4569 7036 11587 6410 3827 235 7804 605 400
4570 847 10748 2044 4926 6104
4571 1512 7927 11130 4077 9927 3220
4572 3156 9544 6944 6694 10496 7459 7481 6259 7310 7883
4573 1112 563 10069 1145 504 9495 1359 186 1533 2245 3038 10577 6887 3935 1194 2917 9098
4574 7465 7818 10214 10616 9996 11366
4575 4624 8341 4077 9794 11112
4576 4984 2823 9977 7784 4194 8130 7065 6072 2858 7342 7605 7898 1771 5679 3436 4085 8877 8500 3133 2881 7761 5672 9031 8852 8434 9427 9516 10387 8768 9275 5092 5066 8742 8875 10104
4577 672 1161 750 985 504 1477 302 730 6113 1104 842
4578 854 2800 7882 7095 3 1756 8878 9842 8588 8654 9797 10256 4483 11244
4579 612 660 682 10910 8083 1030 690 10004 11507 2268 11153 2883 2814 1660 3081 2230 5481 2144 73 5415 357 2411 517 2114 10409 10401 7659
4580 1572 615 304 10694 1691 11192 529 7381 1566 1269 431
4581 8095 7813 3764 10131 10829 10158
4582 6752 4978 4464 1153 3272 7712 603
4583 2315 4672 3484 5962 4936 8943 4287 6627 2643 6051 11157 7216 8357 7235 7622 8217 7062 2327 7027 6018 4894 1654 11259 5251 6460 10813 3810 4250 7434 6935 10813 10813 7448 11085 11085 10984 4292 11075 2537 3128 8787 8539 10984 8523 9795 1791 9402 11605 9357 5698 11149 11403 8026 8488 105 3128 1163 10610 8664 7910 8178 9591 258 707 8664 9476 2910 9240 8768 11086 10443 9756 9951 9432 9620 11082 11082 10615 9879 10086 8662
4584 7578 153 1957 29 2792 3936 8921 4928 2959 4852 5633 10391 2179 5880 5285
4585 11340 6685 2767 5590 9818 5438 9152 9199 8920 8592 2232 7823 5110 11016 8423 8969 5109 6569 10609 7147
4586 6090 4499 1934 9193 6799 10379 11016 9074
4587 783 4934 650 855 10819 2842 3616 4678
4588 9736 10938 10590 8262 8121 11350 4467 10686 10226 753 9885 9233 10803 10522 3316 10658 9869 5397 10677 9658 3161
4589 11512 10149 8340 11619 6673 3321 2238 11390 10603
4590 4283 5194 4901 5549 8685 3813 6500 6462 5673 8335
4591 865 5541 4968 621 2781 747 2009 10288 11074 6342 467 10694 1627 6426 10713 529 1859 1599 3883 1628 10717 2792 5269 4061 8141 5109 2790
4592 1972 3977 3217 281 6616 7798 2351 6176 7821 6293 9487 8188
4593 610 609 4553 6578 6913 8385 11125 4445 11293
4594 4963 3329 1974 10090 6816 6855 11064 4829 7112 5715 5421 8089 7478 8307 7831 9915 179 9103 9733 9697 8049 9096 11029 10335
4595 3710 9201 7136 10255 10218 9674
4596 4319 3219 10402 6554 4288 6116 9447 5022
4597 5730 6182 8111 8973 9272
4598 4669 4826 4377 5090 4272 10472 11112
4599 8385 5548 10925 7869 11509 11407 6028 262 11108 7694 7975 11442
4600 5151 4297 4193 7687 4416 2204 3890 429
4601 9448 7178 6699 4614 9100 657 5039 6761 7230 11336 10052 7862
4602 971 6640 1037 2522 10718 5841 11072 10391 8056 85 11050 4237 200 10587
4603 5844 7095 2 8453 3271 7478
4604 457 4780 8930 5231 10485 10630 5966 11410 6032 4929 9687 8725 4805 7259 4924 11588 5500 4992 5984 6709 5128 6041 4702 10959 10959 9886 5620 11410 10133 8479 5424 5280 10733 8771 11619 7504 10007 6980 4845 4911 7856 6612 5717 7641 457 3428 1651 4703 6029 4587 4726 6947 6139 884 6511 6473 7786 11363 8063 8041 10525 6302 5562 8632 7831
4605 7251 7220 6398 9498 9391 7152 7142 10278 11564
4606 2134 11191 5623 6341 7799 11479 4575 908
4607 8655 4750 8835 9785 6529 5598 8782 10726 10507 10802 8721
4608 1439 5181 1898 540 1550 5282 11349 10453 2772 3072 5304 10242 4940 4882 919 6601 11597 11567
4609 4865 6635 5927 5682 7251 4050 10133 5368
4610 5723 4833 3270 9199 3273 3271 8228
4611 1639 3966 2411 3586 5959 5719
4612 2112 10717 5306 11609 3123 2444 4438 9962 6323 7517
4613 11005 768 2152 2691 2411 283 5670
4614 390 7212 4177 1924 6196 11283
4615 172 3021 5896 9790 11161 3787 11184 10866 191 6020 7242 8979 5407 141 9813 9813 7110 8466
4616 3346 726 10395 10820 33 7485 574 10023 575
4617 4833 8216 7099 6487 7867
4618 10775 5835 3438 8191 8483 10424 9685
4619 1828 9999 6463 7157 5860 8277 6660
4620 7946 3599 5491 6332 7766 2325 7263
4621 10608 505 2181 1810 5922 7394 5207
4622 4899 7251 3974 2677 10905 6900 10762 8582 9496 11256 10316
4623 11093 3962 5459 7299 10215 5786 4882 6285 7773 365 10395 8573 7870 8133 9791 10857 9815 10461
4624 7865 8559 11372 8380 5858
4625 11496 10205 5098 5073 7172
4626 4598 5125 3015 2772 4773 4398 5522 3338 11081 9812 10797
4627 6137 11310 10783 7442 11292 7582
4628 11565 6137 3148 2619 8305 2509 2558 4922 6538 2617 4864 4547 6051 2137 5353 3312 2666 9318 2137 7489 5874 5132 5699 4957 7251 777 5431 2624 5052 11158 10503 4087 11278 664 5648 11332 6202 11185 11536 11563 4362 4917 299 10216 9991 7812 9523 10991 10415 11348 8522 9979
4629 10044 7833 6732 5537 10016 6865 7201 6143 8479 6639 5773 6249 6393 8182 11493 4606 6581 191 8805 10702 9164 8876 6749 10549 8040 9237 8809 8227 10542 11564 10566 9361 10226
4630 11179 9832 4093 5232 4039 4821 4327 4613 11305 5123 6389 3046 10743 6559 6789 8347 7292 9644 3415
4631 4541 928 10575 5922 6059 3434 10728
4632 8778 13 5426 9532 107 11009 314 5098
4633 8479 5567 5984 7604 8747 9967 11359 9619
4634 5639 7174 10477 11218 11436
4635 3378 2778 4546 9416 8347 10027 9667
4636 11601 5516 4017 4225 7415
4637 2744 2713 7485 31 2413 9961 1035 9376 11636 11209 10726
4638 9829 6760 9100 5338 5668 7916 7986 4551 7803
4639 6261 7964 5991 4835 2574 4255 6415 7979 7505 7723 4803 8847
4640 4424 5779 4488 9134 8222 7654 2491 10574
4641 4557 7255 7586 8077 9150 8177 593 591 7517
4642 5843 5878 9224 5322 7176 10631
4643 8338 7489 896 26 7988 8744 7014 10473 10678
4644 5489 6723 3098 4553 3813 10653 10653 3979 4471
4645 5133 216 3379 2496 3553 3513 2492 2988 882 2818 2109 2824 4779 3241 1826 3888 3516 2832 5464 5584 4255 11092 10600 4 9842
4646 3224 1465 5306 39 4738
4647 7779 11053 3653 3653 11244
4648 2169 1360 3711 6862 10791 8615
4649 850 4652 4328 3298 4387 5349 4557 2723 5456 4899
4650 10728 6484 3097 4090 8160 4718 11363 8798 7182 3548 8507 10564 3653
4651 1348 1708 491 1575 694 7426 10845
4652 3793 5697 2276 8835 10243 11256 9261
4653 3947 7578 6283 8725 6673 9908
4654 5558 5048 7259 11410 5869 7278 7604 4698 6075 6772 4266 10291 1415 7633 2040 5292 10404 10753 8300 92 8177 10610 953 1163 4098 10241 7569 5327 5082 5918 7186 10788 9071 6449 9088 6801 10616 10363 10730 11040
4655 2511 2494 3484 4370 6215 3704 6552 7344 7844
4656 10643 10644 8891 7975 7186
4657 10644 8788 6648 6686 7422 5852 8677 11056 11316 9649
4658 2254 1621 11044 3784 10660 2916
4659 10927 10810 10786 11064 8598 10421 6124
4660 2034 8762 1434 5855 11163 4553 6941 4753 9260 1528 8502 5767 6049 4964 5720 4766 6971 5565 4211 6791 4512 9930 10479 314 10060 9483 10776 8311
4661 9925 5597 9577 8630 4880 3668 2332 3290 8196 174 9382 10630 4465
4662 9181 8924 6955 11113 7993 10295 10564
4663 1113 1481 694 1328 1173 2033 8103
4664 4426 5451 3086 5132 5869 5483 7277 112 7424 6739 8383 5645 7660 10134 7821 8430 2985 5353 6150
4665 716 538 10395 565 1503 1492 1206 1566 10778 10778 5394 2597 4405 6063 9495
4666 603 317 1158 69 9218
4667 5020 2922 1471 2773 11340
4668 3230 11414 3881 3390 1675 10945 2922 7213 3186 5926 1777 7009 7865 2792 9788 10358 1155
4669 10711 10270 6488 4917 4429 7283 4971 8690
4670 4542 7392 7170 2620 6732 5723 4903
4671 2266 2626 2604 221 10945 2737 9205 2100 3061 2618 11327 10308 8283 1941 3229 1919 6795 2780 2538 5249 2991 10622 3666 3428 5249 3889 7029 10018 2504 2990 868 3513 2151 2492 7290 2064 625 1356 5474 8409 2298 11206 3935 2336 3500 2801 11089 492 7554 2861 5133 4074 831 1971 2533 4300 8338 7074 3516 6091 1770 2771 5887 7722 2282 4341 2645 9241 764 7776 8944 11302 6683 10051 9615 5538 8698 4433 6278 10326 7874 5868 10285 7709 7060 9999 796 4477 1887 11134 5663 5794 1 5832 2932 3553 2788 1543 11379 5951 5272 3640 5949 6611 9806 6588 739 10356 10356 1277 6135 7855 7043 9665 8241 6849 6849 5435 8435 8594 9037 10665 9432 9951 9033 11358 9620 7717 6030 8597 8598 9652 7256 8471 8588 7676 9046 2860 5698 9583 2985 9843 10808 9021 9470 8456 1941 8132 6995 7197 10581 4342 10256 10152 8522 9911 8875 5216 3316 4301 11053 10386 4461 1461 9623 5384 10956 6137 3026 8418 3439 3731 4850 118 1198 11244 8803 7107 9453 3220 11080 9621 8426 8134
4672 1094 1928 8860 1317 3159 1726 3233 10888 22 817 2952 4708 4215 3995 7173 2205 8573 11360 5834 10268 6121 6350 813 9635
4673 6484 10743 6570 3448 6801 4382 10092
4674 5189 5183 7308 7282 9201 7103 7883 6637 10383
4675 10915 5888 6968 11363 10164 8468
4676 10694 6335 291 1223 1691 9721 289 6652
4677 1734 6593 6944 4588 3786 6351 11212 9944 4823 7982 146
4678 3405 4345 6896 7263 8042 2034 7330 9694
4679 7955 9515 8369 5646 4818 8404
4680 2391 2111 6630 8812 2491 2974
4681 5582 413 1192 1067 10004 1206 4954 573 9509 2409 6844 2495 9661 7032
4682 1561 4880 121 1419 4534 7221 3923 3889 4128 4018 4015 6468 5262 2193 6116 2674 4731 7980 2070 8179 525 11359 11113 8882
4683 6720 6304 7300 10180 9414 5813 9400 3822 10926 10131 8481
4684 6582 11521 3289 11223 508 343 395
4685 4718 6343 6968 8514 9714 6097 10686
4686 5462 127 7948 1050 11239 6711 4813 4718 5084 5091 11326 5976 8460 8461 6569 9336 9575
4687 8385 4860 4984 1561 7394 737 7604 4057 4702 1092 7864 4874 9729 6210 4015
4688 5648 531 5744 7367 9014 8544 8245 10590 11321
4689 9925 5140 11388 10649 5808 3295 4567 8499
4690 2507 3823 3472 3520 521 4187 7509 2933 11463 2935 3141 4920 2082 3725 3652 3093 942 940 8992 5806 2476 11000 7453 6046 4647 11238 6846 7281 7481 10058 9818 8724 6856 9186 4746 9915 10678 7754 7968 8164 9123 8949 7374 11038 9468 10333
4691 2430 5452 10611 7281 1790 1643 10666 11472 10529 5801 10415 7817 5797 7079 8168 10776
4692 4421 5129 2443 4485 11022 9366 4369 7870 7176
4693 155 156 263 5758 1072 1081 10820 218 644 1385 2074 5337 2310 4925 613 4071 10866 1781 4609 11339 4606 1882 8795 11377 9181 9536 7498
4694 4011 4018 6154 3018 11354 6029 4165 3109 6032 6664 202 3279 10764 5522 8042 8431 8641 10243 8791 10249 11244 10472 11533 11244 8990 10635
4695 3229 3211 2304 5603 3148 3098 3420 11569 4955 3513 3348 5321 5477 4895 4090 8297 2913 10659 3053 2365 6391 2646 5220 4268 10326 5765 3119 3447 3687 2251 4477 5614 7248 5696 6683 5540 2965 4695 5986 8213 2241 4575 9645 3516 5625 1823 10578 3004 9617 9961 5509
4696 5701 9418 10908 9769 3912 9045 10215 9021 8312 11279 2701 8453 7372 7594 579
4697 8956 6325 10623 10546 8850 85 7529 9427 10250 6900 9785 9805 7971 11325 4208 9455 10840
4698 8391 9402 9987 5055 314
4699 8331 3233 10601 1732 1957 221 1060 6887 1601 3963 10814 2905 10469 1340 4597 2849 1980 9402 9402 9803 3563 4921 2186 3868 6182 10391 7255 2204 2201 5398 2382 4678 11287 8788
4700 2034 2614 5648 9079 3074 10926 8762 8322 10063 9076 8806 4620 1753 11503
4701 10916 4204 1465 6189 3432 3970 4562 463 2950 3365 3148 3929 1321 4403 4293 3400 2951 2964 4664 1323 3855 2210 2511 3444 5978 1890 2643 5554 4338 7165 7496 8506 4590 240 10061
4702 6075 6997 9740 8226 11506 69
4703 10068 8928 11620 6656 10494 10759 10697 8138 10550 10428 11139 10550 7561
4704 1231 4310 4737 650 10616 3637 3245 2163
4705 7672 3637 2206 7236 2731 7935 3245 8348 6982 1661 7407 6093 7303 10924 10061 11245
4706 10653 3743 4446 5780 7801 5116 9838 404 401 169 5068 10127 8370 648 11034 9990 3383 1626
4707 2210 5125 6742 4269 6294 11030
4708 7398 6949 5491 7799 5715 5274
4709 9948 3866 5091 5084 5092 395 5104 10797
4710 3255 4191 3545 7441 8841 4673 7063 7725 7194 9552 8553 4757 2215 10780 8770 11359 9812 8582 8692 7598 7823 7020 5984 11130 9233 1709 9144 8460 7536 9699 8461 9862 10451 8983 6993 8786 8012 9135 9619 10869 9978 10381 6010 11562 10442 10362 6323
4711 4204 4026 11182 4381 841 3472 357 3219 6076 3399 1769 4471 7619 3549 5701 6870 10581 4618 4311 4256 8314 6160 6352 6177 7050 11530 8264 7884 4507 11352 6153 6902 5355 7633 9402 7318 7801 8940 8687 601 8762 317 5080 5089 5056 344 603 9454 10451 7315 3528 7889 9141 8845 8265 8253 11244 311 11104 8729 3653 10190 594 9631
4712 5370 7135 3828 3525 1865 5752 7277 4862 3160 5367 10866 5335 5958 9460 10058 7305
4713 1245 1589 666 10933 1842 2451 4026 10842 9145 3084 2994 7290 4534 5171 5485 6847
4714 337 716 715 246 335 10287 19 10376 3192 3894 2831 681 4344 680 954 6261 483 1454 3322 3320 239 11601
4715 5886 6046 6459 6726 5775 2874 10175
4716 2465 589 1758 8179 8847
4717 5541 5337 950 11508 9017 7319 2392 1487 2593 2759 3414 5177 4836 11623 8960 6387 339 8616
4718 270 3976 10815 7408 10510
4719 3298 11400 6396 5727 6433 6554 1832 10503 10143 4753 6224 5584 5352 4687 4254 231 6243 5149 4285 3 6249 4915 6183 3510 8841 2812 8181 10100 8847 8025 8027 10953 15 9730
4720 4704 10644 9244 10967 7770 1142
4721 3656 5134 7897 2110 11263 3156 7745 8554 9590 6767 5697 11150 9676 7991 7933 2684 11568
4722 6883 1731 5212 4985 10295 11025
4723 3072 896 7453 4999 6713 4252 6461 5884 8436 7723 5206 5097 317 8337 5298 9184
4724 1527 7604 913 6768 9372 9972 10834 8272 9400 9002 10558 248 11102 11102 10315 10343 10731
4725 6085 5925 11225 3779 3011 10808 6242 11034 11034 3653 9654 10393
4726 6113 555 1838 65 6792
4727 6129 4964 8073 1528 8348 1608 1434 5218
4728 3185 3171 9611 1814 7370 283 3422 7025 2453 5237 4150 4031 3534 3723 7140 5902 9811 2800 7189 5908 9729 6941 9645 11443 7038 4307 7667 8765
4729 6121 11336 10268 1454 9576 1233 4940 5814 8074
4730 1219 8902 9402 10967 9987 9142 9095
4731 1547 444 10426 1849 6369
4732 1300 1544 5670 1379 11277 1451 1589 3641 2355 1173 731 1914 898 1481 694 2774 3159 1174 11074 1352 2022 4674 11602 1361 1888 362 8366 11192 858 958 892 2046 568 2831 2570 11298 9197 2647 149 1793 11342 9042 1058 2056 5387 721 6887 10979 1604 3694 2516 2303
4733 2142 2355 1085 10246 946 9104 11072 4663 8667 833 1911 1906 3124 4300 7925 2000 4235 130 5514 6816 11548 141 250 7659 9379 8325
4734 5574 994 7474 5 5138 8362 10107
4735 3021 2518 6422 10242 11330 9045 8436 10866 5050 11375 4945 8788 9694 4340 8377 11505 9867 11576 403 8265 8620 6171 8694 6464 2164 6449 9232
4736 761 7864 5120 5590 9548 9231 8939
4737 10343 7201 3554 6917 4892 10886 6880 6034 2034 2034 651 4421 7863 9439 9176
4738 1932 1341 7021 1726 1507 5749 6565
4739 7013 3758 6950 108 9449
4740 6179 10644 10286 8788 4590 5895 9074 9483 395 10967 9289 5106 10776 11208
4741 7212 5949 5312 10457 10904 4458
4742 4190 5928 4319 5462 5475 11363
4743 4570 10922 4592 5603 4385 3030 2847 3023 4633 2970 2353 4603 7662
4744 4141 5498 5444 7254 7419 7366 9004
4745 5123 4071 10058 7301 9265 10107
4746 4218 7262 4120 11095 6882
4747 4132 5863 3866 8373 3896
4748 7138 7285 6275 7706 9695
4749 6558 8919 2826 7940 11078
4750 6705 3871 9100 8500 7871 6494 9899 8855
4751 11227 6068 5478 7292 6304 10016 4913 5880 4846 8060 7796 4431 10446 8539 6144 7684 10866 1568 596 8751 587
4752 4113 5515 11445 7893 8733 3614 11442
4753 3130 896 1629 370 6440
4754 8347 5464 10528 10893 9002 8198 9344 11198 8411 8746 8201 10388 9261 9825 10534
4755 7465 10547 5878 6075 2377 7679 8149
4756 562 7735 1318 1574 7647 11508 666 496 10352 7657 1384 10502 9703 171 568 2831 3865 678 9481 1969 4137 320 2259 293 1172 11486 3324 3734 7025 2575 1911 1175 2060 1802 1285 1338 3017 736 8226 5619 549 1312 11443 5151 11348 7343 5805 2365 7465 10967 9670 5743 9957
4757 2333 11354 1234 2846 3589 4315 9151 4788
4758 6032 3680 8681 6510 6601 9576 8681 5503 5437
4759 881 1698 1346 9681 1623 632
4760 8805 4705 6136 9031 8704 8166 1756 8367 8464 2914 10829
4761 11507 6024 1632 2363 7735
4762 4950 30 3653 11240 9219
4763 4726 2400 6532 5738 6726 6487 3010 9201 10278 11581 10387 11503
4764 1051 255 1165 192 1290 7223 2287 2969 268 2435 5842 4122 7962 4090
4765 3616 850 3470 10831 1598 4024 8125 6210 4612 5477 5363 2646 2624 11379 7214 10730 5025 7074 7445 5846 7776 4984 294 6059 10904 11454 5874 8275 5313 6588 3395 5926 5458 5511 4856 5571 6051 6174 4090 7452 8112 6056 1198 4401 5540 4918 6946 11263 5947 2421 6715 5986 4869 9943 4575 4058 4265 7489 3089 3434
4766 2634 7567 8008 8462 5697 10715 9085 10009 10666 5177 8270 11133
4767 3052 1785 1610 7286 2695 1063 7906 9842 3437 9426
4768 4184 11315 6938 8648 3272 11049 593
4769 5768 2137 3824 4520 4287 11450 6883 4635 6617 6418 10769 7041 7657 11574 7994 7040 8361 10114 10866 7446 3804 8683 6548 6432 5643 8629 10623 8539 6451 6748 9628 3175 10159 6006 8619 3839 6094 3334 9426 10905
4770 6 247 2880 3645 8418
4771 2681 5955 7137 4488 7063 4045 11386 10569 10785 7021 10905 4735 11016 719 8722 9782 11094 8624 10277 10831 8815
4772 2700 659 11615 4958 4588 4558
4773 5940 215 6536 6317 6626 4785 6559 4674 8575 7828 5906 9448 6078 7140
4774 3646 4314 5431 8462 11019 735 2448 2859 9729 2279 6942 6438
4775 1575 1003 363 6374 2547 4901
4776 6393 5473 4014 5863 6682 6739 7779 5630 4503 6233 8372 9303 10073
4777 4367 6226 4930 5129 6037 7911 1122 5453 6862 3515 5911 10470 9736 9266 11155 5177 9387 10078 8483 8776
4778 7254 4726 10525 3880 9295 11567
4779 10235 1734 9009 5911 3822
4780 5417 6616 11154 9480 11328 2398 2560 7335 10433 4651 11422 8187 934 5234 6871 10540 7687 11279 7043 3212 11278 6851 8433 5128 6647 9402 6478 5714 5552 6027 4487 883 8824 8639 10383 6216 7786 10001 8545 5 10389 9917 10854 9404 673
4781 1259 1097 909 920 765 969 974 11214 79 1332 10632 3709 2856 2217 2109 2824 3883 7948 4332 10879 3594 4342 6613 11384
4782 4419 4040 11279 692 8780 11573 9812 10388
4783 2989 10634 1473 2780 4735 2503 6714 4381 9063 7619 4130
4784 3243 10058 8999 8490 10005 11359 8751 5173 8949 5382 10060 11016 10309 8974 11074 11325 9981 10865 1162 5893
4785 6680 8281 8064 7915 10764
4786 7323 6851 4087 8421 8228 9425 10473
4787 5021 6084 6658 5257 11205 4352 7053 9686 5897 11235 1879 438 6944 9754 3661 6560 4566 7966 2070 7281 4638 2165 6557 146 8194 5090 5943 7982 9373 7814 10958 11485 9643
4788 10456 6539 2449 6226 3994 9347 6827 10995 5651 10764 6391 6131 11213 9810 5239 6450 7415 5751 4256 3676 8870 10441 5333 3155 11239 8417 6458 5875 10562 5342 11256 379 10848 10961 5775 4254 7475
4789 1219 5307 10268 4548 6039 994 10687 2560 3882 8234 6266 6760 11601 5129 8183 6580 10848 10877 8918 3934 9108 8616 10731 8392 11326
4790 4621 2739 82 3721 7259 5240 9238 6177 6808 4495 7050 6593
4791 750 1639 99 2061 1405 1513 10969 773 5282 1863 535 1480 2379 4216 1584 1118 3982 5017 5389 10087 6063 11597 3567 3945 1731 6792 6340 4908 11449 2872 3130 2849 3545 6110 148 4200 103 4852 4851 6120 7519 7525 9712 11309 3653 5119
4792 2513 7216 8063 9043 4490 9178
4793 4103 10876 2549 3601 2028 11057 4694 2321 4570 8406 9617 2484 1954 2326 8208 3784 3636 3096 3821 4070 4067 1859 7798 3941 4534 11033 4598 10644 1642 8787 10825 1754 10668 10207
4794 11529 11095 5880 5234 7901 9818 7801 8762 9425 11545 7242 10231
4795 4214 5872 3221 10456 4729 6925 4837 5963 4804 9948 6477 3086 4713 6845 4421 5511 10791 5255 5259 5443 7333 5705 6781 10849 4895 101 10866 9374 5201 8309 10867 8629 8140 105 9330 10216 10216 6194 7256 9555 11558 5742 10529 10833 9325 207 3316 11218 4034 7847 8963
4796 4993 4893 3772 3795 1907
4797 9703 787 470 448 3082 132 7255 10827 2773 7452 4379 4534 6715 9406 8769 9397
4798 4226 2016 3329 7112 4666
4799 929 7113 954 2629 3224 3022 10651
4800 4358 11223 5625 10222 8424 8372 11108 9638 9815
4801 4723 124 3493 1914 2827 287 2368 2264 290
4802 8536 3140 49 3091 4299 7531 10347
4803 3128 9074 10049 9813 10110 8365 6118 8072 8382
4804 5266 362 6370 11197 5960 7351 10027 7895 9364 635 5418
4805 5162 4261 7857 4205 8864 6704 8531 8525 9645 6041 8663 7357
4806 7546 210 5085 5078 345 5068
4807 11004 11179 2072 4569 10618
4808 10180 7258 5482 10880 8143 9384
4809 4674 2033 9616 4762 3874 3400 8567 10668 7251 4609 250 9722 8912 10353
4810 10721 8994 4237 9370 3195
4811 1229 10359 4735 4857 8567 1892 3569 5039 9707 6866
4812 4932 11338 10095 5159 6331 4321 8583 6204 7548 7588 5457 7916 8404 8687 10678 397 10085 546 914 9559 10788 10880
4813 909 10728 893 650 1287 1244 9109 195 1266 1692 225 1003 2740 623 10607 1038 10933 45 467 8719 1036 842 1107 581 1148 6965
4814 2772 2494 2884 7527 5963 8288 10504 11567 10423 7579
4815 255 1577 8985 10005 10965
4816 6522 2675 5921 7055 6054 4983 341 169 10507
4817 2994 3970 11088 2691 239 1295 3206
4818 538 10283 891 784 443 11275 11275 10674 6564 2061 781 791 368 858 461 1735 1722 5237 5267 7100 5268 4550 5205 6934 1212 6582 8484 11131 7523 9718 7196
4819 6556 8001 5991 7617 9744
4820 10915 2277 1005 4451 5437 5040 5710 265 4286
4821 1448 1853 2494 9504 2588 2504 4187 7190 10946 3725 9581 5838 4890 11251 2308 10730 5136 1777 7542 9545 10459 9939 7557 8840 1375 11240 9835 11066 8566
4822 11311 10728 6346 6906 6423 5321 5930 6422 6947 6745 5461 673 5506 7012 8036
4823 3805 2007 7323 4489 786
4824 4686 6076 6126 5661 9408 4262
4825 6349 9429 10418 5256 9855 10107
4826 3871 2396 4335 4103 4423 10717 4089 5217 3421 3242 767 3728 3962 4399 4509 10609 9828 11030 10401
4827 498 498 498 498 498
4828 5394 4650 5136 4868 3714
4829 5179 6439 5571 6432 8564 6909 7134 7542 8377 11445 3506 779 3175 10529 10897
4830 5936 4268 4755 10016 684 3163 5951 1821 7490 2690 8644 4555 7065 8075 2380 4722 8274 8631 3663 4129 7064 11461 11297 976 8370 8085 9180 10517 8960 8534 8325 9603 6769 9857 10517 5722 10236 7031 1875 6632 11027 10239
4831 7965 3882 11336 11278 9017 5744 5479 8441 8442 10003 9108 9987 8543
4832 4552 2152 3250 1767 11354 5625 1606 2165 10775 3424 7508 1447 5280 11636 284 7399 6884 8698 10866 6394 10241 9297 597 8497 9286 9291 10060 9184 9272 11109 8417 9036 10846 6076 380 11533
4833 1206 11396 878 225 8331 1038 1023 1009 8331 1380 351 2711 1908 1174 1903 1459 1565 1218 10202 9933 2122 858 2073 10713 11342 10626 2630 1358 3081 3306 3117 7925 2217 2162 3306 3369 120 6844 2406 7290 4056 10187 10520 11093 6138 4646 10275 11136 6107 8609 7680 10964
4834 6038 2609 6646 5808 7823 8912 6387 5061 8768 9813 8356 9346
4835 7791 10419 10673 7167 9549 9227
4836 1341 972 1207 2046 2383 1667 3042 10621 2814 10626 4001 6450 7489 7640
4837 5168 5594 6982 5821 7609 5607 6285 9073 10678 6878 9998 10343 11453 8914 10060
4838 824 165 2494 2904 5305 8464 11133
4839 4395 2277 6683 7108 6999 2960 6361 11074 5655 8261 6933 10773 11334 168 10991 10212 9732 9998 5379 9658 8123 10582 1868 9940 5177 9780 5773 11221 5707 8293 10611 9256 4483 3328 8000 7242 10302
4840 525 4515 485 172 2404 3780 7668 1326 1567 1743 11244 6388 2331 3514 10655 1128 2145 10713 2567 2680 1464 1600 9941 2234 2369 2010 2080 2263 2778 2986 7406 1239 3183 1544 2735 2827 2415 3245 3143 5360 5460 2368 7882 7740 3411 2829 2921 3094 10221 4028 2607 3554 3592 6958 2183 11611 4022 4570 2764 7999 4051 9617 3860 7768 10823 6645 4584 4122 2721 7955 2954 5920 3678 11220 8287 7073 3550 11174 4630 11053 5449 4057 3773 3242 1648 11136 1305 8196 3566 7023 6360 6304 5842 6218 7514 2335 6982 6963 4923 6835 8282 7547 7195 7669 10666 6457 11295 6651 10785 9838 4512 7513 5670 10985 7437 7223
4841 8685 7489 5151 8641 7695 8683 2813 8179 10389 10250 8646 10003 7019 10770 9774
4842 8031 9753 9294 5095 10107
4843 5834 5631 7490 5522 3510 10369
4844 8338 10630 4713 5451 6505
4845 2262 2886 10599 6047 5748
4846 7964 6366 8539 8479 9530 9021 6225 3189 4073 9637 4407
4847 7406 7056 8827 7281 10058 9136 8952 5699 10926 10788 8072 10011 10776 11146 9833
4848 10336 5531 4691 1269 7457 3721 17 2623 7368 7369 4345 3574 10911 1852 10046 9558 7061 6197 9606 3161 9491
4849 2593 5141 1385 3592 121 2198 6369 2764 9853 3479 3525 8779 1724 3811
4850 2817 2929 5177 3163 5883 5869 6956 5860 11008 3510 6697 8805 5764 8784 5274 3880 7912 7971 440 9600
4851 5764 9395 7087 11392 11465
4852 4011 9828 10852 955 11026 6608 10387 8770 2720 9262 5078 6382 9278 8761 7582 8467 5111 9158 7556 590 8645 3334
4853 1108 1000 422 998 5180 1187 10352 44 2002 10581 2004 1970 2109 2818 2824 106 11633 3949
4854 3018 7359 5992 11502 5781 6399 6791
4855 1559 1885 11382 5566 5818 4151 3375 5226 10343 7614 11365 9506 6171 6356 7770
4856 8309 10893 4611 595 7862 5078 10897
4857 1207 7034 2386 11397 4964 5112
4858 263 1152 1151 1150 2019 156 3346 468 2337 1047 730 9440 374 5900 774 2840 751 2019 1270 547 2018 423 10287 775 10539 5929 3771 5732 10586 1869 1229 506 747 2594 1149 1998 257 182 6140 1180 9616 2752 2155 547 3664 2821 10541 492 1770 3449 330 6063 9495 1912 3953 75 7554 6057 3267 5394 5376 5384 6488 3448 8436 6378 6158 7435 10863 11579 8328
4859 1907 4037 5347 2726 10231
4860 63 9391 9498 9740 8839 5933 5749
4861 5370 3673 5806 4811 5512 7316 5983 3088 6535 7300 1879 7980 7629 4909 6325 7627 6926 10890 7754 9298 9998 10609 8369
4862 5622 8299 10659 3366 9157 8475 10831 9365 8222 9475 10083 7996 10269
4863 10466 3900 7879 11315 6562
4864 11227 4941 5529 7709 5898 8561 6485 6734 5021 5915 10456 8044 11102 2276 8830 10129 2085 9433
4865 6075 4698 10753 342 5065 598 9967
4866 10422 5144 4434 7879 9424 11584 4837 6468 6070 4420 7891 5561 9380 11107 2529 719
4867 9899 9160 7281 11246 7957 8202 4363 9812 1993 5743 11169 9433 8493 10253 7721 10923
4868 1776 5266 8664 6796 6073 7305 6278 5443 5621 7622 6122 8144 10299 8944 7567 5265 4862 8580 7962 6913 11461 1943 6395 11075 936 8241 7708 6826 6986 5435 9476 7383 8486 11308 10937 11171 11592 8126 9555 4342 9262 11573 8595 9710 10398 10000 10777 1630
4869 1577 2234 81 1980 1437 159 4939 10336 4116 4870 2870 3847 10084 5774 1797 3218 3212 2443 3966 10791 6496 3065 1905
4870 9743 9897 10758 7550 9088
4871 10306 6001 6410 7905 7072 409 7252 7463 8006 6150 5884 5692 8705 5367 11213 995 6990 10282 1156 9043 405
4872 4682 6290 4841 2170 9786
4873 1219 5785 6513 5014 6027 5037 10961 10877 8220 7694
4874 7453 6850 5472 7406 3017 6846 5340 8827 4913 5948 9468
4875 5361 7146 5842 11511 6741 3153 9426 2874 7313
4876 6317 132 5828 8348 6668 9630 7650 9501
4877 6608 6982 8435 10379 8468 1778 4745 9023
4878 6681 5926 11384 6631 8597
4879 1004 1420 2138 3411 3939 2731 1135 3516 7287 2473 2491 7487 7673 7806 7804 10561 10346 2871 9384 8960
4880 1767 9617 3446 3444 8245 7860 5293
4881 11604 5550 10317 7336 9166 9761 8900 11310
4882 2840 3401 8213 1186 2245 1071 4047 10581 1601
4883 11114 3359 8287 8698 3766 8172 7027 6923 11513 5685 6629 7994 11640 3832 9437 10242 4311 6594 6003 3132 4454 9479 1536 9896 10039 6488 5815 7907 3308 4832 6806 3872 3906 2695 6751 6901 9330 7416 5387 7006 9889 4990 980 3020 4712 5872 7366 8036
4884 5138 11303 5450 8650 9617 9635
4885 8029 6974 11296 7172 6097
4886 4113 7392 4069 5092 5091
4887 8749 5630 6247 7295 243 7704 2930 9846
4888 6092 5912 7476 8933 9743 9047 4933 170 7124 7126
4889 7212 6792 5196 7629 6207 5145 2674 7871 5620 4009 4350 9852 7300 586 593 580 584
4890 3592 2100 3096 343 5055 7479
4891 8657 8223 7199 6866 8056 7977 9555 11050
4892 483 1546 5841 3734 3095
4893 7270 7684 11021 10738 6438 8139 10905 9722 3506 9523 11228
4894 2738 5443 2229 5786 8237 2035 4543 8471 7720
4895 5153 1370 2634 7240 7156 7369 7378 5487 8699 7311 7508 6832 10482
4896 10929 7029 2657 417 3389 9809 2247 9987
4897 2687 2999 4427 1765 6327 4553 8283 7344 8430 5472
4898 2869 11054 6746 9291 9286 9272 11082
4899 8059 3375 6794 3643 2884 8106 10821
4900 8391 6511 6939 8973 7823 5099 5078 10164 600 9303 5106 11207
4901 4075 4385 7798 2431 3821 2053 5196 4482 9372
4902 4841 11491 7332 11154 3332 10924 9313 5846 7529
4903 6125 10215 3689 8827 3558 213 8554 10379 10991
4904 5518 3393 6497 4150 7193 11020 7999 4720 2692 5433 7465 7465 1434 7681 8479 4827 9363 5615 10133 6703 5411 6394 10165 9700 8808 5729 10985 5100 11102 8903 7079 8195 10829 7488
4905 4685 6349 301 1986 8848 8490 5747 7912 9305 10107 8809 10411
4906 3823 7432 2733 7511 6042 10215 8714 7480 2920 7858 5968 235 2432 9054 2808 8267 9457 5858 9915 9052 5203 9659 509 11107 9036 7061 10175 8239 9020
4907 11328 4325 6069 5044 11237 4343 4128 8390 9778 10880
4908 11257 6462 6549 7590 7848 7305 11403 6971 8794 9364
4909 3322 7560 3320 10302 10302 10302
4910 2632 7023 8055 4705 7842 9363 5348 9248 5522 5503 2776 4123 7609 6438 6363 6562 8267 8399 10985 250 5731 1891
4911 6722 3190 7799 4501 4721 5539 10315 5194
4912 5541 8331 7311 1285 1440 1494 1603 1720 1763 7608 698 845 1442 2115 226 3306 3236 456 1358 2066 2931 11182 2486 2233 2737 5481 2314 2521 2426 10692 2175 2078 4209 11369
4913 4818 159 2829 4236 7435 3419 6338 10734 10866 5093 7158 10854
4914 6381 4855 9986 6017 7395 9771 8079
4915 7451 7918 8114 11050 11050 11113 11518 9089 7395 5742 11109 8045 6805 8045 8239 457 10991 11248 4799 9529 10425
4916 1512 4969 1050 9962 7446 7864 3447 11091 8200 5385 11483 10496 7627 8089 7495 8220 6938 10733 10127 3368 8030 6743 11161 11363 885 3787 4757 8556 9457 8489 8095 8461 9742 8728 9352 213 8975 10729 8693 8819 9370 8460 9123 10327
4917 9527 8234 3462 7229 1975
4918 3531 3075 3769 541 10831 4290 5409 3983 10503 3800 1840 10808 6111 11617 2117 5891 848 4931 4965 7976 6155 6789 7828 7679 7520 6279 7231 8293 7915 11015
4919 7742 10463 4227 6587 3632 5600 9478 8110
4920 6054 4830 11400 8234 11239 10924 8183
4921 4887 10754 7432 6443 5113 10127 7418 7126 3859 8180 8633 8111 429 9458 10651 9437 11184 10005 9399 7331 10857 1759 11113 9842 4064 10754 9192 8123 8325 5743 9796 10874 9916 5407 4186 590 3653 10468 8379 7616 5178 10210 10231 8763 11542 11586 9992 9938 8988
4922 1444 5366 10683 5450 10136 9908
4923 5913 4129 3380 9185 10015
4924 9056 3152 6714 1485 3110
4925 5827 2122 1159 2571 4100 3499 2966 1269 3071 82 1271 6305 10687 10332 5032 10415
4926 9925 3643 11163 7369 6161 6856 8993 9137 8718 11389
4927 6508 2891 8910 7888 10085 9722 10534
4928 3013 7258 3373 1394 4494 2924 4073 7612 7065
4929 5844 2041 6572 6396 2785 7514 1765 5432 2377 4772 6064 8609 3866 1804 3568 7016 10831 6138 5581 1821 4485 10827 7399 3672 10766 5260 3728 9160 835 7454 8408 7536 8539 4948 6153 7341 11315
4930 2233 3148 4422 4867 6214 5412 6746 9649
4931 1049 1578 11322 844 8134
4932 7105 11543 4935 10334 9597 9074
4933 4345 10127 8312 10744 5610 7870 9074 10937 8924 2276 2276 10549 8252 8480 10831 9584 5072 8494 10230 10115 10145 9965 9106 1856
4934 1907 9961 10245 3681 4267 9826 7376 6828 4357
4935 7366 7277 6443 3968 8342 8318 7951 8108 8047
4936 4660 4714 10741 7907 6612 10083
4937 11438 3971 10409 1005 404 9306 3271 760 9174
4938 2827 5295 3208 2525 1389 6580 6254 7882
4939 827 4012 10626 2107 1432 4153 6245 2764 2857
4940 8013 11526 8381 5913 307 6028 11171 8031 8337 11581 11218 10428 9538 7832 8360 10989 9833 10762 10552
4941 2545 1246 7830 1617 4000 5163 2260
4942 5796 3179 7519 9201 10369
4943 7368 7369 11443 7842 11152 9276 10754
4944 919 4520 3487 5956 5375 4810 6022 7109 5392 4555 3149 6413 8130 6062 4256 5559 4766 5565 8100 236 4781
4945 2391 1878 1377 3393 4534 5402 2209 4026 1598 3453 3669 1598 10784 10531 3678 7389 7583 9547 4513 2306 4627 4102 4873 1331 9849 3048 8433 6663 8877 3463 11292 9818 11390 9734 9294 7032 515 11474 8491 8469 10345 9171 9015 11568 11603 976 4799 6036 6071 8922 10353 11496 10865 2652 9998 8555 10675
4946 11235 5834 4932 1326 404
4947 7522 8490 5102 5066 10419 9269
4948 7251 3994 3615 9347 3782 8164 1951
4949 197 9941 3471 11450 5989 4120 9164 7677 4208
4950 4100 2749 3815 5240 10971 7051 6902 7050 6962 11090 7929 8920 9131 6426 3596
4951 468 763 10820 1081 971 1525 1278 7608 4524 1489 1612 2758 3850 8205 10037 214 2644 6437 3128 5251 10037 9623 9604 1882 11534 5298 10449 11494 9112 9020 8795
4952 7431 5757 6904 1731 7021 11266 7557
4953 11005 7830 10805 375 6990 7957 10074
4954 1777 10191 6851 4809 5039 5767 5933 11430 9915 7673 8655 9344 10678 10038 9036 7348 7127
4955 2406 9656 3582 4204 2116 4469 6483 4743 4879 8896 2776 5257 6906 4175 4776 9229 11288 9550 11337
4956 5027 3376 7036 6214 6174 306 5373 6402 7892 5754 7241 11322 6351 8421 7434 8189 8217 6747 9954 8434 7973 7971 7921 8773 10150 4637 8016 10559
4957 4374 6301 5439 7409 5426 7489 2776 5762 6832 7442 10663 8497 10754 8535 8809 10514 8009
4958 8058 5878 8470 11343 11244 10627
4959 5135 6698 5563 6912 4419 4476 9729 10791 3629 3686 8821
4960 4070 4891 5123 7411 4972 347 5549 3294 5786 740 2394 3190 5131 3796 2054 2207 4979 10576 347 215 3837 3264 6315
4961 3581 3119 6329 5765 6689 9842 5078
4962 111 10093 4964 7769 7019
4963 10764 10180 7380 7226 6648 11296
4964 6956 6726 7884 6902 5906 8379 9236
4965 1013 6770 8393 1351 1455 1338 11508 6167 9657 10103
4966 8335 595 1626 10790 8276 10497
4967 8793 1768 9423 545 1875 9843 8270 4208 11080 9748 8789 7808 10628
4968 5124 4837 5792 7424 7465 9419
4969 4108 5330 5591 9117 4490 4490 10666 10231
4970 5718 7328 6695 9100 1881 657 5552 7126 8207 9319 11398
4971 7190 6628 7009 10334 10722
4972 4964 8714 3996 7067 10866 6544 4826 5062 5065
4973 3052 170 7126 7124 10753 8300
4974 5873 4111 6178 4273 7821 6801 4998 9220 8444
4975 7318 9407 7804 11297 7462 10164 3350 9917 8012 5098 3351 577 10124 9794 10722 10722 3383
4976 4873 5940 4165 6495 7592 5516 9790 3305 9380 9363 7780 5534 7472 4061 10857 5125 4262 10411
4977 1992 5939 3743 5870 4190 10672
4978 5369 8739 10133 6880 4227 8039 6668
4979 4461 3321 3180 5663 6909 4521 9930 10155 6911 5665 2919 7385 7028 10463 10595 6520 7981 10866 10659 8353 8354 7473 5698 9676 8410 10810 7408 344 9652 5079 11130 8092 8221 9719 9837 8593 6521 9066
4980 1313 1317 8109 2646 1525 2197 5223 860 2943 4927 6219 505 3747 4990 3998 5444 9459 3324 10599 3865 320 6339 9567 210 5062 5065 8861
4981 10778 1066 1099 1786 135 2235 10748 781 2814 1638 11160 1711 1337 11135 859 4054 4343 3842 10844 3819 3374 6110 2885 10791 2774 9889 5202 8155 7928 5609 10965 11585 4384 10193 8981 4008 9985 11124 10947
4982 8811 1137 2423 1347 3692 3804 1183 10616 3521 3553 6297 1668 1004 3404 8812 3655 4695 3311 10152 10751 3687 5632 3241 2340 4412 2096 3972 4263 6669 5745 3148 216 3098 2913 3939 6369 3516 5995 2161 8338 3386 2792 3274 1826
4983 10767 1853 3125 5260 6975 6499 6108
4984 5723 3436 8359 4899 4980 3876 6626 1718 9064 5196 6247 2367
4985 7907 5594 4368 713 11090 6689 9028 9454 8942 9231 8969 10398 8782 8989 9484
4986 7528 3871 5319 8340 4687 8606 2247
4987 3536 3146 2317 4900 445 8054 8553 10164 8096 7253 9894 1593 10074 9485 10475 6569
4988 2596 6429 4264 3429 2204 3861 3247 5575 3359 5737 130 5880 6941 3882 11449 8496 5730 10994 6009 8634 4451 5695 6271 5159 11588 2934 6875 6624 6126 11410 11154 918 3610 8307 9962 4571 8634 6329 9313 7123 236 10660 5568 3660 5322 7493 6810 7565 7558 11099 7393 7694 4129 7512 4995 7715 8508 9011 7418 7684 7692 8514 3741 7588 9380 10165 8425 7937 7472 8708 10045 8371 11104 9126 9167 6807 8146 9640 6172 2701 9570 4656 1155 10515 587 10440 6943 11202 10381 9316
4989 3257 4314 3775 203 7341 5909 11072 6315 8665 9867 10480
4990 4471 10016 11158 9943 5353 5253 3661 6652 9031 10383 4000 7723 5321 6231 8272 4530 9652 7256 5378 5801 5177 84 10386 11053 11244 10522 9994 7107
4991 5771 5814 8196 5516 6978 4726 5430 7060 4823 9449 976 3585
4992 2558 10957 4676 4533 9634 4985 2704 4846 11489 8020
4993 333 2060 1180 2112 4222 4550 7411
4994 209 441 422 97 1017 1297 10866 11626 7851 7683 8099
4995 4515 8305 6129 6671 5879 6866 9374 11431 10805
4996 4810 6874 6725 5802 10286 9139 11227 4951 11102 8823
4997 11257 737 7965 2353 115 140 5548 10110 3787 9930 10361 4483 84
4998 1324 9811 3681 3082 8058 5139 4778 1271 9465 5954 3597 1154 6229 5079 6689
4999 4133 7240 3405 6396 6229 5354 9466 9967 8834
5000 9480 850 5557 9480 9480 7367
5001 4635 8035 7328 7024 10623 8851 9406 426 5672 7140 8063 10866 8444 9975 9050 5958 10404 9628 9846 8324 9040 11296 9015 10771
5002 11491 5656 8418 6506 6287 9358 5738 5362 6685 9200 5928 3380 9410 1016 3556 885 8373 7627 7633 1934 8295 8756 9390 9388 8147 10377 10573 10677 9316
5003 5396 4379 3193 4676 1281 5325 6605 9100 10644 3765 2720 8480 5359 6801
5004 6842 10464 5727 9045 6659 7133 9753
5005 1777 7489 9160 2380 10334 6288 9812
5006 5252 4428 5741 6154 10266
5007 4638 6612 7604 7493 7886 3859 8527 7547 3787 7564 141 10857 4512 9261 9902 10857 8708 9233 11273 9270 594 3818
5008 2867 4519 1307 1024 4364 8101 52 5757 8956 5753 7487 6818 2365 9743 7501 1154
5009 4768 11162 5349 9184 7678 11425 6805 11562
5010 2000 5970 9657 10241 8893
5011 5154 4981 2611 6270 4532 10866 9972 9076
5012 5557 9775 3918 3772 9067 9450 4897 4019 5673 7799 3294 2885 4713 5678 5157 5816 4617 6322 5799 8538 7594 6217 10738 6890 9374 7568 5819 6961 10159 11331 9418 9203 8751 388 9262 4342 8663 10817 10249 10793 9858
5013 2494 2067 2886 11335 10943 8789 8233 7107 7107 11244 10060
5014 5509 3581 6635 3225 7738 4094 11368
5015 7465 2646 10199 7058 5225 11336 8430 8080 8452 9934 10239
5016 4057 3912 5041 4542 5592
5017 7146 9720 7853 1123 10644
5018 2243 656 4450 6556 7276 9842 8222 8676 7794 11112 10234 8156 10587
5019 5749 8639 457 4114 1568 6028 6779 204
5020 2411 6212 3777 2316 5549 7952 10215 10866 9737 5100 5096
5021 949 1002 1021 10638 6358 2346 1179 921 1261 1720 10967 2505 2343 1453
5022 5332 9527 6957 5223 8294
5023 7642 6151 8136 7806 7804 7811 9604 10383 9791 4375 370 8066 369 7143 10679 5755 7829
5024 8059 7290 3122 10816 2804 3141 2944 4630 4905 7521 3158 3283 3090 7508 2784 8432 5465 7182 673 5719 4363
5025 10399 2283 2762 1851 5178 3198 2154 9814 6273 3989 2593 10435 2774 10438 2616 1755 2129 5391 1738 6140 5277 1385 2905 7146 2463 1864 9426 3770 9006 10106 3778 4711 3651 2447 3769 5834 2817 5261 5016 3776 5177 2980 5283 3955 6207 5946 5931 6459 5815 10149 2637 9929 5646 5452 7538 10381 5660 8086 8836
5026 6169 7917 7140 8100 7531 8842 8066 8690 9132 10379 168
5027 7783 3015 1153 10342 7489
5028 4218 6261 767 294 3531 7173 3408 5703 5042 5313 5220 8572 710 4112 5779 5602 6021 7630 7251 2491 7295 7257
5029 2423 3795 9961 10829 6701 5542 7068 8630
5030 3804 7221 2491 5695 3375
5031 2646 906 2337 2471 7021 11011 1581 11242 1760 771 2152 6836 3941 5684 5373 10967
5032 3936 5849 3655 8813 2031 8617
5033 4847 10229 10897 8389 7579 8710 10749
5034 935 696 7276 8659 5605 7640 10705 10442 11453
5035 8496 5727 5977 11424 11243
5036 3436 4338 7161 5816 6595 6188 10141 6489 10486 9561 8201
5037 6770 8393 748 8986 3943 10414 3042 9517 2017 1605 6212 10271 1012 3601 3058 2925 5841 6296 2989 8564 2008 3657 7193 8603 887 10883 7882 7080 7976 8497 7142
5038 3297 10022 5472 4764 9927
5039 1735 3823 11369 3088 7623 4772 919 5662 3592 9688 4350 2784 4165 4465 6044 6608 8699 6824 5204 3852 4449 10005 8424 11376 9858 8682 11210 8365 8045 5857
5040 5046 6393 5998 4982 1821 4674
5041 4230 7467 8340 8498 9383 6399 3871 5548 3899 10893 4488 10211 10486 10937 11267
5042 5504 6865 11463 5132 5312 10379 10161
5043 6377 6922 6851 6877 10893 10463 7280 8198 7142 9897
5044 10389 6266 4002 7270 8551 8959 55 10473 10523 570
5045 1390 1720 1698 2580 3563 8779
5046 3503 5563 6851 5113 740 5446 7909 5440 9826 6767 8932 2232 10866 9446 7757 5983 9698 8093 9460 5323 4810 10379 10958 9898 5342 10834 9536
5047 1353 2554 11600 1284 9052
5048 1138 549 1589 2157 1062 1696 1969 7950 1667 2554 2585 9925 430 330 136 9145 10691 2864 6261 2657 6519 2815
5049 327 2406 2413 882 2086 3282 11229 3142 198 9069 6176 10576 6791 7393 8514 2085 6746 5083 5074 404 586 11112 10549
5050 7335 7709 4459 5483 3127 2946 10718
5051 10485 5724 6199 761 9886 7163 7988 10533 3835 6205 5892 7667 5341 5522 8537 8690
5052 2091 4973 5921 2247 10731
5053 9078 6949 7489 9523 9842 8522
5054 245 220 1923 8890 10728 893 507 555 1293 974 562 11237 1002 193 890 10480 411 622 730 10903 920 10586 2765 1291 3535 1224 471 2239 900 1421 11098 7311 714 2038 2157 10426 1799 2460 383 222 1680 2188 3675 2108 10426 1743 6718 1478 1582 1825 2314
5055 6176 4911 7312 7160 8561 11437 6128 7828 3429 673 6123 9192 9033
5056 1005 1034 3615 8589 4172 10896 6970 11324 6472
5057 2836 1930 5006 11401 4194 3450 4308 10786 8734
5058 2513 6801 6279 1535 7842 11256
5059 427 2980 10666 10992 10078
5060 5824 669 4337 8224 4924 5329 6394 8684 2021 2247 546 7787
5061 8824 10353 8911 7603 11393 11445 8916 9475 11568 11372 1626 9246 9364 1856 10425 10730 10688 11048
5062 4050 6723 5822 8532 3155 3160 8842
5063 3387 8440 5821 8259 10893 4136 7691 8256 11567 11224 10755 10931 11319
5064 5758 7530 1517 218 629 2133 29 6962 6232 9954
5065 11004 11179 4569 10618 9114
5066 5243 2557 2663 61 529 11500 10391 5034 6287 1050 5385 400 8820
5067 8408 6584 6694 663 4833 77 3839 7064 5315 7970 9762 5801 9010 11244 6193
5068 630 956 2147 9925 2118 634 957 2886 2368 10271 3266 320 9533 442 6140 902 172 11478 5468
5069 3249 9205 356 11196 7821 2812 4803 5869 4280
5070 1141 5603 3634 2683 9334
5071 2315 3986 11631 8498 11186 11126 9941
5072 666 757 2302 8544 3885 9074 3252
5073 2291 9775 954 5356 3381 4328 7359 10270 6156 11188 7058 3852 7453 7125 4730 6321 6322 133 2367 6481 11577 6015 11185 10734 7218 9526
5074 5633 10035 4532 8430 6922 5787 11577 10525 4017 102 5203 8976
5075 6391 4718 5913 11297 9005 8254 11350 6260
5076 1130 652 4344 1351 5599 696 2631 3734 10881 5452
5077 2062 4284 11349 2815 3443 7191 8045 9260
5078 8801 2258 9860 2156 2359 1014 2742 276 1847
5079 3952 8984 7861 9367 9413 9411 6225 8675 11589 5298 9987 8328 10419 4117 9610 11341 9934 11208 8584 3951
5080 7294 6017 3742 8498 5913 10678 8852 5091 5084 5092 6905
5081 3842 7343 5966 9599 8611
5082 322 414 10674 5309 4119 627 3514 660 2239
5083 8234 5819 10905 7853 7813
5084 5041 5421 6604 4382 1029 8118 36
5085 3116 5671 4768 3997 3137 3725 1650 3300 3850 3486 3057 4476 4836 382 4195 3000 3520 3701 10044 8779 6642 4844 11339 9818 8779 8779 3085 4739 3679 8779 8779 3543 3190 146 7225 8798 2733 5203 8949 5323 11166 379
5086 10875 191 6741 4114 8641 9975 9676 10185 9765 348 9738 11325 9543 9887 10934
5087 5420 9886 1424 11221 11607
5088 847 1464 9703 2146 5311 10974 1998 3776 2625 4093 4092 2593 815 4097 993 2976 3731 6712 524 3983 8613 4030 2977 4453 10061 8780
5089 5524 7465 5492 5587 6612 7547 6691
5090 2911 4831 1995 2330 1959 2932 10982 2443 231 6475 5814 1241 7861 10110 5852
5091 64 320 3058 3592 11252 7741 517 1628 1534 7034 73 2264 3562 10831 11220 5241 5176 3862 6897 5906
5092 1318 7735 1739 10136 9535 10824
5093 4112 530 6477 7072 10305 5003 532 6216 4671 7626 3232 7657 8169 5870 7759 91 5214 1034 9402 11126 9810 270 1995
5094 7879 6015 5602 7309 6488 6711 6329 991 8044 7630 4635 7215 11363 7395 7734
5095 7332 4443 8909 531 5648 4282 5401 9347 6213 7721 5601 2315 3957 7821 7629 3621 6768 1241 4756 8390
5096 2836 10839 3170 4255 1959 5959 1922
5097 372 2528 1447 5530 3907 5530 7170 6661 6774 5534
5098 4279 2398 1063 4150 10588
5099 1127 3313 4761 10973 6007 4377 5814 5412 10882
5100 3419 6396 6229 2110 7489 6713 3 6797 10808 8181 10808 10704 2806 6868 9401 9427 1123 546 10060 1506 7902 11074 10131
5101 5369 3689 3428 4333 6019 4703 10908 6174 6068 6283 5258 6032 1238 8206 4854 5370 10344 4350 4974 3190 5676 4286 7978 6951 6921 6593 6709 4692 10866
5102 1269 9828 11360 3063 5874 5169 3600 4087 7486 8127 7495 11034 7985 6689 6688 7318 9390 8387 8411 9152 8713 10545 9025 9606 10065 6569
5103 2197 1060 3166 2867 8027
5104 4347 7792 2930 8847 6691 6521 9540 8096 8654 5093 5081 11576 10788 4334
5105 321 3340 11053 11244 8803
5106 6505 7527 8622 8069 2812
5107 4449 4866 3927 6962 3132 5650 10676 1056 10346
5108 6956 5923 927 11103 10382 4055 7213 3730 10433 3882 11068 6894 8345 8898 8192 9731 10966
5109 8954 7309 133 6544 6862 6915 8035 4731 10866 6717 5788
5110 5840 9929 5811 4717 3995 7023 9772 7639 7857 4609 7446 10180 5819 8344 6363 7191 9357 6852 9050 11292 6231 9418 9216 8380 10363 8823 10386
5111 732 4128 7310 7391 1056 10899
5112 4450 11238 1413 5998 10191 5530 10904 5695 5188 7078 6739 7464 4803 5649 7527 6570 4455 5616 7657 1718 2491 6451 102 3880 3891 8481 2075
5113 4977 2074 3200 2375 320 1670 1103 5695 2922 5344 7190 384 737 3613 7251 10831 8568 5768
5114 9504 7160 6174 5533 3163 10920 7824 6711 6243 3156 5182 8454 6007 10779 9915 10817 7089 4277 380 7643 10078 9096 8748 3624 8612 9023 10851 10094
5115 3935 4218 7057 4494 6218 4113 5412 6068 5183 9480 9363 3409 9330 10214 11072
5116 1502 1567 1036 2087 2329 3771 2175 1466 2196 11510 4618 5269 5045
5117 4868 6430 5476 8006 6231 9658
5118 10916 10916 1991 5448 8623 7192 6128 8032 7074
5119 6453 1996 4040 6645 10118 4744 6263 4699 5982 7193 6045 4770 6660 10836 3338 7284 10593 9388 9390 6854 9513 7906 5066 7717 10729 738 9155 8822 10934 8428 3653 11453
5120 6257 9922 5928 5701 5269 5169 7735 7073 1832 4672 9828 10920 5611 7320 6116 9055 9562 5462 4574 6104 1324 11018 7513 7495 6343 6511 8127 1942 8608 5274 393 398 9292 5097 5077 5061 8553 8592 2103 9454 11047
5121 8630 2513 10653 6183 7597 5068 11319 11319 10415
5122 562 11069 607 11143 4557 1305 10961
5123 6533 7129 503 10087 11034
5124 6832 5699 8440 1007 3808 5680
5125 10937 9163 10164 7313 7646 8771 8845 8872 8654 9752 10451 8395 9141 9531
5126 699 931 5282 4608 10087
5127 172 6418 6592 8237 7417 5925
5128 704 621 99 568 1072 378 1904 1383 10417 572 9509 1066 1546 553 1174 1727 1732 646 1680 11074 2188 1453 444 1998 3222 1784 186 11614 725 10967 31 39 4072 1952 2029 11122 5841 3970 4468 2971 3125 1385 7406 4981 832 319 2691 7286 3400 4235 215 7980 6507 7417 6249 6786 4366 3760 11372 9858 8763
5129 10263 5128 9645 6343 8733 9700
5130 442 4525 3170 4517 1063 40 5557 11512 4744 6376 7359 3294 7784 3130 913 6648 6838 8889 7656 9793 9638 9710
5131 5955 848 10711 4273 11278 10880 7695 8388 9766 9223 6801 9538 9608 10505 11078 11561
5132 10117 1678 2581 5901 2875 5164 4246 5269 6928 6909 7033 4507 7090 6469 5520 10985 7929 8726
5133 4726 6446 8430 7099 5050 8381 9582
5134 5724 980 4567 5948 6639 10463 9242 7641 4735 9310 542 11333 9973 1856 10302 10302
5135 1226 1169 226 3935 11357 3518 2283
5136 1963 4562 3131 1347 3208 2172 5006 2283 1703 2761 868 2928 3889 3664 3451 4300 10640 7632
5137 7220 512 11239 2049 4713 8408 5420 5388 2677 4421 10659 3086 531 6334 7706 4019 3405 11336 252 8538 8151 6451 8342 7459 426 7263 10415 6784 8905 7484 8368 1080 1308 5206 9722 10069 2247 9939
5138 10703 2036 11583 7176 4758 10295
5139 3274 5745 3250 456 1944 3054 1822 3200 5360 3094 2413 1231 1952 3229 3847 5577
5140 9567 9017 5479 4361 7721 3661 8352 7914 7770 4847 9228 3410
5141 6219 3981 5380 7784 9164
5142 3728 1182 4334 7092 9775 2889 4210 6176 8435 10118 7093 9424 919 4974 6183 5730 7586 8530 10415
5143 3298 2643 5140 1334 6820 8904 10388
5144 1774 1606 9007 3246 8411 2116
5145 9372 6231 339 3844 11453 5850 296
5146 6840 6492 7858 7406 9466 6348 3985 5182 8006 9499 8302 8582 11469 10411 4117 10161
5147 159 4570 3065 11529 2452 5725 5978 1054 5048 7798 8788 10827 9402 5561 8102 11583 8912 5102 344 317 8636 7181 599
5148 6297 6284 3957 5184 5645 10215 7442 8686 9639 6030 8985 478 9554 10991
5149 8564 4613 3703 8689 8248
5150 8020 7844 9521 9582 8935
5151 161 8661 8563 8914 7614 8649 9919 7614
5152 10728 1217 838 7658 4934 5309 504 621 622 808 1423 7203 907 5181 856 671 8599 11244 806 1341 9842 1530 2347 11192 1303 11327 2655 9703 3790 454 11486 2278 3194 3374 4147 4980 6293 7747
5153 3689 8206 6325 2927 8327
5154 3581 7335 1734 7211 5325 9899
5155 6336 9414 6592 6864 1470 10883 7858 8353 8216 6929 7157 8746 9668 3011 8757 9781
5156 517 6645 2837 5701 2677 7038 11375 7354
5157 11527 1956 735 4440 10245 6223 6602 5980 7274 4999 6631 7898 8544 7567 4594 8596 6349 8452 9181 8847 9103 5390 5091 3273 10423 7820 6498
5158 1599 1466 7789 5240 10476 2428 3728 5589 6909 10827 8725 10555
5159 2286 4860 11076 2302 4141 7311 11140 2671 5504 3899 2533 6693 5249 369 7549
5160 2867 2371 3118 11522 2925 11115 10235 7663 6606 5993 9718 6398 6416 7093 11163 11148 9127
5161 7679 7447 5124 3800 4988 10476 8538 11178 3969 7060 2361 6487 10905 10540 1833 9904 3752 1765
5162 6331 6869 7718 3737 9828 4529 6972 11250 9942 5439 6592 7401 7176 866
5163 8143 11081 6239 11228 11568 7337
5164 1044 2283 3821 5920 9657 10734 4443
5165 10 4825 5017 3826 3811 5906 8044 10701 4486
5166 4680 4202 8685 8038 8500 4682 4499 8980 10716 6878 8965 6863 8376 9813
5167 5862 3102 5969 1866 3703 3269 8259 11440 3658 4581 8228
5168 96 1491 10351 2181 6345 573 10811 3115 562 3754 2155 5146 2520 1187 11524 2745 10530
5169 1538 2396 11079 7339 10379 11179 8051 6908 2961 2184
5170 1173 3015 3237 11533 8283 10509 10946 3907 3360 4797 2582 9949
5171 11188 2746 5029 11188 5693 7305 4514 7093 5608 9414 10194 6711 6963 9807 10139
5172 2225 2474 11357 3185 10717 2317 283 4249 983 1736 6081 6352 6923 2386 3648 6593 3072 814 2204 11450 2969 5221 5131 1733
5173 4520 7277 5515 6407 4659 5738 4811 5321 7446 4755 4640 2498 10659 10659 6161 3649 10751 5671 3468 8112 10044 6126 7978 5982 5753 4470 2473 7487 5986 4869 9943 8297 4521 4530 4284 9371 1069 7742 6579 10728 886 4636 7757 6413 6232 6884 6496 7767 5668 6233 4823 1886 8796 1761 1643 8789 5612
5174 951 1235 2472 1126 2710 153 2651 9828 9710 10616
5175 8327 1990 191 11258 6405 10379 9813 8401 10279 1595 4186 10542 11390 10381
5176 7276 8707 8906 10015 8204 9370 5378 10203 6805 3653 10362 9420
5177 10466 6218 4867 7255 2071 5389 9190 11483 3380 5707 7511 6245 5322 5459 5457 11629 6429 11116 10857 8368 7992 55 9015 11104 11104 1155 3758 10504 11266 11146 11112 8981 9496 9758 5944 10122
5178 2282 6431 9528 8650 9868
5179 3395 5384 10581 5011 4741 6766 3301 4268 11511 4471 3248 5143 5765 4658 7908 4178 8160 10245 4640 5308 5663 2084 3505 4734 3163 5474 1865 5936 4217 5935 8297 5218 1629 6011 3600 7060 5210 8142 6954 7060 4209 3468 7397 7388 7478 7486 7504 10595 7848 4488 7785 9391 7430 6796 7897 8313 5952 3539 3768 5958 2229 8085 8894 3663 7734 4530 47 8588 7607 9720 5469 569 10810 10779 11626 2276 11389 1669 11230 9070 10107 9579 7717 10665 8802 545 10423 11250 10421 9096 1941 76 8767 8793 592
5180 3999 8709 8092 8884 10737
5181 7651 11336 6368 10037 3519 8550 11293 2855
5182 4798 10844 8250 6365 10131 8330
5183 4821 3137 1444 11187 4389 82 7189 5502 6823 2544 6604
5184 2836 3743 3666 9382 4538 4016 2348 6264 5200 5673 6462 4355 10623 7614 7614 9506 3196 11113
5185 6843 6353 8574 7178 6451 16 3895 5819 9372 11464 8081 8350 9136 8869 8207 9181 9487 8952 719
5186 10389 1797 10305 6978 3545 5069
5187 6435 5567 7076 7109 2349 9818
5188 942 7831 6363 10721 8684 9818 4256 6936 5615 5375 8018 8285 5817 7481 11463
5189 4544 6837 6346 4874 8169 5450 4162 11140 7259
5190 522 6085 8980 8508 6539 3392 6080 6846 7141 7513 7633 2716 7372 10495 7371 10104
5191 6890 9783 396 5088 8362 9651 582 2480
5192 10690 4822 8859 11380 6696
5193 8496 6624 3728 9552 9454
5194 4940 6542 4494 5235 6087 5013 8681 6207 6504 7053 4889 9566 9446
5195 7335 6333 7160 10919 10919 6847 9447 7580 2277 8018 9388 7838 403 7654 5060 2238 433 10358 8251 7646 9231 9606 11371 6359 9928 439 110 10360 7183 10953
5196 5052 9521 9064 4901 3074 7702 11546 10127 7211 11244 11319 10983 10554 3604 6197 5378
5197 5651 4868 4868 3985 7309
5198 6745 5559 11244 11304 10379
5199 10218 7648 10346 10379 10536
5200 5000 6200 7707 8381 9245
5201 9440 4119 263 1453 414 537 1192 971 1557 2740 1293 1261 548 468 895 11307 889 630 547 25 10114 945 11215 10308 1640 1677 2185 4221 9069 2898 10841 1214 3535 1332 1802 906 1126 2107 9517 9735 3437 658 2307 9329 10789 3311 4599 4141 5613 8230 10261 5241 5174 5030 3087 912 5838 2815 7251 5398
5202 3914 3671 11499 10445 10228 9580
5203 224 4032 5099 8362 9842 9266 11218 7550 10661
5204 4613 4504 7138 2823 9977 4868
5205 10611 6558 8055 6981 6942 7901 6633 7140 5757 5353 9073 6487 8899
5206 10703 1866 2326 131 8084 5009 9442 11597 4018 3330 5923 834 37 5915 6771 3984 3647 9729 5017 4639 3526 5619 10791 6186 5894 5705 6229 6336 2443 4421 6539 3933 6074 4978 2315 10734 4839 5961 7218 6847 10867 9366 10110 5 7334 6565 7807 9407 10967 8518 7868 9589 10318 3209
5207 6051 2643 9368 5765 7130 5509 6237 8058 7095 10867 8652 5435 8016 10863 6632 8628 10665 10872
5208 9103 9842 8515 10097 9123 10773 10759 8964 5177 7817 1993 15 10828 10563 10616 1868 10686
5209 3663 7902 10942 7603 11218
5210 7988 5928 8075 5748 5507 6697 2690 8871 10137 2103 9282 10451 6357 8423 8922
5211 3724 3163 6311 2091 8859 8725 9561
5212 6038 10237 7245 1709 9086 10310 8612
5213 897 1166 801 1096 7684 2032 1004 1601 7414 9925 4306 4479 3054 3553 10263
5214 6252 4431 6391 6226 7189 6903 7459 7879 4386 6830
5215 10956 4785 4797 10096 7498 7136 11255 6801 11139
5216 10336 7013 5175 4949 3716 1866 2367 9268 11074 6362 10613 9265 8584
5217 4608 5164 11511 10422 736 6698 6117 3008 834 4040 6808 7393 10077 6528 7614 11509 910 9490
5218 10087 8348 8348 318 6548 3175 5896 4014 7305 4971 4217 7544 9932 6521 6971 5950 8191 1761 9245 6288 10529 8009 10073 9976 3626 10370
5219 10546 6851 6527 10209 11248 9325 10273 8836 9387 9593 2238 8929 4799
5220 4981 7303 5647 11024 9423 9220 3653 10104 9467 9691 9058
5221 5329 5879 10808 6332 9338 10738 6439 6321
5222 5179 7058 4679 8361 5816 5963 10305 6847 7773 4289 5787 11181 4390 6548 4619 11185 4635 10404 8198 8402 9466 8040 10063 11392 10366
5223 656 10686 2050 2196 2857 3194 1971 11182 2699 6950 4455 6577 7351 10395 8959
5224 1891 5292 7688 7289 8994 11250
5225 5326 5662 6699 8350 10808
5226 8378 9112 8076 6905 5525 10923
5227 6846 913 2070 5264 3882 7174 7453 1879 7637 5408
5228 742 7522 1093 5690 928 2041 8338 9547 3871 5595 3444 4112 7784 1198 5679 7008 3481 5409 172 4856 7160 5680 6275 3649 5029 1645 7988 10047 8112 7840 7978 7072 11363 7275 7173 8967 8539 9949 8016 7906 10002 11563
5229 3579 5968 1005 5116 8498 8573 7677 9810 10815 8414 9870 9070 10595
5230 9402 1269 11639 1419 4311 8264 10118 5685 9562 10961 9842 9842 10147
5231 1755 2141 4052 2447 3586 3140 4083 11597 876 5998 3101 552 5174 319 3470 8929 9576 4496 1238 8441 6786 4324 11072 11498 9258 2501
5232 4026 11608 4562 7999 10805 9489 8092 4956 9985
5233 1398 563 5448 7469 960
5234 2514 5293 6612 3750 376 953
5235 522 5194 1495 7507 9882 6871 7695 7862 5693 4487
5236 1870 671 6654 1131 3243 1146 1957 6653 1248 1514 2356 205 11198 9457 8797 1430
5237 3015 1278 2422 10692 3474 4097 3120 4902 11095 10850 4877 10786 7504 5354 7858 1246 10866 6325 7690 6380 7173 9627 5719 10990 11620 3644 8770 9083 9764 9348
5238 11315 1394 9534 9852 10092 5110 8653
5239 1930 3426 1799 2205 4231 3290 1394 5655
5240 7212 5146 4246 4920 9608 8077 9326
5241 6997 6413 16 6353 5756 10314 7481 6167 6325 10546 9460 7591 9460 8798 7715 10893 7607 5854 9344 8472 8931 11325 9690 10294 10432 9653 9503 9820 9981 8949 11425 10967 10960 9243 10960 10119 8014 9029 9750 9701
5242 2320 4095 7830 5920 4434 7698 4979 2214 2211 4226 2958 10908 1994 877
5243 8427 11091 5620 5984 6947 5510 4726 10733 8120 1016 7318 11607 1593 10164 9221
5244 6274 4869 5194 5451 6213 5660 8827 10959 7435 4367 5904 7164 8340 8318 9435 5744 2491 5861 10369
5245 10687 6873 5162 9330 6481
5246 1889 11307 8577 10060 7363 9162 9904 10926 11358 10682 10635 8729 9626 8763
5247 5136 4154 8430 6011 7816 6354 2982 7436 7239 9628 3896 8164 5895 6782 6972 9861 8975 7602 7902 8974 100 11080
5248 7917 4045 3999 6748 7012 9974 9956
5249 1242 9577 9925 8860 954 10321 4204 10807 2945 2320 9017 3662 5329 4545
5250 690 10069 959 1807 7613
5251 2535 4797 5964 5922 8685 4359 3088 3269 4787 8609 8665 10233 10699 117 3890 9236 10451 7957 440 11273 10040 8939 8927 11469 8466 9068
5252 3990 5950 7141 2917 7281 6062 7436 7628 5747 7745 7064 11244 8748
5253 6302 10569 7911 7871 7422 9199 8535 6356
5254 4856 11463 3120 5702 8655 10247
5255 7497 5582 937 2135 10284 2938 2441
5256 5027 7150 8943 5881 6278 6906 2644 6127 2941 7467 10813 241 7693 8310 3448 2712 7627 8041 11075 8452 8354 9627 10800 6813 11083 8402 10058 8178 10387 6828 9877 8768 10194 8662 9324 6498 10742 10387 4637 10322 10086 10742 10028 9913 11616 8721
5257 1923 1200 260 782 10638 998 422 1676 999 1220 10489 10979 9717 5448 4275 2161 2797 5703 11591 7160 10919 3875 5903 6633 7238 5882 5588 6249 9388 11303 8771 9967 8505 8771 7198 6769 10733 8447
5258 5584 2958 4090 8421 7627 3319 10319 9820 9161
5259 6957 7670 10637 6940 6017 8402 11408 8648 10005 9237 8692 6289 8960 8913 8819 9273 8751 8754 8876 10343 9157 10451 8991 10537 8925 10579 11097 11445
5260 3431 10498 11555 4141 4204 7955
5261 1891 7269 5342 9565 9140 10555 9658 10930
5262 10095 6957 9391 10644 10663 9150 11049 8589
5263 11521 7205 7092 10233 11140 7289 11293 9412 1554
5264 1382 1893 2740 184 10727 11101 960 11074 3977 3767 10767 3655 2107 362
5265 8180 7422 11483 8769 9437 6783 4512 9227 7736
5266 5996 7180 9583 1761 9926
5267 5878 5769 4002 6280 2855 7888 7192 3156 10937 8798 7843 4878 2930 6023 6580 9405 9887
5268 7657 4667 11611 2666 11483 6245 8789
5269 5977 11287 4688 6999 6517 4232
5270 2664 3203 2539 11291 1925 426 8099 6942 6078 4548 10959 7828 7259 9537 10937
5271 1806 2266 3475 1437 4141 2654 9563 2174 3218 2662 8674 10029 9338 3411 8667 7683 2321 3550 11401 3087 6714 6347 4351 4534 8137 3585 4254 6495 7701 6787 11505 10237 10830 7829 9050 8057 9060 9707 9633
5272 11046 3638 2163 1867 4123
5273 10191 3503 4329 7757 7066 5802 10564 141 8604 10678 8294 7803 10107 10282
5274 9988 68 5178 9750 9521 8365 7730 9928
5275 2884 5227 7694 4792 11483 3380 10463 645
5276 9565 10796 9850 2683 11050 10058 10060 10411
5277 3088 8427 10916 5899 6671 9590 10866 85 5138 601 10698
5278 2074 1973 3210 3070 11322
5279 6556 7308 6391 4740 6533 7122 4390 11336
5280 5452 6580 9330 9590 5697 10058 9093 5468
5281 48 7962 3539 7191 8753 10216 8998 7632 7630 9168 10104 9046 10654 9629 3334
5282 2212 1973 3297 5579 5479
5283 5661 4417 3407 11400 4890 6057 7125 1645 5971 9347 11259 7150 3314 5637 8005 10005 7876 7564 6827 10738 8610 5852 657 8438 9596 10237 9596 4958 9179 9476 8843 9048 7940 9550 8511 9094 9266 3844 10590 9610 8777 6362 8776 9587 2622 7391 11372 10878 11316 4828 10277
5284 11287 1702 9457 8111 10005 345 9842 9998 11431
5285 1967 11233 446 2311 1598 11033 6212 3813 7776 5632 9044 11204 7190 650 1125 533 4400 6219 10422 2452 3070 4423 6621 7532 2817 8058 8909 3381 6032 5877 5459 3965 4676 9547 7897 4175 8634 3509 4176 11423 5009 5978 8851 5028 8725 233 4642 4473 9769 2421 7298 6809 11393
5286 4695 5832 386 3524 545 10398 10107 7747 3523 10386 11244 10402 1630 7969 3383 4384 10522 9956 7903 9970 10757 6238 10680 10644 9893 8831 11285 7749 9629 10447 10700
5287 1574 3871 4649 2954 4227 6727 9334
5288 6218 7604 5564 253 4386 10718 10718 8427 10718 7343
5289 4031 10772 11284 10541 6428 3405 6760 4015 7273 256 4099 5705 4487 10280 7601 3934 6458 9380 5552 5556 129 6812 7856
5290 3949 149 1733 7879 6547 6153 8634 4176 7274 7093 2574 11142 452 9003 9350 7791 8111 11204 7139 7085 10315
5291 6019 3826 6704 5081 5088 9602
5292 1989 3388 10686 1288 680 3041 3378 7359 6230 5912 7378 5440 6730 3281
5293 9601 7685 5588 11064 10532 5808 8641 11186 6802 2491 7093 2491 7949 6750 4205 8273 10698 9132 9418 10815 6517 8708 5830 7719 9706 9285 7645 9236 8251 9202 10846 8780 10060 8647 10942 8323 5747 10087 7954 8615 10664 2270 11199 7143 10307 10726 7183 11124 3920 4751 10717 11244 3129 11218
5294 7953 8147 3334 9401 984
5295 4536 7718 6922 4657 8574 8226 9757 11561
5296 7888 6969 6489 8980 9734 9210 9245 976 4762 10445 7649
5297 3408 7865 3338 2380 11309
5298 1088 349 893 9173 181 139
5299 2494 11238 503 8975 5756 9420 10259 9294 9281
5300 8980 8924 10371 8604 11393 2075 10385 10542 9250
5301 8429 10641 3160 7199 6648 835 8352
5302 9006 2836 4863 5133 6483 3137 4753 2596 6138 3052 3111 1054 5839 9371 7807 8862 1986
5303 4669 3474 10576 2195 4787 7765 9187
5304 6294 11388 6136 6289 9523 8059 7317
5305 11624 9975 9889 169 10096
5306 951 3059 2689 9803 7377 7377 1144 3947 5793 9093
5307 1539 1736 5928 6909 3866
5308 3416 650 11638 7830 4240 4906 656 3813 2124 7138 3795 903 8084 5695 3446 5229 8369 9190 1779 5088 9039
5309 1500 1074 863 1349 1475 68
5310 1200 2200 3452 5599 9744
5311 6208 10736 1029 8283 6504 6969 9154 10302
5312 3209 1954 5431 2815 6076 3446 10368 3414 4052 11597 1948 9568 2617 2785 3169 2057 3816 3348 3731 3960 5017 4664 5150 5288 11061 11061 5894 8910 6572 1700 4986 5198 2817 5965 3876 3841 10891 1461 5529 11323 7709 5699 5016 6301 6229 6428 7965 7898 10794 11641 2034 5949 3268 4760 6760 8291 7122 5936 4719 11512 6072 2835 10791 2275 4266 10877 5320 2794 4766 4211 5565 2645 4521 4530 4640 4210 6910 1252 6539 63 9366 11386 7510 7860 7564 8238 533 10624 10564
5313 5938 6922 9588 6895 3256 7641 7923 8194
5314 9800 4181 2633 650 650 650 1919 7578 11571 11132 6137 3411 11115 6574 10720 7146 4908 2361 6866 10323 5056
5315 7965 7885 6695 1124 11309
5316 7378 8206 6929 5514 8402 8341 10379 9032 7968 4277 9927
5317 3470 2171 2407 5844 4357 3133 115 9276 9221 10988 5797 9776 9144 9208 11243 7881 10527 4373 10177 10840
5318 8308 6696 5624 10463 4017 8127 6408 6919
5319 4032 4868 4086 9954 4769 7143 5155 9209 8493 7187 8974 570
5320 10016 2291 5433 3773 6054 277 4397 6392 3978 2670 4257 425
5321 8127 5385 8743 8579 11047 8236 10009 9519 10065 10880 8571 9152 11526
5322 8561 6332 9645 7980 7920
5323 1194 7124 10753 8296 10247 8914
5324 10435 3491 1095 1980 5841 11533 5695 3795 7609 6898 11460
5325 708 2629 2849 1912 3292 1731 5709
5326 2114 11336 5405 4073 4983 409 7657 6973 6963 10315 6412 602 8278 10687 10273 248 7972
5327 11597 2345 3871 2693 3634 1231 3425 7521 4628 2446 5234 3583 6308 4421 2575 5186 8573 1775 10235 3341 10184 3577 3878 11502 3414 3519 8359 3766 6347 458 3598 2858 6553 163 5814 176 4585 11395 3352 6911 5894 8266 8787 11599 7180 4566 6646 1642 2294 10286 8788 10315 7280 9030 8464 2184 4445 10195 8518 11405 7646 8586 10776
5328 7681 5257 9045 10733 8203 4467 10353 11515
5329 3965 4015 2881 6011 8551 9438 7514 6086 8477 6855 7826
5330 3831 3115 4083 8910 3074 9923 8498
5331 622 2742 10845 1494 11011 879 10426 997 1579
5332 4241 4117 5030 7396 6808 9864 10616
5333 1204 5987 2108 1084 1784 4317 8876 6010
5334 6685 6146 7330 8044 7803 7079 10731
5335 7170 3772 9977 9568 3123 358 2828 3313 6053 5377 532 3487 5294 5589 9962 2817 3111 3718 5898 8921 6977 7985 9986 11583 10184
5336 3977 2438 457 2053 9480 8972 2578 8688 4412 4284 9372 6730 6671 10731 3271 500
5337 1821 4830 5432 9160 452 5214 7211 11400 11008 11444
5338 261 5522 8657 2335 5221 5348 7075 2365 1832 5786 10110 8524 9570 10009 1545
5339 7146 3310 3722 4851 834 6733 6539 7192
5340 1397 1396 3639 3705 3100 5352 656 3249 1478 8527 6102
5341 5283 3874 8036 9127 11156
5342 2681 5239 6459 3927 3540 4285
5343 660 10910 10870 9757 11556 10569
5344 4642 7776 8838 2922 1776 5143 11538 2137 10693 8673 6248 6635 6396 4909 3720 7174 2822 8863 11287 3927 3713 2895 8058 3026 9228 10419 9101 6612 10959 478 10334 10581 3279 10133 11220 11346
5345 1200 748 2896 4047 522
5346 10367 9972 11309 8774 7598 8334 9076
5347 788 2421 4735 5895 9987 9179
5348 3899 952 11334 10295 10747
5349 157 9266 5699 8168 9876
5350 2072 11179 4569 10618 11452
5351 1922 1628 3449 2780 5497 3457
5352 11610 1830 1050 3946 5288
5353 3241 993 3990 3348 5334 2595 5995 3460 10152 6297 4433 4377
5354 11269 9528 10096 1521 11015 8968 542
5355 9668 10187 4582 1326 6060 1956 5051 5980 6692 4497 4527 4081 3885 2855 6660 7133
5356 9318 10044 8486 3104 11408 9269
5357 8362 8905 8315 10897 2270 9314 15
5358 9417 11343 11124 7354 9910
5359 1066 6345 793 915 486 2150 520 959 11435 9173 683 1362 2865 2383 2514 10987 4388 11628 10581 5311 2983 2123 9671 4084 2015 2415 3306 10298 2425 3229 3200 456 10739 4389 2438 10372 3026 8508 5280 177 10721 5683 5477 1271 5422 4823 248 5107 5655 9291 9272 5654 9785 7440 5653 578 10609 588 8320
5360 7722 35 6635 7944 10257 2113 2866 6453 3385 6019 9948 6582 7465 2117 1734 10659 10285 2487 6879 4320 6275 10728 1268 9260 3279 9930 8484 4217 9358 4071 7519 7885 8877 6652 6772 9073 7980 7531 6690 9896 1934 8279 8422 9307 1211 4946
5361 2507 4406 4007 73 3450 11615 7221 5487 5711 6050 8122 7280
5362 2654 157 5667 3249 5560 158 7683 2948 2792 5399 2274 1329 1419 4686 4247 5207 6042 6373 365 6652 11479 7435 10009 8239 9554
5363 9480 9532 2799 3141 6982 11021 9308 7775 5605 9792 3204
5364 2911 2507 10399 11301 5244 2519 11122 1814 5841 3846 4052 4083 6518 3294 1495 6525 4401 11007 6935 11471 9227
5365 3291 3730 7501 10769 5476 8371 9744 6738 7484 9693 9066
5366 4755 6514 6806 7398 854 7108 8456 7932 8594 7046 7853 7021 8410 8622 9861
5367 8038 7299 8293 8581 10937 9867 10008 10221 8735
5368 8630 1576 2368 5391 633 3648 3742 8449 9370 10319
5369 2852 1907 7918 352 5666
5370 1215 6640 8986 2182 1299 2904 10767
5371 4016 10799 8873 8891 10763 11559 3580
5372 3184 2086 7388 7615 5339 5536 1966 6124 10649
5373 1231 6580 7025 4297 767
5374 7491 8551 9848 10097 6955 8583 6493
5375 9767 167 8924 10561 6853 9074
5376 5634 6731 6415 8752 9676 11365 11622 3271
5377 2219 532 5458 4990 253 530 2101 6269 936 4503 5559 8833
5378 4275 3493 1519 8771 800 7160 11018 4827 11545 6966 8309 6705 7082 7791 9254 10698
5379 8567 2504 3855 7698 2867 1670 3260 4700 5953 6874
5380 10305 11022 7123 6415 63 7328 4415 10404 7829 5441
5381 4320 7988 11022 5413 5139 9260 3558 1879 1694 7936 9818 7309 10133 6547 8427 7249 6726 4813 3597 6243 6379 6375 8464 8457 6038 2637 1536 9255 9028 3653 8938 9214 3822 1154 10821 884 7550 8412 6400 5429 10755 4653 10544
5382 2101 11463 11018 3676 3160 5028 3927 8436 8309 7413 6913 7264 5817 5970 7831 8313 5952 8043 7933 5520 8912 10241 7837 8490 10241 4377 4272 5359 2276 9855 7374 10247 10990 8974 8284 9906 10335 5747 9161 8511 10418 10529 9669 9876 8897 8447 7613 7711 11635 9859 8152 3624 4751 7198 10094 10401 10302 10081
5383 4913 165 3838 7056 7564 8318 8544 11372 11589
5384 7679 7777 344 5102 786
5385 470 3850 8779 11205 5375 6364 5814 6998 1246 7281 6413 8585 11207 5519 10985
5386 4674 4109 3164 3131 8798 6814 11354 8608 10964 11297 10350 9289 9285 11564 10108 1518 8086 9914 6419 6419
5387 2628 1903 1673 5959 4688 4508 4398 4671 7282 9363 5211 1833 10831
5388 8827 7212 5356 3141 4527 8501 3066 5400 7091 513 4502 3329 7259 4073 4501 4754 6041 5275 6270 3 5963 3335 7468 9190 10959 5917 8383 6659 5799 4653 3145 2776 9073 6141 5885 8023 6699 10866 9187 8114 4705 7352 8918 7084 7084 8166 6394 4948 7503 7918 11269 7572 8655 8056 9700 8675 11050 8651 9062 11050 9452 8045 8835 10379 8975 1843 8320 484 7456 348 3611 8376 9433 648 7993 10942 5390 8045 10200 9080 10675 9053 229 10529 7593 10931
5389 10004 575 10308 1796 5972 1510 2290 1874 882 158 3939 776 3513 6339 5008 831 2448 4608 165 10965
5390 3007 2709 4934 10107 182 1904 1145 423 1053 2770 1430 923 2262 6345 2939 83 134 1869 9430 6448 2679 2178 2938 1605 2385 8691 1246 6202 10374 9809 8463 5119 9421 2520 2559
5391 5482 6116 2398 4402 10476 5789 11090
5392 5258 11163 2745 6002 6784 7856 10315 9676 3034 9864
5393 3817 4089 10956 5779 9818 5693 8609 4073 11188
5394 411 8807 1200 10488 2952 817 1905 2693 2385
5395 5228 6423 9941 9728 598 10999 9370
5396 261 7023 6949 6093 8833
5397 9581 4805 173 7884 11363 9260 6382 5091 5084 10244
5398 11551 473 2689 3181 8416
5399 5178 3198 2829 10804 4144 2876 4662 4831 5135 4187 2366 3167 2424 10368 10026 11399 11636 3586 9668 4630 7219 4339 5810 4350 5149 5761 3017 4873 7281 4198 10553 11626 7869 952 10678 11505 162 5298 5105 5075 514 8808 5722 10312 7969 11112
5400 6068 9521 4959 8144 1645 8060 5885 10623 9021 5809 7306 8683 4045 7991 8931 10250 10510 542 10829
5401 2343 1341 1384 11628 1082
5402 981 1717 4310 6217 532
5403 3022 5280 8059 3981 4647 7507 9363 3319 8296 9282 5070 3350 3270 8507 8923 10717
5404 2902 2674 7528 5886 2179 9410 7857 5646 5709 6049 8422 11308 10999 11180 8700 11231 3524
5405 552 11338 7450 7637 4566 7731 4605 4590 5895 10085 9785 9538 10892 9609
5406 2661 7227 3198 3639 5178 3105 2450 8028 1907 2116 446 11315 4025 4350 3472 3088 2214 5496 876 1871 5695 2207 4979 2211 3465 2216
5407 5356 6051 10733 10379 9712
5408 1015 4613 2291 10690 9740 11165 6801
5409 4945 10525 10411 10776 11624 10797 10682 11032
5410 10827 11196 7115 3520 10002 11108 7363
5411 5594 7020 8669 10683 9266 7425 8571 14 8000 11050 7318 4483 8021 6153 1832 9658 8971 11030
5412 3309 2881 7323 6348 8347 7430 8064 5395 3539 1123 8562 8287 8745
5413 10778 1737 3531 4324 7032
5414 6913 10306 8169 6305 11464 4034 10262 11637 9597 10596
5415 10543 8305 5263 7251 3893 6177 11340 7051 6685 6604 7596 4319 3597 6267 10849 8127 7006 6689 9552 9852 9304 9306 2184 9852 11432 9292 10183 10173 9862 5097 8458 9222 7324 8138
5416 7403 6894 6966 4501 8001 4173 10503
5417 3199 328 2162 6795 3565 3735 7722 8564 2217 2241 1826 2556
5418 11095 3904 5353 5333 7966 4915 5329 11283 8661 11312 8040 9722 6474 9958 10415
5419 699 11217 6183 7950 7950 5309 2636 1541 5827 3117 1817 4144 5581 10855 4941 7004 5942 7646 10793 10663
5420 4319 1413 5023 5196 2494 5766 3978 4877 5954 10476 3281 6726 4875 7619 9089 5199 11626 10718 6104 663 5888 3280 4256 5519 8553 9530 10389 7132 5734 5565 6908 7751 9975 9458 9426
5421 11381 9426 2586 4476 5431 7128 3385 7671 8203 397 5090 7506 11293
5422 612 10500 10339 4866 25 10417 5054 444 1206 923 10888 391 946 10809 1498 1243 892 958 103 6212 2522 855 10480 4723 6763 2856 523 3235 3139 1571 1222 10391 3802 4592 4142 5371 10026 295 6844 3485 3686 4351 4822 3981 4271 2745 3490 8503 10118 2179 6366 11387 3066 10994 6624 5322 5429 7535 5226 4129 5809 7000 6599 10684 6478 8034 7545 5536 7650 3495 10937 8820 9838 9074 11576 9236 1709 3366 10295 9233 11509 4237 5999
5423 5752 4345 9100 10266 8047
5424 552 5869 11410 3860 8479 2380 9004 8919 8706 2648 11303
5425 6029 6032 4154 8725 3468 4886 4071 11330 9410 4888 4062 8381 6315 7632 3839 7238 9402 7454 9050 1882 11348
5426 10235 3317 9028 6454 8515 6994 7471 9134 4010 10538 7456 11109
5427 8838 7751 1756 8370 10810 8793 482 1886 9070 11133 545 9639 9748 5708 9553 9746 10602 8982 10070 223 10151 10066 10475 10756 10393 9477 10616 9691 3653 8823 10557 11053 6124 1868 10659 10652 9037 9579
5428 5833 5253 9066 5769 4895 9008 8707 953 8467
5429 1181 1396 494 1040 1786 989 1301 1901 437 2427 1792 1242 3921 1043 1611 1357 1001 2249 2242 2250 2688 2540 10321 2998 190 11510 2918 2312 2854 5579 39 3188 11079 3047 3948 3573 10541 3953 1851 5152 1391 1389 5017
5430 4529 10337 8074 9321 388 9236 10521 11620
5431 4536 3708 11450 299 6303 6814 9567 1367 8869 11140 10788
5432 699 7223 7096 3224 9205 3095
5433 6996 10400 6723 2881 983 6083 2686 9409 5607 9626 9846
5434 5886 7277 235 5071 396
5435 11134 5266 6261 8001 1631 7386 6136 4530 9550 8475 9765 7913 8507 9797 10398 10462 8823 7107 11080 11053 9979 3523 10602 3653 10680 10861 6769 9893 7903 8990 10188 6040 9672 10081 3299 9572 10757 11244 10447 10454 11174
5436 9480 5613 4633 7909 6596 2611 872 6271 7419
5437 6061 7948 5355 6870 5462 10718 1271 834 5478 5151 4875 8427 4728 7050 7884 9562 7619 4102 7300 4311 10402 1895 10133 11018 6687 6243 4731 11193 4361 6343 5568 11536 3556 4507 7211 7574 1016 525 9852 9103 8945 117 10985 9452 11632 5486 10001 7401 8922 10681 11047 8460 8458 3596 8579 8461 8254 9742 7153 8455 9787 10609 9446 9647 1990 7786 9677 9286 398 6569 10787 10108 593 579 10590 15 7147
5438 10558 8707 10618 7607 4340 1990 9140
5439 9680 1646 3635 11614 1082 7995 7021 4413 4012 1667 2370 3203 3100 1295 6056 2271 2491 7055
5440 3557 4805 4216 5737 7842 5980 6120 9962 11601 11268 4227 6513 7326 8581 6773 8525 7614 9224 9653
5441 10548 6725 2400 203 4855 10649 9335 8035 7110 5830 3010
5442 1372 2056 1902 9931 3854 3924 4243 1129 2649 508 5023 5312
5443 11609 6050 4476 4063 3375 5144 3672 3947 10808 10944 7332 132 5939 6012 2251 662 3571 7491 5000 7252 9818 7551 9989
5444 8640 11369 2986 4336 5592 5433 6837 11438 7848 6697 7386 779
5445 2169 6134 5510 10016 7465 7462 5512
5446 608 222 1740 11072 6965 7740 7663 3168 1478 5038
5447 7008 3105 8667 3185 650 8812 8812 7917 3435 4302 1121 4298 2000 126 4300 4303 5487 7011 7508 11521 10828 6568 10676 6582 10240 1212
5448 6644 3201 6829 6261 5285 7811 8974
5449 3090 3511 3134 4356 11483 8914
5450 4711 2728 8479 4143 7735 6250 10531 11227 9729 6120 4827 5151 10994 7733 5050 10866 2600 7857 7856 6363 10233 5729 511 5719 8665 10815 9744 10733 10815 8473 8730 11558 9300
5451 9402 1428 359 659 10881 2633 416 10184 2804 11070 3477 11046 5295 1806 3218 3666 4259 7034 8546 8546 2141 526 3065 9920 3122 4450 283 3671 6492 1859 4325 8342 3099 3962 10687 5332 3540 1755 2283
5452 6035 4990 6428 4839 6338 8788 7916 11126 11324 8788 11324
5453 6042 10866 4286 1045 7303 9232 9503 5178 9940 10370 9058
5454 3192 11217 1360 11596 5008 2043
5455 6039 2751 1535 10575 2871 8119 8680 8121 9402 3338 2999 11015 11565 9375 533 4772 9346 10870
5456 9125 7775 10379 8334 7790 9178 5177 8079 9443 648 9571 6319 1272 11249 8124 10835 3442
5457 7963 7433 6952 5815 7876 11297 11006
5458 2381 3057 3041 992 5130 11029 7405 2891 2201 5089 7598 6086 10231 2125 10187 11413
5459 3734 3513 1823 2492 10152 8864
5460 11287 8896 7355 5367 11330 1804 6963 9407 4823 8490
5461 8292 7398 10618 5317 6234
5462 2503 2175 1984 327 2951 3878 3244 10703 3246 3242 2027 11529 4081 3733 4418 6863 11479 3167
5463 4260 4380 1309 2979 667 2978 4866
5464 5417 6389 6555 2609 10143 5446 9818 9371 3566 7201 7489 6561 6435 8779 4350 6505 10838 5825 6300 5023 5616 4655 7757 8977 8089 8230 4810 10990 1080 11038 8676 10458 10958 11431
5465 3173 7469 9766 9290 11407 6731 10683 5639
5466 5157 10791 6442 133 5476 10395 11330 7158 9079 5084 6328 2529 9539 9355
5467 4819 5791 5833 8008 7821 3136 8741
5468 3125 3472 2003 4109 2832 4079 3563 3161 3420
5469 6865 8590 6392 4826 6883 5325 4855 7822 7461 8564 7239 7284 7549 10776 9858 3220
5470 4423 4297 11268 6453 5706 7277 2455
5471 1491 1068 1345 1523 5599 8366 10325 5760 6263 4989 7479 9741 9861 9230 9161 10939 8969 9172
5472 3598 2967 4063 3825 39 2562 4131 5625 4185
5473 4436 3164 10466 122 10004 2494
5474 5133 3353 4463 2438 3856 4067 8895 11091
5475 7173 4371 10935 10831 10946 4089 3409 4427 6068 3949 3981 4837 9615 5225 438 5860 6448 7042 9466 8942 8622 7913
5476 2927 11624 9093 10225 10988 7266 10338
5477 10016 3487 6046 7058 6407 7405 5739 3679 6413 4877 10866 8077 5354 6006 5817 4488 5748 8164 226 7579
5478 5505 6444 7392 5158 5761 6695 2340 9961 7840 4980 5536 11035
5479 9424 5768 8308 6009 9258 6383
5480 5833 7252 826 2920 8749 8430 8174 5285 7997 10038 8334 5605 10334 10988 10401 9542 9658 2652 10762
5481 11551 6483 8305 6457 8018
5482 4666 8977 6430 9915 1124 5100
5483 11396 2005 524 3143 1407
5484 4577 5736 2884 7816 4868 5469 9617 9269
5485 8383 8956 10387 10001 10545 1211 10616 6124
5486 5014 7861 8635 10463 8579 9740 5234 6639 605 9437 10454 7538 11464 9954 10857 8659 9852 317 5089 9296 5070 5062 5073 311
5487 1092 10728 4118 3347 2325 3653 9848 4735 8171
5488 11046 4376 2113 4149 4374 3190 10714 7661
5489 3363 8992 3371 3368 6364 2394 7152 3837 7460 6557 5913 3207 6349
5490 6621 11029 3742 9195 11262 10797 338
5491 1472 4733 1478 1830 3249 3488 650 5531 4302 4128 1121 4303 1377 1022 3534 4707 6701 7093 8609 8036 8057 9280
5492 3419 10630 8462 10569 9330 2882 9658
5493 3580 4686 4989 7401 10899
5494 3078 468 3641 3641 557 726 1270 1097 1119 559 1187 361 1332 175 993 3173 4599 4570 1401 3457 3322 11054 5298 9134 9850 11082 9892
5495 6720 4940 8206 9385 8427 10533 11410 5909 4174 5911 10866 6745 9242 7053 5201
5496 4180 10866 6252 3414 5705 365 3136 7481 1882
5497 453 393 5061 398 9300 6010
5498 7087 9226 11046 7835 10588 10208 8071 9982
5499 2137 170 10286 9136 9753 8322 3207 9613 11421 2075
5500 11239 8462 6248 8749 10504 1142 10872
5501 125 4229 5189 11136 6447
5502 5459 8641 7565 6976 7418
5503 1658 2650 2396 4903 530 6068 6791 8342 8603 4214 5622 4408 3130 4326 5760 8539 3600 3048 6222 2825 7590 3498 8849 10093 266 4951 11102 8772 10705 8400 7885 236 10295 11102
5504 3789 8551 7113 371 4784 1175 1174 2338 1288 1297 2362 2868 5701 4343 3012 4738 4478 5992 6049 6823 8839
5505 4713 3623 6721 5018 10262 6787
5506 2342 4713 5163 5537 4868 11350 15 3998
5507 6295 7295 516 5076 9300 10846 3799
5508 6459 5886 7822 9249 8543 5647
5509 4274 6627 6393 6025 2137 5846 11064
5510 2511 52 4273 4232 7735
5511 3718 4856 6334 3086 7246 6300 4059 7706 5187 8859 6251 7016 8438 5420 4736 9338 7540 7745 4458 3007 8704 2620 4176 9092 5408 4823 8471 4956
5512 7784 6187 7507 5546 9567 8559
5513 3676 7893 8373 10136 9786
5514 7453 6788 7262 4284 6386
5515 2456 2199 5584 6626 1865 5715 6038 7980 48 6599 2215 4272 8820 6872 7602 30 9855 11451 8437 10416 10529 4237 6405 11176 5178 10833 9358 9253 10566 11485 11063
5516 9922 4646 6754 3700 5658 3281 5842
5517 830 2150 3650 7025 5060
5518 1189 8210 203 7461 11205 3810 334 11166 6328 9183
5519 10956 6176 1267 150 11171 6972 7479 11046 10759
5520 52 2753 2194 1524 4387 6207 5946 3955 6578 5815 4901 6146 6869 8784 11469
5521 11336 6185 354 6421 9182
5522 6486 3600 5437 11131 6285 5354 9411 6706 9202 9957
5523 4028 2583 992 3056 3367 7008 3623 11574 10793
5524 8383 6633 7565 24 6796 7505 11227 9842 10937 9733 9409
5525 7860 8849 7295 8554 7871 4781 4420 6973 10334 6318 9157 9776 11337 9087 10140
5526 11466 11374 5179 3163 6392 5947 3647 5052 6862 6480 6015 6332 5875 8361 8544 7516 8299 6448 9100 5744 8644 8279 5916 10159 10847 10058 9466 8540 8876 11579 191 11267 8835 3088 7657 7759 9858 6914 8891 9847 7233 10552 6097
5527 1663 8599 2399 10820 507 3192 2051 904 1074 10023 6342 11098 1306 1172 5732 10748 7663 1562 2508 1566 431 2094 1661 2219 384 5480 1077 4550 431 11412 2621 5431 1936 5343 4116 10838 2214 3884 479 4509 3717 4979 4885 4645 9818 1924 7783 9044 1736 1271 3724 3884 3278 9427 10302 7561
5528 3957 7735 1896 5699 3343 7869
5529 298 1700 6459 6227 1751 11102 4951 369
5530 3142 10644 9315 10241 8472 8547 8659 10673 11451 8911 11506 9455 10719
5531 2251 8838 7037 1996 5509 3332
5532 326 7571 7303 1308 5073
5533 6221 6625 6636 1424 8136 9074
5534 10535 3962 2632 3820 10909 6572 3447 10633 6261 896 5512 2825 6786 9187
5535 10831 2222 5872 11268 6411 6322
5536 5183 3101 6174 7660 4326 5815 9167 3890
5537 5259 9045 5120 8689 7441 7690 10609 10609
5538 1347 3150 2977 1103 3811 8419 8749 9722 7975
5539 420 1676 1565 2628 831 6099 9248 7692 9047 8906
5540 4027 4985 10415 8110 9475 11421 11600 10424 10762
5541 9853 3575 5916 8149 8345 4425 6381 6065 3912 8136
5542 3525 10995 4661 2057 1376 4616 4389 1954 4116 1959 2064 3057 4325 3085 8798 492 2484 1744 10152 5527 11529 7768 4074 10192 3174 5849 3850 2967 8909 11531 4356 4564 9660 3796 6635 4461 2315 8838 2430 4821 4729 4850 10622 4362 4840 11157 7798 3731 5001 3434 177 6643 3805 2644 2443 10 886 6871 3232 918 6027 5615 4487 365 4382 10660 2091 5616 6675 5642 10961 7043 9366 7682 10961 9737 657 8353 8734 1241 9627 150 6812 7230 10898 9108 6783 8216 9810 8377 9411 6765 6983 7862 7806 8387 2247 9239 9736 8518 10854 7839 10072 8797 1882 8585 8615 8509 8768 10443 8555 10658 9639 7185 8450 8795 9647 3209 9207 9956 10686 5890 6454
5543 4065 1873 3743 5228 10718 4639 10485 3811 3396 8340 4658 4915 2826 5039 9743 9357 6133 7015 8940 11624 9753 10670 7652 9036 9655 9973
5544 6135 3107 1461 6585 6584
5545 9044 8342 2997 6027 6756
5546 8264 4780 5048 10890 8073 8683
5547 8430 6768 7294 9608 8498 1672 1123 10130 10085
5548 10820 964 2814 1325 10634 2457 11531
5549 4100 10916 3049 4275 2749 529 3098 11435 1876 3370 7740 2673 3711 2068 2734 3536 11500 3491 1944 10740 10739 2973 249 3200 5603 4857 456 10866 9006 7377 1331 1438 9646 2064 10325 5888 244 7948 17 5217 9646 4126 1233 2388 3534 5557 4875 5263 1269 4175 1069 9238 4111 6352 2365 7500 11029 6081 6077 613 8162 9687 4678 5153 7051 7050 7476 3597 11095 2891 3861 6818 6348 5948 7662 1177 4995 5536 8788 6438 6394 7714 8594 3104 8384 6193 1669 8410 9676 314 5097 250 8920 8458 7934 509 10250 8713 9742 9741 8458 342 10942 11333 11254
5550 5183 5796 6307 7375 7360 4061 5546 675 8290 10937 284 11180 9074
5551 5689 3953 9448 8545 8544 7542 8918 8064 8114 9391 7653 8405 10701 3110 5714 9830 2377 6075 4114 9526 3354 2491 11593
5552 7036 5238 7205 8610 6153 8339 2860 8399
5553 5183 6582 9645 203 1921
5554 5540 4265 7031 6173 3904 3053 5765 6053 2473 5477 4869 5321 9943 4950 6849 8998 7256 1643 1761 9204 8598 9075 9837 10665 6424 10421 11393 11053 8875 8990 9970 5708 7903 10861 10115 9572 8298 11174
5555 418 1892 304 615 7034 3140 7160 261 5159 771 6668 2157 1353 1796 2150 1451 11011
5556 7647 4784 1099 10933 549 10970
5557 10967 111 1034 7829 10286
5558 2571 7458 162 11258 8727 9955 9364
5559 4450 40 10653 6217 11440 7323 11338 4510 2611 9534 2930 6730 7581
5560 2092 5841 1980 4239 2628 2628 3758 2535 11349 2446 11252 9465 8787 6080 4398 3310
5561 11522 2342 11423 5496 6875 1751 8974
5562 7109 5595 4887 7107 7303 10504
5563 7399 7788 11526 11363 10780
5564 1710 1019 3988 3242 4906 8496 7090 583
5565 5041 7248 11360 2275 651 8351 9062 9087
5566 10004 10107 1104 2939 9495 1445 1915 819 7146 7811 9140 596 597 5066 5155 10710
5567 4118 10996 6172 8828 8900 10217 10432 7242 69 585 11128 7967
5568 2221 2202 1978 3767 3101
5569 2049 7037 1169 1687 5026 3437 2741 11455 2385 2302 267 2208 10577 2520 352 2604 3148 2530 5006 3449 11227 6572 10612 4841 2745 2773 4669
5570 224 5978 4880 9418 11492 242 5683 6160 185 9645 5550 7442 8846 11163 8424 4946 4947 9663 10796 9818
5571 817 1455 1094 10266 2331 10927 7935 3218
5572 6329 4638 8369 8833 8704 7767 569 5114 3644 8458 9178 5058 9230
5573 4566 7684 10280 9426 10699 9226 8362 8265 598 11074 7070 7372 11370 10408
5574 4811 9480 52 5159 2025
5575 4153 9722 9039 7421 6798 5526 5407
5576 8801 1002 751 7785 4809 1266 938 1112 6151 8915 11575
5577 560 1574 932 1907 269
5578 11480 1960 10004 7439 1172 2575 5686
5579 8143 1731 7042 8502 7792
5580 7465 6628 10834 4160 7670 7463 8688
5581 7700 6323 3396 4986 6581 3556 7343 9338 11247 5639 8706 6261 7673 5520 8537
5582 5955 10920 6333 7824 7160
5583 1814 3008 3533 3118 2658 7428 4181 4576 2706 5796 5877 6214 11547 2203 7663 2789 2081 4022 8338 3369 2538 2486 5154 3643
5584 7458 10241 10328 8947 5918
5585 7976 10363 10851 9662 3938 8832
5586 6416 8788 5896 2822 9234 11012 7215 8639 9402 3896 9627 5604 7872 7280 7152 7972 8198 10508 7289 8628 7991 3880 2 10096 3528 10379 3286 10124 237 11568
5587 283 6024 4030 2824 2109 2161 6795 9099 2004 1706 517 3507 3449 2002 11539 4602 2313 3370 2556 4144 2455 11027 3283 3274 3476 3151 6181 4342 1415 7810 4017 6923 4834 3527 2435 11388 3234 4575 4554 8641 10763 8478 11146 7872 7744 7746 7751 7415 46 5668 10602 9980 11080 6769 3220 1630 10659 3523 9746 7107 9636 3316 10398 10189
5588 847 5282 1340 2411 7657 431
5589 4334 9700 8540 5844 10815 10072 402
5590 93 1689 3534 6540 8725 3793 8186
5591 3657 6129 4765 4463 7086 8347 3982 8358 10334
5592 410 6770 11215 1040 5670 1926 1932 1273 2049 1251 9194 351 1245 1248 977 889 10910 1353 4524 371 11011 981 967 1893 1547 1374 1565 1784 7620 2182 1851 475 1493 8997 11298 1785 2056 1693 2296 11447 1998 22 11488 4215 2246 2528 4628 7212 581 2383 2054 4157 4156 2485 2100 470 8208 3648 3147 2504 8811 10739 10740 3497 3804 3504 517 3249
5593 755 562 1200 5674 4314 5322
5594 115 5737 9200 4703 5784 9101
5595 2650 4612 3808 243 9983 7812 9536
5596 5035 5262 5634 4887 173 7905 4726 10813 11330
5597 2029 1818 3708 6501 8953 4657 3791
5598 6303 6283 7349 6639 9695 9136 5655 10085 578
5599 7116 8561 7762 9380 7628 7977 7989
5600 9598 5607 5880 4638 10728 3438 6478
5601 1946 980 6710 5617 347 4228 6434 6181 7893 8630 6707 10334
5602 2925 1675 3935 3563 1569 10685 5268 3767 4051 11419 2935 4035 6126 3172 4131 6057 40 3322 6276 11061
5603 992 10543 2109 2824 456 1853 3274 3513 10739 3929 125 2617 3435 9568 3594 3983 5143 4984 119 2007 10971 3226 3889 2707 5834 3640 2456 5613
5604 333 3007 870 998 7203 10608 3865 1941 5627 4588
5605 3425 2858 4439 4432 876 8634 6294 6533 4749 9830 3264 7239 3987 7138 8422 5097 9292
5606 1672 10644 8097 7940 10184 5911 10013
5607 2915 3870 2114 7398 5196 3332 5878 10774 9731 8844 9315 8784 9100 8998 6832
5608 5579 2507 39 9616 11327 992 3948 2991 8338 4220 7644 115 6635 8058 2916 2035 3649 3505 3396 7156 10752
5609 7798 6722 1700 6710 7990 4868 10383 9797 7107 7107
5610 1503 10023 11557 1796 9632 2646 1662 1493 6132 1126 2979 3117 4042 1648 2583 11420 3058 1077 5841 120 3152 3534 1835 10275 5542
5611 10112 4490 10060 11509 10121
5612 6485 6785 8221 11207 8227
5613 3426 1335 4348 4519 6431 6866 8806
5614 3867 3241 3248 4168 4695 4074 4528 3979 6635 4 2731 3098 3516 8838 5384 3987 3939 5995 4599 3024 8058 4530 4469 2645 1092 1069 10659 5614
5615 5477 6776 10893 10736 2267 2563
5616 4328 2541 3247 10736 9418 11366 7181
5617 406 1380 1235 2106 10436 2031 10560
5618 8508 4320 8233 4818 7997 6878 403 6528 10673 9727 8395 7712 8925 9888 10171 10265 7517 9715 9525 10210 6310
5619 10676 11198 5339 6111 10226
5620 2436 7236 1846 6986 6924 10281 3034
5621 4856 10883 5015 6806 5420 7890
5622 5594 4927 4359 244 8912 9224
5623 5244 770 1385 626 6880 1085
5624 4541 1281 2494 6044 11163 7976 7412 6380 7677
5625 4295 7465 3085 10241 8294 9981 11221
5626 3641 337 1149 665 717 2646 9461 7647 10321 5026 10199 5474 872 6572 5431 5601 8157 8573
5627 1358 3997 1679 3131 547 11215 7657 1407 8075 3451 2730 1841 7173 2573 3630 4876 4312 1461 6137 2051 4218 3107 3155 3870 3021 3256 2394 4150 3731 2885 9645 2491 3835 6301 10562 6386 1966 10273 976 4945
5628 10811 535 2635 2258 4047 7414 1930 9205 3285 73 4276
5629 1150 865 7845 7259 3346 8103 10395 1371
5630 917 1884 1205 1727 2188 109 1262 5311 1360 1453 2411 2043 355 1448 2852 10743 2996 7514
5631 778 19 1997 304 1114 1795 5522
5632 3368 3371 6452 3837 7636
5633 9961 7350 3145 8712 9786 7794
5634 6130 9421 2764 2039 2986 2868 2811 8532 3767 4650 10325 1599 3883 11357 3684 3725 119 3317 4621 6681 4908 10669 4273 3205 4154 107
5635 4504 6903 3927 8293 5317 5516 4487 9446 5115 5070 7324 9990 10619 2316 10953
5636 7034 1925 6219 2478 4554 11310 8519 5298 8328
5637 11375 4834 4677 5227 6846 3017 8006 7093 2034 5805 918 7307 6000 11159 8531 7581 8107 10937 11087 10643 7548 3938 8987 10644 5787
5638 1259 2709 10284 1190 1017 1294 1795 2014 35 7223 3318 5217 4291 3344 3757 4905 6218 6175 4145 3502 9480 4399 8972 1161 5215 5215 9318 11315 5524 7299 2955 7519
5639 294 2875 2823 10904 7963 5695 6499 1921 5822 5052 10655 7885 2308 8544 9695 6963 7726 8828 8696 8904 9567 9798 9211 8834 8482 8862 9285 501
5640 2086 10740 1690 2667 558 1135 1358 2593 3420 3565 3681 3328 7685 7252 10678 7813 9511 10107 7533 7107 3523 10057 11244 8748 9857 6040
5641 2675 5796 4326 6089 9220 10719 10750
5642 811 35 5360 1461 2274 7935 3124 445 215 4439 5237 5205 4264 3944 5400 11121 1781 2034 7528 7501 7519 9164 5781 8209 7492
5643 4954 937 862 962 1115 1204 2939 6667 1284 921 1477 11206 9517
5644 11605 9136 8882 9227 546 8627 10003 9663 8742
5645 448 4175 4873 3212 3163 1658 7110 4807
5646 5721 10841 2283 61 2758 2971 188 3375 729 3719 487 11182 10547 4940 6047 9532 10223 9994 7908 3342 1167 1253 4187 6643 4280 10228 10348 10441 10483 5270 10755
5647 1720 623 1076 2939 1187 1412 1214 1104 894 8907 4991 1926 1802 1067 1273 622 574 1291 7071 9986 486 276 2646 906 383 714 1932 1665 134 1298 2259 1578 6448 1084 9517 332 1207 2244 2253 827 4524 10979 3235 2102 11455 762 2171 3172 50 428 2979 3039 3041 2714 1675 2311 2424 2155 377 3527 3131 2662 8667 4238 4866 2363 2986 5365 5246 142 5123 3925 3551 11374 6998 3321 9930 4537 4696 11434 7998 9112
5648 4191 4926 5227 9962 8340 6188 8306 9695 8342 4257 663 10389 8307 8269 7249 6926 8740 624 5788 4420 9565 4757 9753 8705 11310 11047 8489 2716 9360 11130 7646 2786 11199 3596 8925 5944 8969
5649 7854 10687 4870 1962 10695
5650 11000 3823 278 9818 6501 7504 5204 5642 7720 8894 3891
5651 4865 2210 6137 1988 52 8205 3360 5170 215 533 71 3427 11158 9443
5652 733 1318 1066 553 10728 10638 8803 911 1371 2765 6342 1040 8599 1263 3092 1870 798 2399 1807 11602 1909 1310 1195 2123 1480 2647 4578 6137 5365 5700 3516 119 3534 3158 2731
5653 9480 7882 10978 7348 8942
5654 10911 1559 7698 1916 10616 7026 3144 5733 2523 8361 7467 4005
5655 6190 4132 4669 5189 8482 6446 5656 9918 934 8421 7964 8054 10905 8017 11129 1247 10579 9998
5656 2817 10630 5347 6274 8634 11061 5436 6223 6093 10678
5657 10004 11072 2630 6369 3573 3719 1916 650 3503
5658 5724 5712 6332 3873 5989 6459 3501 5403
5659 7686 11424 7731 9195 10564 10736 11407 605 7136 9844
5660 1898 731 804 2067 2507 2737 1383
5661 11143 4065 8681 2541 8234 13 4981 6298 4190 6851
5662 427 4868 8436 6217 10733 4726 2449 4225 10704 10753 11177 7021 8751 7484 5691 8246 8952 9556 9975 8935 10008
5663 9318 5393 9567 10871 5905 7283
5664 10937 8915 10996 9958 10857 10643 5382 10107 10439
5665 3342 358 10909 5796 6046 7205 2349 6891 7211
5666 7502 2767 5573 7309 5507
5667 3487 4396 5760 7686 10077 10564 10644 10504 9643
5668 865 245 1619 916 917
5669 3641 1513 1494 10352 1379 1072 671 2060 1058 1060 766 373 135 1902 1298 2593 2876 2078 2063 3454 2776 61 1533 649 1864 3482 3117 59 2496 2721 9099 465 2940 3910 10935 9676 3107 3565 6029 1079 543 1629 4041 1865 2899 6435 5907 7489 6348 4458 885 8377 10644 9400 5588 7941 10030
5670 5726 6998 7305 3826 2955 10775 7907 6085 5828 7081 11205 3996 3305 7932 5211 11213 5885 6945 5952 7200 7503 7754 10327 10334 10623
5671 640 8697 5228 161 7337
5672 1720 1066 494 8439 10674 6958 860 505 2255 2127 1466 5632 4074 9832 3279 6847 7564 8029 3207
5673 6836 4770 6551 4688 5183 7625 4685 4520 7366 5524 11544
5674 682 1030 1187 415 972 5563 7034 4573 4144 7021 4241 4146 4776 4175 7398 5080 9227 9074 11169 8165 10475
5675 3203 4642 4440 5042 875 7627
5676 3984 9466 5977 8112 4722 9330 9462 10385 8457
5677 6297 2435 735 3726 5294 5198 9961 4640 10389 3107 3427 994 4336 3715 11547 7709 6733 7335 6301 5695 4811 191 5892 8058 9378 710 4503 3570 5182 6300 7234 8430 5933 5705 4446 10693 9818 6204 4636 9665 7112 6585 8544 2899 5569 10637 8574 6353 5950 4653 6849 8516 7451 7139 7744 7806 9193 7245 8744 10663 1768 1643 6931 5612 5450 10085 8087 10013 10250 4750 8360
5678 3924 10509 11233 2674 1878 6729 6183 518 8663 9144
5679 865 10380 227 255 1290 2628 1491 6564 1010 2708 3582 2662 4868
5680 780 2287 11354 10029 3386 7034 7741 9811 6997
5681 416 2171 10841 2403 2269 10298 6836 9646 3306 776 2606 4275 3651 3936 4925 4498 2045 4026 39 8630 3291 2883 6168 10531 8863 4874 6611 3250 11454 5247 8122 7944 8432 871 718 10297 9547 6333 10818 319 10597
5682 2942 5596 6063 4654 5218 2701 10449
5683 4129 5767 7215 5536 8741 6094 8772 11509 11581 9327 9916 10788 1852 10494 11453 11495 10482
5684 744 4646 7621 4138 10101
5685 7096 3537 2640 11423 4574 10014
5686 4726 5928 9740 8104 7985 7000 11456 10866 6687 9164 2034 7493 3380 3741 11483 7871 4420 8111 8670 8669 11359 4757 3195
5687 4520 9598 5200 8502 3010
5688 1474 555 11396 703 1232 1998 5290 2700 1920 8119
5689 5696 761 252 5198 6683 11384 1271 4032 5502 6002 6195 10134 4458 63 3556 6557 7481 4211 7060 4792 10624 5559 4210 9009 5316 7260 8932 6349 11607 8327 7754 603 9434 342 598 9439 6405 8285
5690 8383 7966 6944 2809 6920 5506 10866 8139 5952 7249 8425 6872 8265 9744 9915 3588
5691 328 6740 3406 1811 1546 10973 2938 2602 625 10280 10866 4915 6972 2232 10800 8045 5177 8045 5653 1977 7108 502 7458 8717 2936 309 8763
5692 11179 11313 4569 9114 8280 10053 11549 10012
5693 6212 5224 5695 6927 5832 5765
5694 3231 4274 7738 10096 9191
5695 11511 4678 7771 3073 3033 5440 7199 1672 1765 7997 8820 7474 4186 9089
5696 4243 4735 152 7146 10895 4194 2384 8504 8686
5697 7883 10216 9039 393 5057
5698 5696 10199 196 9376 5816 163 6251 10961 7979 7068 6585 6021 10866 6372 8733 9515 2985 8246 9556 4951 10250 10277 9034 9482 9218 9404 7803 11218 11570 7533 10623 10473 10272 9805 8131 10193
5699 4983 11597 11163 5047 1504 2007 541 3115 6776 2400 8340 11007 9705 5012 6180 7796 5411 7671 7540 10569 10837 9743 5672 6550 6679 8136 10857 10780 10096 9916 9919 9134 9998 10472
5700 10575 4127 9262 10566 9243
5701 4975 7453 5706 8377 8858 344 10788
5702 6179 4190 429 9571 3611 7364 10682
5703 481 1574 1348 3514 747 2409 414 8439 1550 1337 1801 1745 943 2286 10334
5704 10834 7463 5604 6203 7475
5705 6471 7398 1921 7489 9695 4171 6042 8299 3836 9478 10718 5714 8933 8309 7692
5706 4434 10464 8503 5293 7151 9244 10805 7111 8203 8398
5707 10470 8293 10258 7936 7766 9389 7178 5522 6044 4657 8052 6215 9421 8266
5708 2284 8567 9803 7377 610 609 11412 5693 8867 7419 4060 7876 4276
5709 1881 1195 11298 11099 7642 11596 9687 5322 10205
5710 11018 2277 3219 2277 2277 10133
5711 5723 3352 6428 5705 10961 3179 4254 10936
5712 3647 5889 6350 9333 1881 6873 3923 6776 5227 7510 1746 10478 11468 3284 8544
5713 2221 2131 3008 2804 4376 4391 11315
5714 11512 3859 10499 9619 9349 8741 10788 5177
5715 2533 940 5950 8798 6102 4756 5192
5716 19 3455 7177 2253 10569 7264 7238 2236 8268
5717 5286 3395 5926 7251 5489 4139 6919 3793 8233
5718 6969 6813 10182 8377 10379 10379 10379 9352 8132 3604 9208 10387
5719 7248 7440 9224 11146 10906 11272 3299
5720 5864 6212 3142 3965 11374 7992
5721 5282 1587 1231 4588 7659
5722 9267 6242 10008 10869 9619 9957
5723 7105 6801 7480 7072 9437 9842 564 9127
5724 5021 7251 4789 7309 4710 6851 7231 2380 10049
5725 548 1477 1371 878 2915 305 9644 150 7039 9523 8843 9865
5726 3647 3127 7335 3724 3298 11239 11336 7507 11348 10199 10927 664 7660 8666 4390 3115 7888 6416 6261 1122 11464 1241 10222 9367 9411 9641 9239 9404 10096 6686 4136 10221
5727 5752 2308 6919 5933 10730
5728 3732 7015 9357 5668 5435 8272 9403 8613 3539 6194 10704 6876 7872 8793 4530 7717 10379 10443 9423
5729 4443 5625 7999 3815 4897 5205 1369 5505 4538 5554 5735 5586 5120 5930 4659 2767 552 7578 4190 5200 5788 1736 8383 7069 1158 8627 11130 8492 11023 8579 6670
5730 2155 7454 8665 7473 8085 5808 9570 910 10379
5731 4888 8798 6957 10834 5809 10461
5732 9066 10415 9973 4105 10362 9080 9857 9096
5733 2108 2402 1126 2333 882 1448 1004 9611 4231 4762 7206 4576 3638 4636
5734 3798 1301 6763 1222 3424 2031 3374 2036 2652 9164 1866
5735 5222 7053 7483 4781 7819
5736 300 759 1096 2347 246 3467
5737 6292 11438 8313 8367 9176 10654
5738 52 3398 4274 6645 7270 5163 8224 3969 7764 2297 8627 9445 9235 10978 9443 11220 10991
5739 4931 9686 318 8858 7844 9722 7992
5740 447 1534 4539 5329 11251 1731 10413 8898 8274 5757 719 6782 7640 4644 10776 10672 9523 10081
5741 1138 8430 1489 7608 2981 4920 11238 10669 7141 5756 9906 9536 9839
5742 6549 9949 6140 8408 1645 7516 6344 2518 7706 6604 7157 7270 8080 4829 7540 9627 8353 10569 10623 10977 8166 2297 9643 8915
5743 7677 7858 9975 9489 9594 7912 114 7182 9726
5744 7013 2274 3657 6582 11345 5287 11386
5745 9480 4175 6271 7240 3560 9986 10729 10131
5746 1771 3831 8128 7842 11079 6527
5747 471 1365 1715 1205 4572 3453 52 1495
5748 8427 11239 7240 10725 6121
5749 8223 7718 10286 8267 10977 9700 9203 509 9755
5750 7212 7159 7799 5437 7451 85 7503 5107
5751 3850 2844 4083 10838 8482 8365 6479
5752 3331 2069 11061 11091 2586 1063 2398 10471 9057
5753 2285 1582 2979 3001 2986 11000 3367 4836 10232 5839 8839 5767 146 9915 10243 10828
5754 7243 5452 8827 5749 8081 8540 5933 7800
5755 946 758 1676 99 11214 1169 6889 1641 7250 1062 1752 3357 3774 11504 1910 2038 3378 3036 1095 2263 3476 11233 3942 3088 10843 4721 4938 3724 6460 8001 7840 5867 11072 4872 6796 4971 9100 675 674 10838 1672 3252 10214 8844 7986 9262 9915 8674 10519 8458 11055 4077
5756 431 8953 11450 278 7464 9743 10129 7374 9690 10958
5757 2535 5818 479 4705 3852 4374 5441 4951 7295 11231 10419 9613 11533 3998
5758 1366 2201 2137 4726 5620 8142 4888
5759 2161 3507 3191 4126 5197 8498 9282
5760 4679 1765 3772 6433 9818 8430 2294 11268 6768 4285
5761 3767 3609 3607 3773 11204
5762 7522 3650 4994 4872 2095 11404 8602 10717
5763 9547 6645 6551 429 5683 5913 7463 7452 5325 6065
5764 11107 2168 3943 2655 10438 6712 5045 11544 9110 10345
5765 1931 2568 2606 11445 4108 4179 10875 4218 3562 4046 11229 4383 9841 3190 4522 319 1309 5308 4811 4235 7146 5262 5695 6442 3812 4071 8309 7558 2517 4657 5233 4025 3120 9818 5763 10799 11126 7643 7814 9356 10515 9763 6838
5766 6409 8590 4546 7055 5031 6883 3251 2920 5332 3895 777 8150 6108 7012
5767 2275 3716 10880 3937 11328 4356 11336 10268 3816 3157 8342 5014 10456
5768 11000 1383 11369 5173 2502 558 4095 5394 3966 3679 11539 2971 2556 4902 4 5671 165 3850 6005 3682 1413 10257 6369 8798 7890 3191 2787 5617 5627 10669 5384 215 5694 3777 4255 4006 278 4521 3141 9818 8779 7882 7882 1974 6816 8075 5630 7745 3837 7766 9830 6363 5719 5323 6882 8587 11166 9177 9697 7820 10236 7107 4967 10907 10829 10829
5769 3166 2616 8536 6580 6129 9920 5242 11382 11233 9841 8196 6427 10147 4112 2491 2491 6128 5439 5453 284 11007 6187 8555 10678 10760
5770 5651 425 2309 10939 10616
5771 468 730 784 1499 617 9713
5772 481 560 554 436 1398 607 53 1623 1681 1680 2233 9860 1727 1863 1683 2562 4625 327 655 2863 3933 8358 10076
5773 8421 4217 2917 4503 8643 6869 5588 10659 7630 5950 6938 7739 46 2926 10149 6908 5572 8031 9511 6868 9233 9842 8445 11333 11455 11497 482 9377 3523
5774 3552 10659 3321 7903 10155 3279 5320 8440 3468 4117 3629 4470 4503 4521 5886 7453 10836 5679 10883 3649 4058 4598 2251 2365 3053 1921 4304 5509 4492 6485 6053 2646 3522 10285 10728 1092 6122 5968 4611 10624 6261 7962 10659 7430 10546 10752 10605 7108 5421 7746 9975 8594 46 7897 9930 3581 8675 8597 7256 5096 386 9113 6030 9284 9070 396 8457 100 9579 8796 10666 9324 7717 1154 9323 9183 9797 7297 3653 9553 9554 10421 8511 8875 8803 10386 11112 10396 10522 223 3523
5775 8477 3950 6900 8797 9928
5776 7687 2421 3923 5917 3620
5777 10777 6439 9383 6304 7840 6486 10076 8060 7618 11556 8489 7837 7823 8327 10780 3334 11303 602 7322 8938 10074 8255 10310 10788 11365 11213
5778 1074 799 1580 3711 1622 10601 1549 772 1533 2178 1560 2142
5779 1312 1740 6497 3823 9995 9281 9294 9548 10963 8884 9608
5780 4404 4494 3413 4177 9828
5781 3039 4181 4141 11463 4019 8641 10520
5782 4959 10844 7446 6222 6585 252 7953 2091 532 5535 5392 2101 5928 8956 5697 8635 4377 11405 9177
5783 6538 3762 4764 7368 4706 7215 10644 6669 2544 5318 9028 7120 6007 9101 9327 9674 9848 10675 10649
5784 7875 9886 4910 7667 1803 9401 5095 9300 404 11144 2227
5785 7964 7135 10215 8894 4407 8093 9842 6994 9255 5106 10333 9020
5786 4903 1896 7604 7365 5923 132 5190 7783 4346 5188 7527 7898 4425
5787 220 1923 1539 909 1190 1577 11364 1386 333
5788 5837 1090 10288 1639 2515 1796 6170 2051 5466 3081 2940 3042 3454 2135 1316 9328 9328 1531 705
5789 2781 5379 10535 3716 3446 11597 8305 11597 5908 4362 4055 4236 5619 4841 6871 4687 10764 2872 6350 11142 10374 5904 10794 3232 11479 6378 8050 8544 5848 5322 5199 4772 91 6167 7351 9435 7415 3732 8143 8140 8608 7492 11446 6272 10137 10241 8730 10959 7495 10837 7760 10495 8834 9245 10681 5090 8045 11109 10369 4948 503 5654 5087 8133 10381 11605 11293 10278
5790 2578 5620 1366 2220 11308 8531 5536 7961 9164 4486 313
5791 2067 3942 2596 8603 850
5792 830 1109 1118 5774 5310 2628 2590 10235 5225 8641
5793 4790 3111 5557 4113 2699 10464 3839 7627 9743 5468 9876
5794 10509 3633 1221 10901 9069 2209 3666 3892 2921 4738 3897 4005
5795 566 3641 9042 888 1374 943 10621 2488 3259 4111 6187 6584 11501 393 8098 11484
5796 10187 2918 3331 4508 5396 11094 10572 9640
5797 7366 5792 5225 11131 67
5798 4964 9829 7716 7199 8705 5094 8834
5799 10996 3342 3857 7879 6309
5800 5685 4970 3713 10659 7176
5801 5481 4858 10634 2138 4628
5802 641 548 2840 920 7658 741 730 890 630 507 480 838 985 650 726 1002 1021 969 862 414 716 4119 573 574 2740 4148 1266 193 1557 1076 5670 10845 1174 2290 1510 1175 1931 10321
5803 6383 10569 5562 8849 9986 9203 3880 2232 9143 10346
5804 5143 6577 11238 8058 2984 4143 7536 3644
5805 696 132 52 6851 11247 8081 9722
5806 3390 3431 10717 1199 1269
5807 8296 7720 8140 11375 7607 5173 5067 5070 5059 10005 3998 5708
5808 8896 4937 2828 2578 5595 10315 3791 9743
5809 11396 4674 471 1411 7900 351 2814 650 3393 8885 2516 2923 10007
5810 10351 44 2461 6088 853
5811 11163 4501 11379 4316 6154 9561 7395 9245 7391 976 9553 10102 11071 10947 11048
5812 4442 3811 5129 11336 2091 6353 3971 7470 9583 9871 9268 10788
5813 5788 9234 5744 11363 7208 3793 11258 10164 8924 10470 9141 8496 8845 8417
5814 5144 9260 6846 6917 10255
5815 2156 2230 10321 3044 11600 2552 3816 2254 2986 7657 11535 5498 2607 5250 2778 2020 7359 2131 2854 5247 2445 5243 824 7202 4448 9544 2651 2361 4966 6349 10736
5816 11360 5041 7093 7965 6105 10128 3189
5817 729 10951 5290 198 3646
5818 4982 10754 7577 3884 5786 8859 9311 5830 7633 6976 5115 10358 502 11562 9715
5819 3661 1718 9599 6123 10266
5820 10683 10741 11156 11071 10054 10771
5821 6246 3346 1743 1274 749 9931 5295 2051 215 3978 6459
5822 10910 10933 1317 1628 550 6447
5823 11198 7746 7744 5572 7960
5824 3997 3125 5343 7470 4739 5883 5193 11375 7481 9824 9036 9821 1993 8840 10619 10619 8763 10907 5270 5890 10681
5825 6344 6386 5464 9304 7408 9243
5826 937 548 5900 770 9656 10784 6034 11134 3552 7335 7248
5827 8539 5620 3797 4726 8407
5828 11491 7033 980 5222 6428 9257 7582
5829 2849 2140 7034 6195 1239 1748 3872 4689 10994 11287 9437 429 9338 3278 4958 7731 2524 11104 10573 8295 9904 10470 11227 7529
5830 4081 6784 8427 7961 7079
5831 5923 7623 6031 5201 10611 9330 403 10112 9628 10195
5832 8338 5761 8391 10866 5050 7208 5339 6126 9710
5833 4119 8375 9522 9196 11066 11169 11372 9654 11222
5834 10034 10569 9844 10415 8928 10349 10966 6118
5835 5879 7021 9961 8099 7140 6015 7540 6822 8480 314
5836 8287 5488 2929 4557 2632 6271 6834 5457 5381 7835
5837 4449 3758 4858 1471 10531 4328 4175 4873 10044 278 6698 11123 10270 11369 2177 3706 735 5724 10711 4241 2494 3949 10711 7453 4326 2400 6217 3974 11200 4378 7035 9687 5948 2491 3501 7449 11619 7417 8629 8044 11329 10961 7542 5355 10905 6786 5202
5838 10916 10918 2403 2137 3171 293 6276 10343 9741 10579 9566
5839 2381 2972 3056 11182 9704
5840 3251 9527 5136 7417 367 9498 10834 7811 10593
5841 10701 11315 367 8549 6648 8500 9380 9448 8873 9744 6900 10077 10222 10419 8227
5842 414 3774 4009 2639 2697 3292 4167
5843 704 778 1217 572 699 734 891 907 975 1620 160 963 2120 3493 1969 723 7950 791 1680 10974 10489 3685 287 290 9656 11445 11122 7406 1307 11093 4177 199 198 850 7160 7274 914
5844 7270 6982 8952 9858 10991
5845 3511 4706 8061 6195 6216 7953
5846 3007 62 4106 2078 2104 524 1800 3719 7138 7173 5241 1907 224 3000 3706 7406 2933 3733 3520 7104 4789 4536 3066 3828 6757 7273 6259 7720 5756 8476 8828 5743 10261 10645
5847 8575 4636 4760 6249 6544 6486 8977 5782 4677 6413 7757 10752 10866 3363 5037 6261 9164 4488 3 9460 10546 6992 8296 10508 5854 899 7923 10250 9034 9842 8171 9655 9842 9973 10333 10107 9066 5117 8884 10381 10788 10788 10176 9726 11097 9174 9019 7938 8712 10293 9420 9699 9176 9355 229
5848 4826 7611 605 3818 8762 10343 11128
5849 3758 3666 4630 4380 356 4177 4091 4468 4794 2875 10223 3654 2395 8972 6190 2429 6710 2584 6514 2825 4487 6575 7196 1942 11626 7304 117 10985
5850 9151 7109 4071 8683 2808
5851 1631 5968 10866 11247 6349 7429 10110 6145
5852 8338 6536 9527 3610 7398 5110 11146
5853 9486 3199 11458 61 3735 216 4695 11092 2064 4599 3888 2556 1118 4558 2792 11110 2595 4492 3979 2498 1277 5172 7478 9955 7903
5854 7313 3631 7636 6767 8315 8364
5855 4636 8350 7124 7699 5729 8095 9493 10519 9864 5851
5856 10748 5864 6650 9721 3534 11216 6652 11308
5857 52 5250 2423 3307 4652 936 5252 5432 10187 5522 4845 9160 3856 1821 5581 4937 7409 7196 4565 5439 3723 9344 11495 10736
5858 1004 4030 2907 4695 11143 4110 5413 7435 7415 6838 8272
5859 11448 164 1102 1300 11463 10417 2225 10378 1939 9966 6067 616 2601 3762 190 11279 1984 277 2589 4738 9416 10901
5860 4539 6142 10925 8027 7743
5861 2610 1524 11020 4414 4650 3979 1061 1912 5447 4125 6698 4601 5784 7786 6216 6443 11263 9375 5 3764 10989
5862 7084 11010 10684 10165 10233 9462 3252 8461 11398 9262 8072 10364 9858 10966
5863 3190 6608 3264 4174 7858
5864 5712 9941 5740 3708 4536 7452 5527 10831 3015 4827 10533 5567 5581 6229 7489 7822 5748 6380 4450 6562 8107 7272 9211 8808
5865 3228 3924 3846 6524 1129 11284 7034 2321 5306 5366 4155 3917 10891 3039 4582 2691 3165 3114 1915 2240 4826 3946
5866 7327 6354 6397 5210 3179 10625 5213 6668 10644 10893 10379 10060 7812 10160 8771 2075 10467 5628
5867 7403 3759 3310 7201 5447 9918 1083 5419 6851 6851 2335 5650 11235 10937 6397 6936 7518 10698 314 8069 5104
5868 5245 5322 6293 3536 10324 4610 8243 4191 11194 9165 4047
5869 5702 9014 10112 8392 55 3584
5870 744 7381 10023 154 10184 3938
5871 5956 7431 7424 7546 3969 11526 6688 5138 9791 8713 7977 9947
5872 4167 4783 8863 4776 5780 6524 4943 6141 10775 10532 8088 7452 11180 4445 9501 9779
5873 10152 5529 4011 3490 4019 3886 5238 2674 3656 6870 7356 2841 6161 5832 3578 7132 7105 6839 6711 7777 3319 5032 8171 11053 9817 10522 10442 1868 9921
5874 916 10288 1392 3135 8688 7565 8279 6222 5060 3351 7967 7969 1237 6693
5875 10301 4867 3975 10866 8216 9744 4098 9005 7613 8450 8515 11465 7803 11567 10777 1375 9784 3624 8710 10168
5876 4629 6320 7322 7361 10833 10442
5877 4549 3960 8314 7409 8762 10320 5016 3151 2578 8226 4648 5985 5581 1821 6901 4698 5432 6075 8634 4083 6396 3720 2733 2089 5719 7927 11184 10241 1026 8121 7111 6363 1779 8397 10377 10164 10451 11282 11262 1778 4077 8645 10123 7993
5878 7406 7816 8805 354 3891 8426 6546
5879 10629 6236 3688 4895 9689
5880 3240 392 9151 4836 3679 4360 107 6232 4655 5767 234 4802 10584 1754 9683
5881 8234 6307 7261 7979 1355 11230 8942 9651
5882 2982 7783 10808 7303 7676 4590 7859 10195 9747 9778
5883 7787 10379 7616 10189 9927 9970 9950 8158 8260
5884 2039 1437 149 2848 3733 10266 3590 3696 7101 11293 10776 8583
5885 2165 8926 9954 8752 6750 8164 4590 6557 6312 8606 5359 3976 3644 2648 9181 5778 7814 8322 5203 3177 7336 9559 9513 10584 11218 7797
5886 11335 4564 7738 6972 9557
5887 4267 3395 1771 2533 5055 313
5888 8417 4474 9892 9147 8443 10939 10661 8804 9658 7643 10177 11030 10056
5889 10551 9918 5961 7564 6180 7156 7007 10877 7851 8765 8573 6651 10605 9810 7856 8452 10008 4933 11109
5890 11599 5553 9608 9649 15 9612 10590
5891 7157 5878 5063 9289 5098
5892 9260 4813 4969 6711 4824 5583 4731 8713 8253 9575 11111
5893 4811 5922 6792 3595 6918 11502 60 7211 7676 6928 11074 162 8537 207
5894 382 2739 6832 3708 3657 3598 3868 11257 4132 4785 2342 3015 5969 10340 6003 6709 3969 2812 4225 11148 7472 1424 7069
5895 2354 11005 3642 2469 2429 7735 2728 6650 11137 7732 5931 6207 6682 10733 2934 2491 6128 7099 6438 6478 7451 8140 8019 8537 7097 8056 7082 5022 10561 6948 9904 3760 9619 5918 10567
5896 8084 9527 4536 4029 9358 5229 5776
5897 4110 1161 5041 6814 4241 8863 7259 10187 11565 35 469 710 10076 54 5434 928 4721 4505 7131 5230 7716 127 9054 4411 6142 8635 9244 10937 10857 9312 8924 8772 11359
5898 11051 7381 10694 8213 1897
5899 4066 1889 5646 4824 4657 11244 3653 10614
5900 821 11364 1117 1087 979 746 495 1338 1732 1727 5305 3092 1470 3412 2990 2602 7821
5901 151 10503 11374 4129 211
5902 4437 2297 8414 5782 1247
5903 2354 1755 5031 7243 4622 10387 9143 11303 7992 6493
5904 6613 11303 7790 10418 7579 4788
5905 5217 3187 2958 8685 3946 6622 7504 11196 7342 9429 9190 7579 7175
5906 2031 7034 1866 4631 7843
5907 5282 2296 1793 7809 1001 3294
5908 836 1172 285 2903 1884 1087 1175 6587 10222
5909 6267 3751 8177 9852 7321 11230 5075 8786 3822 9399 587 9758
5910 2628 2290 7337 2369 11496
5911 4012 680 11507 2769 3455 658 4047 9803 10860 384 5530 1182 5833 2110 3048 6985 8609 6086 7097 5610 9284 5091 8604 11240 5104 9299 9908
5912 6486 6910 8549 8581 8737 1934 7853 11196
5913 5879 3328 5427 2681 6474 11067 8744 7195 719 8887
5914 406 2233 2903 2218 2912 2428 2168 2550 2621 2816 1918 6887 3935 4902 2699 3427 2137 2338 8827 6064 10176 139
5915 9954 9954 2491 6691 7549 9356 1779 10379 11590 8876 8251 8878 9422 9092 10309 10085 10379 3891 11016 9134 8011 9876 3207 9689 9995 7645 10212
5916 5401 9313 7333 5606 8318 6481 7328
5917 11278 2198 11336 4081 4256 5983 6998 8242 7670 6957 8089 6575 7015 10314 3153
5918 10728 627 611 2715 1491 857 11541 9205 2640 3388 2863 1968 3324 4302 7034 2660 4303 5289 7255 4438 7255 513 4419 11022 6468 7720 500
5919 10743 10721 6092 7406 4087 740 6224 7224 4567 5594 6431 4108 231 6011 2377 6075 6660 5182 10653 6487 5697 5764 5422 8478 7272 8088 7442 2926 7811 10796 10649 2529 6882 10250 11309 7598 8221 5177 9566 9857 8964 9878 8802 9096 9331
5920 3101 7453 8575 6480 6156 1568
5921 8343 5921 8523 11626 8488 8414 11280 11494 8970 9847 9240 9876 9208
5922 6460 7562 10286 5643 10331
5923 4226 5142 3737 9278 10511 11361 8138
5924 8656 10831 10482 8897 6118 9541 10060 9704 6419 10445 8928
5925 436 865 5020 374 10873 3639 10924 10834 6893 11253
5926 1345 2477 10723 3947 3892 3937 4767
5927 6266 10764 11336 6998 4682 11338
5928 790 2387 5171 8848 8356 9781
5929 5784 11532 2227 440 10482 8836
5930 230 2797 7209 2669 6879
5931 3681 10788 8834 10379 10719 10060
5932 5643 9521 10704 6822 9954 9676 3501
5933 800 5448 10134 11104 344 9812 10418 5079 4956 9257 8653 6426 4008
5934 2078 287 290 2334 2096 1077 4794 4858 9160 4849 5806 5878 5525 10678 10009 5104 10421
5935 3052 3912 8517 8140 7393 101
5936 776 4708 3871 2141 550 6261 1121 4293 4298 6184 5586 5175 6166 5015 256 6356 10897 9508 6482
5937 1135 655 6443 8130 4415 9088 11366
5938 5158 5253 8064 11186 7774 8858 8164 11297 8893 9427 8289 10085 7089
5939 6842 5225 7743 4948 7867 9002 7003 8687 8027 1977 8925 9636 11343 866 10089 7595 10722 11567 11637 1272 11030 10989
5940 539 432 8702 5546 6843
5941 775 1612 11253 626 443 799 7279 1313 2327 1531 1018 2262 1214 967 1678 83 3482 2940 781 11151 10460 2274 10524 493 5763 11188 7465 6675 11188 8187 10883 7726 2620 2501
5942 10943 2723 4180 8143 5280 7562 10905 10233
5943 6538 3487 6407 6698 7686 10562 4289 8100 8850 7516 9915 9433 10991 10991 4474
5944 5440 11434 3896 4705 8733 8850 10294 10333 6665 9425 10059 9689 10777 10328 11066 11170 11372 8901
5945 278 740 4859 6159 5021 4087 6074 5869 6326 9918 8977 265 5517 6259 6325 2544 8641 5854 8675 9454 5256 1986 6749 10942 10107 7374 9468 10590 9177
5946 6465 9446 4377 8678 7383 8471 1643 6545 9419
5947 7351 6144 5562 10486 8522 8804
5948 11587 4228 11307 7420 6044 7409 10655 4359
5949 6900 8891 9766 9266 10763 9541 10989
5950 10620 9889 86 270 10247 605 2276 500 10060 9300 9904 10379 8261 9812 10482 2276 9039 8886 8507 8086
5951 11470 3796 2177 4549 6182 4443 955 3940 10805 8340 8914 5185 8741 9565 9179 9804 3998
5952 6643 7465 1803 397 10295
5953 5761 919 5607 9073 6530 515 5274 8496 11309 9294
5954 6192 8690 603 8696 10726 7588
5955 3125 5695 11538 2322 7406 8992 3925 5839 10533 1714 9615 5883 7327
5956 3527 7882 3298 3713 5658 8386 6210 7709 10195 11348 464 6477 5814 5129 6554 4580 3776 5029 4766 4211 5947 11468 10877 6938 4971 7166 4099 5559 7060 6261 8652 4210 7263 4725 9590 6849 7293 7346 7217 7415 7861 9179 8544 8164 7758 478 10573 9075 10107 8586 10666 11472 11497 5177 3394 9630 5797 5801 10398 5790 8258 223 8782 8315 6970 7107 7017 1761 10386 8789 9921 3523 10121 9543 6614 9866 10975
5957 6485 6330 8430 5362 7703
5958 5566 4714 7495 1512 6694 8180 11064 5183 6230 8966 7949 9363 5622 8473 3196
5959 3597 6909 4868 5427 5003 5842 7628 9742 8755 9119 10545 516 8423
5960 1283 9622 9579 7903 844
5961 5761 3015 7211 7141 6259 6017 8436 5362 8242 8798 6888 8973 9684 5178 4559 9484
5962 4144 5035 1936 5357 3835 10133 7295 601 5999
5963 199 2415 2441 2397 2119 1599 6867 1755 3433 4141 1356 4381 1199 4038 2869 1407 4712 2317 11173 4547 1878 5121
5964 7685 1942 6968 7498 8540 11108 7362 8692 10001 9277 10107 2248 7183
5965 2885 7259 6576 4254 5777 5720 10510 9483 10675 9773
5966 6877 6141 5150 9540 7442 8915 4637 9165 4117 10732
5967 4544 913 2609 3415 4308 935 3926 5388 4470 11617 9819 8585 8326
5968 6257 6975 7465 7480 5119 10593 7791 5844
5969 321 5712 8338 3527 834 9193 844
5970 4360 10818 11119 7802 3579 10883 7448
5971 93 2386 8383 2694 10321
5972 6032 8930 6029 3680 5804 995 7289 7812
5973 6894 26 4431 4329 10855 3912 8681 9515 9009 10611 9427 6746 7594 8762 8325 8141 11015 6560 9771
5974 7663 3711 4045 4109 3432 1222 1861 4054
5975 5613 7251 6206 2894 669 4669 8277 370 9315 11058
5976 11167 9114 8280 11179 11452
5977 441 1603 612 1078 4515 10117 387 1145 2628 6644 8331 1038 368 880 1009 2051 471 2711 1205 1306 1062 2053 1511 2865 5827 9933 476 8997 1469 10556 459 11596 6212 11072 2481 7098 2613 3154 2467 2505 2714 2069 1127 1125 9416 3616 8462 4348 5275 11220 4896 7190 2494 6568 3489 3312 6085 8001 10774 6864 5381 8733 2982 4722 6455 10233 10233 7362 9676
5978 702 4447 10718 5503 4949 3588
5979 5259 11193 6954 9552 738
5980 4287 7578 4999 9874 7479 9439 9906 5944 10312 2684
5981 1062 1726 10656 1969 10021 549 10024 7738 3845 4314 2457 3091 6710
5982 276 8920 2103 7977 4490
5983 6471 7964 6368 10684 7781 9978 8806 10897 8777
5984 3959 10753 7124 8430 170 7456 9490 9162
5985 5282 2710 1483 4053 10271 819 10629 2759 6467 3354 9998 9508
5986 1584 11357 3326 2186 8955 6253 546
5987 650 2130 3103 11298 4582 2153
5988 2264 1118 2815 3113 3688 3613 9526 11473
5989 6537 5726 8266 6698 8454
5990 7946 4108 10752 6956 4521 7980 7962 11038 10938 5216
5991 5911 10999 2267 7886 6356 580 376 590 9994 8165 6197 9846
5992 3468 5507 5888 7422 7584 8016 9263 11084 10107 11477 8227 9001 8777
5993 6322 4375 6743 6691 8253
5994 1505 9235 7477 11163 9907
5995 5570 5656 6737 982 5451 6515
5996 8655 2882 9237 6931 11303 11497 6933 9158
5997 5162 8140 9753 8973 11632 402 5096 393 5058 5057 5061 5101 5098 240 586 593
5998 8788 8514 8157 7949 7069 7289 953 10184 9852 9352 9812 7940 10451 564 9802
5999 709 808 985 4585 11217 6258 3798 2018 853 187 3129 2856 4234 7441
6000 10711 5176 6850 7818 11068 10315 9118 1462 11385 8987 313 11333 8836 949 10865 5739 6272
6001 6763 2886 2592 3475 841 10917 2342 6189 4531 1967 3253 10881 6168 616 2208 3266 1377 1445 7209 1329 3543 6261 3656 10730 3389 2629 8029 8020
6002 3697 4450 5402 4343 4414 10106 4255
6003 10339 892 2318 11349 1954 4562 9768 11609 9818
6004 1535 8350 8722 10526 10302
6005 2744 29 3949 3914 7973
6006 3336 3926 4557 10199 1054 11131 6875 8498 4817 9649 7421
6007 1660 3408 9528 10793 1965
6008 6485 6492 3996 7531 10718 4191 7463 8136
6009 1413 5922 8430 3927 9218 11255 4363 10851
6010 2064 4963 9646 4031 8275 10786 11050 1630 9980 3523
6011 4073 350 11382 3349 3205 3061 4156 9044 5978 10503 2353 2916 4774 10233 2699 7882 5968 8797 101 10040 10411 6548 10362 10043 8809 10953 10561 10624 10661 10513 11378 4018
6012 6909 5792 3405 6323 6711 7309 6287 9359 10057
6013 5701 3939 1069 2822 10659 127 4640 5509 4503 6197 5378
6014 1826 3340 6635 5509 4640 3507 3581 11092
6015 6697 2315 2476 7335 10880 5021 5783 5658 6035 7453 4844 7214 4901 4773 5757 8798 7632 9616 10898 9098 9288 8320 8555 9301 9276 10154 9903
6016 4945 6199 5430 8764 9466 9952
6017 6058 7432 11336 2195 4868 6851 439 7832
6018 759 1266 702 1073 1068 1408 10656 1525
6019 5586 3683 5135 5473 6134 6039 5410 5478 10937 1100 4809 5880 7182 4756
6020 6621 9811 4989 8022 5516 6386 3334 11460
6021 3653 1228 902 3236 3039 2491 1347 9644 10924 129 6505
6022 11315 3613 4408 7521 4873 5035 4170 2820 4216 5019 7935 5252 2348 6444 4812 7879 6026 10855 6279 6815 9000 764 814 8714 3720 3723 6396 6903 6214 9190 5521 3110 5640 6142 3 7684 9628 7588 7097 7581 10558 8945 10857 7834 10063 11303 11140 8627 11359 5327 9732 11104 976 9158 6449
6023 5478 4329 6561 10044 5409 8547
6024 4073 2695 3970 7286 3459 6024 1495
6025 2071 10215 3468 6794 67 515 5323 9850
6026 1057 10192 6880 2902 8418 10693 5121 4975 7936 6871 3255 4597 11108 9652 7350 8762 546
6027 6435 11586 1921 2920 6698 4868 4868 4669 8436 5909 10128 3895 6206 4503 10834 8683 3138 6937 8354 8833 9330 8139 1624 9498 6748 9932 10159 8510 7046 2297 8402 10808 7811 4757 9791 9457 9722 8791 11543 4735 9482 11356 10069 8815 9510 10678 9344 9062 10248 9755 9262 8935 9523 9523 10277 11580 10443 8656 7812 10229 10510 11267 8950 9263 8507 8222 10098 11477 10966 55 10574 10831 10059 9158 7265 10310 10261 8351 10529 6191 10477 10218 9831 8076 11218 9902 11228 10342 7337 9774 8268 10798 3391 10099 8072 4117 11570 9110 10512 10269 8375 11568 7895 1596 10473 11240 8522 9257 9522 9196 10872 1162 11066 7959 984 10776 10870 11314 8512 10677 10762 5418
6028 2034 7178 9590 10866 11148 8018 8622 10309 9141 8726 577
6029 4420 5438 8707 7719 8708 5115 8592 11130 7823 8754 7494 11359 1765 9471
6030 1101 414 1280 1641 7530 1278 1560 444 8331 10417 4552 2981 1482 1449 766 7608 1298 2078 3675 2339 780 3057 2242 2250 5638 3474 1540 3881 10951 3116 2905 2329 1920 2818 2298 4562 11110 10739 3029 3513 3682 3039 352 3340 4263 11145 3274 1970 221 1957 1824 3348 2161 3098 2111 1358 3370 3735 2953 2002 2824 2109 11412 3486 3240 3701 3300 3174 4528 3889 10837 6750 6749
6031 1099 4939 2939 2146 3943 2030 198 9458 10762 10097
6032 4892 7879 11440 4601 7704
6033 5433 2799 8342 5514 3392 6956 6470 6302 6652 9139 8190
6034 1628 3451 3311 4579 1770 2186 3160 175 10676 10799 10693 3857 10867 2648 10761 8219 10107
6035 6974 11392 10458 385 10568
6036 8771 4464 2412 2638 6724 6090 6106 7578 7008
6037 7209 4940 3981 10676 3887 9363 6422 5434 10791 9248 6350 6468 5465 138 9400 8931
6038 2793 1120 10908 3918 2423 2384 4069 3163 7084 26 7478 127 8842 7078 7059 9174 9158 6408
6039 2848 10644 9446 8352 8952 3126 8273 4817 395 10379 5177 1154 10078 11487 9815
6040 4254 9515 6280 10415 8883 10573 9086 376 9255 10686 11071 9460 4136 9607
6041 3330 10916 1042 5564 4067 4216 4544 2608 10402 10919 5358 8427 9385 10653 4827 2277 4728 10919 3219 5500 6524 3797 7681 9447 10921 3882 5720 6703 7824 3264 6204 8218 7268 7160 10920 8454 11221 11607 9753 11632 7569 8900 8469 8828 9732 9761 8872 9957 10212 6988 10645 7198 9322 9770 9331
6042 5928 8238 7689 10749 8153
6043 3496 11471 7175 8675 5731 10107 6355 5598 648 10856 3286 11499
6044 9669 10477 10708 5111 9998 910
6045 711 3083 491 303 4119 733 2740
6046 897 8801 1020 18 1386 1618 625 5277 3254 6503 7273 243 9444 11086
6047 5723 3747 876 2216 2211 1929 3073 3557 11225 5324 4972 74 8632 8306 546 6804 7689 8903
6048 3527 2480 2767 2219 11103 532 4497 6261 5888 7178 4382 5809 11186
6049 9645 3312 5276 9695 7074 5925 4803 9372 8040 8515 3653 9907 7107 8822 9317 9835
6050 10852 7251 5777 7799 6014 54 7577 5355 11424 6711
6051 6330 6633 6942 7604 6612 7140 6544 5609 9915 5941 1008
6052 971 1066 378 1907 769 1386 946
6053 4389 4576 5176 3039 4424 533 5196 1444
6054 3002 9923 5329 3984 10623 7642 10866 6444 6098 8253 10040 11581 10564 8742 9805 4363
6055 2589 4031 4767 10372 2521 3720 4439 2902 4111 4586 5231 8930 3428 6906 6116 318 8634 7519 3765 3952 6702 8876 10937 9842 7563 325 9850 11024 11180 9606 11104 8836 11341 11128 8422 8989 9061 3998 10186 11034 11210 10717 10717 10717 10717 11111 7421 11111 10420 10055 8276 10497 10614
6056 650 2599 3264 9100 7548 6758 11446
6057 8858 10451 5101 11476 11128
6058 8210 7489 5214 7939 11350
6059 1599 6870 4712 8707 8713 7032
6060 414 1720 10656 9042 1686 1752
6061 1522 746 5054 1557 889 2074 10599 4180
6062 538 10888 387 2014 11602 3601 6857 4311 2468 6110 1419 7160 4275 3050 10261 10029 8078 10178
6063 5028 10702 9164 8570 10644 6180 9413 5102 5408 9322
6064 620 2530 7221 8462 2553 1800 5723 3322 3138 7508 3731 5258 7048 735 6567 3136 8688 10096
6065 2989 3679 5137 2388 75 4985 8867 605 9904 10053 348 10571
6066 4526 3368 8736 7197 8452 10984 4021 7612 10086 8450 9934
6067 7976 6080 9437 9349 10872
6068 4593 931 2685 9201 4138
6069 10593 5668 9407 11579 11624 10966 8905 11300 9939 10529 10342
6070 3367 2480 7447 5649 7842 11213 2216 2207 10340 11038 7066 10866 6421 9140 9689 8911 10103 11482
6071 5841 2490 2080 4871 3819 7789 2491
6072 10268 4356 3986 2970 6572 2560 6261 6261 4466 10404
6073 1090 1245 3059 9006 10708
6074 867 406 5054 551 1060 11342 2725 1601 2032 4047 5667 11455 1450 1480 2107 3224 2566 833 7925 8667 3492 2491 2849 11137 3485 1307 1999 3511 3941 11114 4794 3814 11093 2885 239 3158 1906 10382 457 9687 6715 3168 8698 7190 8295 5823 7932 2905
6075 4047 2032 2106 901 1845 2037 2375 2789 8630 3203 3889 539
6076 3531 854 713 10866 552 4543 7300 4874 4454 4933 54 6285
6077 6386 6020 5668 9744 7984 9974
6078 9385 4911 8120 10733 8771
6079 2117 52 7615 20 9657 8216 2191 8791 8330
6080 3242 6216 7491 8405 396 10896 9940
6081 11217 11217 1071 2710 9949
6082 2438 4805 9852 10754 6464 9689 9525 10057 11606 1832 3281 3442
6083 2480 4884 11574 5905 10327 11168 8177 9812 10664 9175
6084 6410 4232 5580 8200 4726 10733 7999 5646 10003 7793 5709 10651 7694 8743 11047 8355 9153 1211 5981 8677 8009 9760
6085 2277 191 6671 4911 6827 10111 9825 10785 10338
6086 2029 9504 9339 197 7668 5960
6087 7999 5368 11029 6776 3912 4719 664 4918 7285 2611 11468 3305 6634 11079 8369 48 6694 9335 7393 7857 10007 7952 7856 11619 7627 7007 6020 1942
6088 9886 5759 9545 9842 9842 8900 7959 8009 10619 10345 10161 6238
6089 4246 5953 6743 11340 7948 4841 8127 5293 7231 11363 11363 6305 5958 8967 5600 1005 10317 6511 8913 9867 7998
6090 49 6951 261 10060 9852 9813 7391
6091 528 1606 6340 9251 3861 2396 4291 2943 4927 8408 7547 6787
6092 3422 6800 6109 2491 8692
6093 8408 5525 8281 2404 10989
6094 471 1884 2062 4613 10633 3419 3335 7671 11010 3631
6095 4678 2787 7036 3294 6552 3861 5017 8516
6096 9841 3267 8409 4506 4672 5768 6031 5212 11200 9235
6097 4399 4190 6492 4856 5462 1702 7460 7666 10866 7667 5411 673 6895 8683 9694 9740 8352 1056 3588 7402
6098 1416 4585 999 549 1003 1204 44 10426 4413 1640 1387 844 10586 109 4047 10601 1349 3377 2465 10034 415 2314 2824 1848 4045 5008 11101 839 1310 1391 11195 6212 8800 3657 650 2086 10981 1935 4215 5391 1203 5178 8546 8546 8812 4484 6168 2558 5275
6099 1089 529 2127 1373 3625 773 10740 2953 1970 1826 3063 3374 194 11382 11500 3518
6100 7251 6057 5220 7406 10769 6561 10883 6935 3996 6741 8468 9270 8802 11509 11581
6101 4574 5399 3815 4621 4854 5611 4924 10451 8922 9095
6102 1114 1266 694 1692 1742 7258 1808 11164 2265 10860 5864 10640 1231 5873 3109 5287 9561
6103 10883 7882 366 10353 8788 11314 2491 10806
6104 11450 5844 3525 7081 7045 5358 4322 6575 4693 8462 6090 7818 9915 5076 11240
6105 10971 7865 6695 11375 5432 7157 1821 9160 6075 7447 7642 10295 4758
6106 11214 1973 845 9646 3594 497 1976 10831 11538 4899 4586 7442
6107 7663 6630 2093 2234 768 10453 3282 3148 6941 3245 3206 7034 7025 10235 3260
6108 11110 3745 3729 2953 2996
6109 457 5168 9260 2670 6061 3002 6687 7780 10549 7782 6288 10040 8836
6110 2224 4059 4740 4537 6497 3610 6593 5666 1797 4173 4286 7453 6407 6037 10866 5775 5419 8798 6976 6320 7932 3380 4792 899 3614 6955
6111 912 7013 98 4398 3772 3298 10565 2294 8544 7299 4987 9247
6112 6218 4688 6551 9598 6316 7307 6425 4671 8851 5821 7840 9234 10708 3829
6113 3246 2209 5463 5969 7372 7902
6114 4375 9954 7303 10508 3270 9074 1977 7020
6115 4516 3758 4695 4522 8838 4528 11593 5259 10457 5130 3552 10893
6116 10820 1674 2540 8567 1013 888 217 10271 3071 6851 9054 9302
6117 5614 4989 9615 7251 4714 5528 9315 10038 10457 9170
6118 11225 7879 935 7516 6693 3835
6119 4789 4730 5898 6443 6535 5822 7546 4213 8995
6120 10283 821 1208 1796 2258 1458 10860 7034 6540 4219 8194 9274 5063 345 5055 313 952
6121 4395 4165 7864 4417 4705 4171 10518 10060 9969
6122 4891 5042 10881 3662 10831 2772 834 3974 9547 3538 6168 7762 10995 7594 6666
6123 5003 8482 6178 10433 7431 6196 7994 8851 7016 8502 8756
6124 4547 5022 6933 5077 393
6125 7415 10237 10222 8764 9179 10996 7462 10250 11002 10343 2404 8376 8976 9641 11324 7971 8616 5628 3738 6970 8364 10122
6126 5493 3212 2315 6035 2326 3716 6873 4641 11336 4645 6862 3704 7510 5961 5823 9366 4810 4704 4808 6186 10478 5773 7890 4839 1979 8400 9435 7467 8266 6699 3110 4511 11593 11464 6812 4800 5556 5744 10569 10286 2167 8065 2682 1241 7145 8734 7046 7760 9367 9048 9179 10854 11583 8818 10318 10828 11518 9550 5390 9074 11258 8832 9387 10467
6127 6956 4329 10844 6985 5578 8131
6128 5123 1881 6916 6977 236 8112 6911 8309 4883 11263 7514 4375 6136 10808 5279 8655 3807 3539 4722 9134 9093 4675 8809 10074
6129 4890 10808 7490 10738 4671 8318 10379 7462 8620
6130 6537 5872 6218 7165 6220 3448
6131 5140 10035 11018 7224 5773 7796 11196 4668
6132 6467 8041 8955 7873 7293 9407 10001 10572 598 385 11567 976
6133 6304 5107 8976 9636 10731
6134 9841 2988 5530 4386 4753 4461 3013 5727 7350 7538 7906
6135 3496 4509 3173 4780 6467 10696 6717 10085 7614 7563
6136 3363 7766 7638 438 11024 7382 1367 8012 8819 6595 10927 10161 10065 10623 9575 8458 7743 11258 7923 10542 6876 8034 10201 8777 10989
6137 7092 6514 37 11434 4086 11207 8861 10208
6138 131 7404 8090 11351 11102 10416 4277 4172
6139 4531 7735 10667 8707 7811 5071
6140 3260 2989 7830 2728 2928 5447 1121 7901 5902 7140
6141 10702 6148 11605 7723 10241 9744 9719 10049 10986 4467 8965 4307 10125 8493 9592 385 10733
6142 4759 10647 7274 7605 9954 9657
6143 5547 5543 10160 10619 9088 6801 9597 10354 9905 11522 10260 2652 10708
6144 3036 3629 5521 5756 2930
6145 2603 1767 539 11317 2768 3140 4085 5289 852 4586 4872 4250 10625 6702 8476 10179 8604 9419 9895
6146 10389 5845 6159 3944 8544 7370 6262 9686 6311 6949
6147 870 225 1174 781 2293 2639
6148 978 1692 2715 1165 2009 1151 730 562 747 1244 540 1226 3789 269 1150
6149 2843 9205 7683 1197 4056 8564 4177 5731 2799 5367 9390
6150 7052 9315 10248 9755 8815
6151 10489 1763 280 8567 8811 8812 3654 5584 8642 5959 3162
6152 255 160 3998 5062 5065
6153 6261 2198 7637 11471 7841
6154 6283 10548 4974 7410 7168 10893 11039 6133 6355 8459
6155 4730 4931 7879 11491 7489 5283 4829 1951 161 11421 11567 9678 10872
6156 3864 4664 2292 5178 6563 5786 7410
6157 4406 5711 3476 8626 6611 4189 6252 5496 5484 2718 5482 718 3233 4506 4741 2430 10301 2869 8664 4690 9017 341 3808 8452 7303 5764 6832 8635 7791 9570 8942 6498 8395 8674 10615 11073 594
6158 5379 8266 2215 5077 1778
6159 10339 2621 8640 2588 876 6133 10985 114 1124 7136 10664 5058 596 8615
6160 6108 10345 11613 11147 9970 10107 8861 8049
6161 9949 3708 4536 8827 3782 8281 10546
6162 3814 6045 5257 5921 8572 6600 7922 779 9157 5292
6163 4058 5509 3119 4521 4640 10285 1057 4915 5340 7406 6731 1921 6301 5439 10005 10624 11569 10660 8652 7224 9008 7114 5559 6908 3793 9357 8471 5882 9152 5438 9842 9221 5315 8819 9967 11359 10060 9861 8836 10373 9738 8823 10396 9921 11053 2248 9968 10188 10057 9580
6164 5945 6090 8470 9304 9306 7370
6165 5015 6035 8177 11359 5844
6166 6156 5302 3101 4338 6037 7334 8015 8616 3209 10758
6167 10816 8415 330 2507 4049 5560 3554 2755 1466 7389 5261
6168 8561 5682 7224 11617 10849 7455 3501 6217 8611 11544 9915 8656 10722 9773
6169 4685 4579 5403 10660 4431 11450 7618 6884 8089 5213 5338 8312 4375 5419 10667 5958 10241 8999 90 10379 7263 9451 10432
6170 6440 1769 10957 539 7251 2501 2137 6538 9547 2617 4087 7389 4981 9806 6922 9972 6725 5501 10727
6171 1409 1398 1475 1500 1303 3334 10621 6273 10461 355 7370 7830 3420 11360 4040 3962 5727 834 11412 7289 9302 9298 1153
6172 3007 1244 672 9661 4344 10657 1769 9458 5959 4098 8434 10107
6173 7860 8430 9392 396 8854 6993
6174 1881 11211 5500 11588 8714
6175 11163 9736 7477 11199 8325
6176 8482 2325 4657 5878 8714 6913 5731 9947 10817 6529 10788 8825 2684 9608
6177 97 1020 1132 858 1260 11028 316 11072 1012 4215 2700 1860 2679 1022 3398 7449 419 3010 8025 11309
6178 4338 5283 314 342 10203 1154
6179 6731 10409 8192 8605 6225 10184
6180 5194 4502 6659 11398 8283
6181 5282 153 8263 10332 9428
6182 4639 7453 824 5326 6344 7342 9781 7943 10523
6183 3672 4392 3223 10223 11238 4666 7095
6184 10180 9466 2491 11010 6151 10808 2812 7863 7142 9262 3273 10033 11207 8512 10302 570
6185 4106 1502 5574 7050 10959 11271 4824 8143 11232 6902 400 5743 8806 9223
6186 11022 4410 6143 5214 11403 6136 9126 11094 10480 7089
6187 4374 3926 6568 3114 6514 8245 10744 10825 10897
6188 5626 4678 7742 5478 6708
6189 4985 6134 6964 5896 10370
6190 1557 5900 1612 1053 3918 3804
6191 8689 8827 5788 5636 7252 7627 5208 4792 4190 11456 8078 2034 10525 9164 10637 3281 11363 8747 6976 9011 7249 6926 8514 5462 8209 6615 8556 4407 11047 8819 8715 7823 11576 2103 8755 546 8659 11113 9752 10780 11359 3195 2238 11581 10060 8771 6357 9161 8816 9471 8771 9250 10773 7271 8254 8233 10609 10793 10221 3542 10733 10296 10135 6426 10091 10585 10966 10381 11622 10213 10717 6238 10055 10057 11362 11111 11426 9619 10869 10499 10497 10533 10187 10884 8548 9105 9753 11219 11219 7245 11219
6192 159 2112 6189 3043 650 2320 2231 11229 3408 1910 7034 7034 2512 5246 4598 4418 11521 8287 5215 6466 1700 6054 7045 7368 11225 4499 129 9190 8232 8057 2085 3110 6651 9782 10574
6193 5049 6522 5367 7273 10315 6412 8535 10179 168 8834 8168
6194 4547 9775 4674 6223 3940 6496 7275 7188
6195 94 1184 926 1788 1813 10199 4704 8348 8340 10184 10067 400
6196 5651 4830 5064 5055 5111
6197 3015 130 4638 7492 9410 6857 7858 9886 4609 7446 7987 388 605 4802 1882 10561 8476 9500 9228 9973 9091 10461 9820 8870 9898 9053 7094
6198 9775 886 7141 10044 1378 7465 7397 3149 6062 7757 5982 4844 4256 5535 5147 6413 8091 7446 7686 7720 5756 3392 6449 9875 3644 7593
6199 4974 1866 9829 9930 3999 5789 6544 5182 7390 3561 5378 6197
6200 834 2114 4316 7856 11559
6201 1416 623 7250 494 571 5310 4239
6202 10436 2764 4379 4780 6380 4129 9187 6394 5138 8133 5097 9298 9813 5094 9537 7933 11155 9630 485
6203 7057 10808 4370 4425 8408 9260 10639 6321
6204 6554 5776 4315 4185 4827 8427 10733 5568 4005 8453 5102 10251 10107 10667 9819 8493
6205 2154 10341 3125 3719 3198 11450 5375 10772 4336 2875 1853 4203 1413 4706 1797 11123 2699 7146 3996 3088 11205 10314 5315 5064 5088 9280
6206 10344 11251 6285 5437 7584 7706 7480 6087 4974 9330 4692 9308 4272 6772 9865 8322 1177 400 8822 5757 9924 10568 237
6207 4599 3516 3682 3939 1690 2731 11459 2035 7428 7559 2880 6210 4895 7487 5753 5321 10110 8629 8267 7572 8932
6208 10778 1053 2038 2911 4737 7583
6209 2781 6564 2003 10718 7619 9799 6615 8505 162 10164 10451
6210 4368 7006 5759 8966 9433 10776 9658 10822
6211 7740 6130 2737 2283 5448 11435 6836 10498 2492 2989 2852 10560 11414 2408 352 9646 3432 2528 1773 3004 10520 3433 10921 3657 4336 4711 2565 6296 5849 4074 11162 1167 2277 2277 4473 4516 7251 5388 10827 5658 3538 8921 10831 7283 10730 4117 8725 10274 3501 8043 7046 11626 10209 9991 5655 7195 9138 117 10277 8970 7996 10529 9358 8072 11373 11564 10798 10831 9556 9761 9916
6212 7463 9460 7538 7479 5062 9842 9786 11554 10252 10253
6213 8411 9153 11351 601 8651 2482 339 8774 5059 10623
6214 5862 8415 5152 7100 3898 6525 10503 3983 4981 7899 2192
6215 6766 1996 2384 4080 6090
6216 8921 3236 8346 742 4400 3531 1283 9977 9077 5313 3871 4522 2915 7335 11402 6985 7979 5206 10984 9372 11083 8848 9545 8539 9788 10984 11432 10897 10529 2191 6191 2187
6217 1429 9533 3872 10016 5978 2314 261 7422 8734 9358
6218 3757 2292 8127 9244 518
6219 3399 11148 11444 5088 10240 11034
6220 2277 11235 6603 5322 6226 5646
6221 6125 7160 10920 10920 7824 8051
6222 2605 1749 10668 6330 2728
6223 2469 6732 4536 6608 3332 5885 6270 9038 6332 7743 4655 10379 7108 4938 5220 6204 9970 9696 9993 7109 5340 3776 10952
6224 11541 1939 10487 7485 5388 5330 4427 6816 10109 11366
6225 10933 1218 2233 11226 1301 1622 10271 10271 2333 2710 10629 293 9743 11431
6226 4806 1434 7687 4261 7092 8172 3856 9374 4171 6202 6131 8772 8507 10793
6227 60 7339 7654 9821 10587
6228 5401 8112 7168 661 7716 8266 9643 10377 8758 11293 11104 8499 9010
6229 7882 3786 4258 7892 2251 6392 9639 9903 10057 10168 4884
6230 2575 2598 1428 3847 3936
6231 9465 5689 8444 9406 9972 10658
6232 11 1130 576 1191 4260 1030 1047 2840 2304 6836 7578 4558 3534
6233 10412 2863 8366 6987 1171 3647 272 2364 5271 1160 4868 5295 1055 2066 2088 2024 11145 7414 697 1824 1389 10626 2253 9464 2123 2983 3964 1920 4047 10465 1905 4870 3098 4072 1859 4735 4735 3199 3550 11429 31 3847 2508 5264 5264 5995 4007 340 221 4616 2206 1858 1773 5725 2256 7798 11529 10751 11143 11336 6378 10725 4481 1057 3647 10390 3975 6580 8788 1642 38 10448 11083 343 10673 10854 395 648 10254 310 8401 9897 10406
6234 11491 3724 7576 9100 6162 11483 8352 8212 8758 10857 5895 8836
6235 951 933 1112 436 1164 1653 1287 4305 1418 1576 2998 1176 649 2329 226 6966 5503 4171 6980 5254 7442 269 8864 9499
6236 6683 3649 5663 4475 7515 5588
6237 6497 7842 8827 6749 354 9513 8975
6238 3648 9577 8338 4256 6280 10741 4530 8112 2340 9515 2325 10644 10346 5216 11112 9974
6239 6525 5780 9743 3271 10060
6240 1663 2472 11076 2838 1438 9442 11589
6241 7122 6155 7333 7694 7126 6383 4377 3818 9352 9676 5088 4272 10334 369 9643
6242 5656 7248 6682 4803 7232 3839 4005 8267 8504 5285 11144 9868 10398 11207
6243 7882 11068 7405 9644 10718 6548 7388 3448 10595 3782 7303 7572 9622 9523 11432 10105 9964 10672 10829 7958
6244 9074 9793 7616 7664 10870 11606 9937
6245 4693 5713 7562 409 4756 310 9778
6246 5955 5879 3911 5432 9160 2372 9143 8123 10988 2227 7245
6247 1206 8331 9883 5972 2065 10634 5617 5645
6248 4030 5320 6209 7060 4971 5882 7305 9286 9272 11432
6249 6200 4227 4872 4285 7704 8544 6390
6250 1387 1710 10117 1433 7657 5692 1402 10246 1509 806 10286 685 1213 6132 4708 472 1810 2864 4708 415 2737 3924 2354 5244 3307 2131 3098 3972 3883 2221 5415 7034 7698 7830 3929 9922 4621 5139
6251 8089 7012 10715 4951 8755 11113 9812 9843
6252 7259 6744 3558 8440 5983 10655 5293 5970 7129 4915 9050 9555 10884 11237 9905
6253 4042 7254 8321 11626 1056 1056 7556
6254 3242 9424 7721 10184 4272 1154 6779 10122
6255 6224 11375 11029 5769 11304 9817
6256 4236 5280 4955 7368 7226
6257 6635 3169 3519 3704 4676 7465 6425 3658 5225 6248 7821 7447 6852 8114 605 9057 9289 9285 10857 11050 9888 5098 10793 10074 5612 10833 9023
6258 4221 10503 10128 210 5110 9824 8204 10564
6259 7758 9958 9537 500 3271
6260 5182 395 5055 5098 8939 8971
6261 1099 461 10718 913 4624 9608 7888 6504 3391 7843 8163
6262 4315 6946 5130 6195 6468 7874 7534 8956 138 9136 7673 1643 1765 30 10482 3207 7222 9974 8823 4489 10522 9553 9672 10174 6040 11285 8941 3299 7797 9572 10648
6263 5508 6439 7157 6461 7453 5909 4999 8859 7327 8154 8299 7467 7617 7594 9466
6264 3616 4284 4067 4070 8536 3140 4089 6059 3453 4414 4412 6140 6341 11220 11183 10829 5305 4749 4579 7663 5757 7042 370 2544 9862 9217 2270
6265 6137 2957 9368 3846 6103 10864 4433 6604 5477 2372 10728 7248 8052 457 7890 9801 7939 7650 10415 11288 7407 5547 9732 10411 7882 6371 7074
6266 4918 5442 169 11402 10140 11561
6267 3930 7335 6443 8139 8018 9791 3818
6268 10866 11120 9315 10553 10684
6269 6230 6090 2946 3017 7406 6262 11589
6270 6913 9287 578 599 9697 11240
6271 7560 2960 8788 10242 6159
6272 5054 225 10148 1544 568 1133 1686 1270 1725 1664 1254 1220 2346 2147 10797 2314 9564 3208 3845 927 3257 2723 4222 7034 7025 9841 2988 6723 4051 6174 7906 10388 7794
6273 6393 7824 7824 11492 6465 5568 7151 8683 3952 9100 6648 8841 1568 10383 9406 8918
6274 4050 6626 4244 2572 6834 8140 6831 8163 3510 7265 11544
6275 11602 2258 11507 671 1678
6276 5310 10003 9400 10001 10893 8334 10074
6277 4928 6462 6500 4228 6347 3805 6602 9853 7401 8563
6278 1501 3331 4616 11154 3359 4109 6262 4682
6279 3867 10693 3241 7776 6635 3979 1092 742 10995 4715 4963 10831 4542 6518 5836 5161 5255 5363 5185 9368 7031 4804 10909 5321 1061 4856 4874 6210 7445 7130 9943 11103 4534 5477 10829 4887 7214 3581 5986 2677 5130 4869 4165 7388 7716 108 3871 7662 7099 7416 8690 11403 8594 7291 9789 5395 7256 5298 5999 10810 9356 9539
6280 7577 8683 7069 9079 2297 10549 7975 6289 7838 9216 10967 8887 11477 7894 10882
6281 1099 2146 2338 11290 5031 4594
6282 5644 1538 4892 5357 6370 5322 2855 10644 10643 7923 7926 6148 11518 6356 10966
6283 10301 5871 6922 5521 10623 7584 4916 5968 8596 4294 2101 11200 11287 7359
6284 6211 2325 4408 6593 6579 6560 10937 10334 7010 9023 3653 8319 9610 4301 9805 1375
6285 3233 7809 1472 330 4045 2997 2925 1670 3889 2061 6881 5562 11576
6286 6059 4734 6898 4521 2645 4528 3507 3581 6868
6287 612 418 1002 10748 944 10767 1340 2852 2900 8462 5252 6827 7645 5450 8105 7839 11130 8900
6288 1194 7685 11307 11591 5517
6289 3592 6261 4031 7212 10231
6290 2575 9416 8771 11018 3281 6269 8464
6291 6212 10743 2643 6209 6806 8408 5682 5312 4913 4324 5643 7589 8151 8736 4809 8304 7455 11619 10159 9932 6451 7606 8411
6292 852 10575 3673 2353 10754 8172 3216 7245 11407
6293 2778 2430 7359 3111 373
6294 6791 9918 8408 9229 6239 1934 5639 8105 9743
6295 5291 5322 10764 7491 6216 5312 5606 4624 9462 325 8422
6296 895 286 10339 1641 7530 2346 1278 990 838 644
6297 2834 1816 2714 7311 2694 2374 2468 2137 2847 8022 268 2282 3292 9682 2203 3185 4240 8536 28 1376 3312 3416 3803 7621 1650 1125 908 3638 3876 1924 4896 11220 2447 4353 8388 10644 7463 10644 10136 4750 11050 11207 8239
6298 3164 4585 8921 5168 4131 5232 5490 3723 52 2674 8169 7688 6011 3704 4764 6229 7339 9722 7879 5174 949
6299 939 27 2281 6887 175 11458 2908 11360 2651 10191 6269 4908 3519 10686 8584
6300 3684 2908 145 2226 6714 4630 11531 4476 5009 2859 4629 7508 5843 4251 9241 896 7310 6816 6697 9853 2733 4449 4081 7141 6575 1246 5392 6936 4699 16 6353 10005 5756 5767 4002 10836 10843 10562 10007 11009 9151 5775 2826
6301 3041 3203 2836 6807 8036 10459
6302 4145 6833 10893 9407 10315
6303 9941 6167 5379 7731 5583 10095
6304 10608 1036 2514 10767 10271 4857 1144 4261
6305 8359 3540 4680 3671 4370 11103 11440 7287 8551 8544
6306 1149 769 10395 1676 7647 791 2039 3041 1633 10195 4639 5912 4583 5019 4253 3499 11061 6431 3878 11237 4800 9617 7705 4136 11408 10972 8359
6307 652 2235 187 10271 1432 2886 2599 2883 5173 5394 165
6308 4735 144 4427 6275 106
6309 3621 8915 7531 7136 7598 9216
6310 11336 4486 8143 8342 10764 6973 10562 5755 8344 11408 3270 6758
6311 333 1208 557 10287 4314 7663 3606 11521 6844 3523
6312 3008 11636 4463 3418 4085 4226 1765 6066 5142 6282 6771 9567 9441 3773 6446 3819 2881 4704 3696 4347 7176 6801 116 8195 10310
6313 5661 3013 3552 4778 4112 9424 7427 4149 11354 4770 1277 9842 11008 6052 4163 5016 6120 7051 7050 10374 10649 7160 5430 11527 10297 4532 7686 9469 5367 6634 6954 11352 9200 8143 10007 1470 8383 6061 7978 6287 4696 9335 713 5885 7390 5355 8391 7260 6020 835 11221
6314 4167 4786 66 4534 3335 5964 2341 4202 2439 9044 4729 10909 3062 4362 5404 5001 10565
6315 5768 6570 8080 5672 7124
6316 3096 191 4592 9841 728 764 10368 2332 10823 3428 3992 5964 6722 3269 7411 9458 181 3070 5874 7508 7901 9424 4359 6209 6781 6202 4496 11526 8309 8618 11392
6317 2018 1822 11600 10530 4147 216
6318 3178 9915 5769 6145 9821 9177
6319 7271 10722 7391 10733 7488
6320 9107 867 5337 607 643 1094 8393 1146 2080 1939 2998 1864 4860 2514 1660 1829 1800 2955 3502 1789
6321 743 7552 10410 5924 6711 7577 5787 7473 5138
6322 6323 11476 8243 5022 8027 9103 7569 4483 7107 8316
6323 7514 2560 3882 5910 6925 6271 9228 10729
6324 11597 7036 8666 7379 4756 11319 4384
6325 6031 10503 9737 6151 5338 9136 11471 8594 6787
6326 6213 6923 54 5050 7449 4813 3153 9962 7609 5546 5536 6796 10900 8034 9050 8381 7260 11131 10866 10327 8207 4334
6327 5195 5285 8784 10569 10544
6328 4989 7962 3742 9748 11357 8792 10756
6329 4030 8338 7327 5443 4823
6330 199 2963 2422 1347 11420 9426 7377 10935 3502 3744 10875 6063 7190 3476 2210 4542 4399 6244 2995 7756 8930 7697 9977 8122 5927 739 3712 5158 7522 908 5200 5190 2644 7882 5990 9260 6610 7327 4176 1704 6414 8383 11271 803 9447 8771 7574 5028 10866 10702 8309 5728 10553 7211 5807 10883 4382 9391 1568 11297 1506 7372 1993 9817 10609 10107 10516 262
6331 2975 1735 2330 11137 3489 1600 5049 7773 7171 9923 10834 4309 4286 8596 9889 9380 8687
6332 6216 6904 6317 3653 9376 8960
6333 946 2404 1073 3780 7735 11507 2680 10713 11093 1464 3995 3168 3592 3572 4585 2938 6358 4452 5532 10280 7521 6486 4324 6963 4923 7176 11295 8114 10045 10985 10667 6109 2335 9040 10194 10078
6334 2451 2080 1806 4576 9241 5513 2069 3229 3257 1749 2408 2286 9719 2764 9006 5474 1834 1331 3712 488 3458 3565 50 4201 558 1836 8564 10152 5305 1724 5365 2569 2995 2913 9044 5844 10887 6780 4874 9718 7498 7182
6335 350 1304 2964 5421 3902 3619 6096 6204 11625 10473 7960
6336 5285 9668 7533 1596 11425 9676 9429
6337 5720 3130 9753 7245 6343 7961 11359 10821 10999 8221 11231 10060 10213 8106 10533 11495 11528
6338 11470 52 3499 5205 6826 11129 5957 5382 6191 200
6339 2831 2392 4519 3426 3565 4323 7882 7882 4069 8956
6340 4992 6138 10919 6682 4845 9002 10383 6365
6341 10509 8800 7570 7830 5725 4822 10967 7072
6342 3269 3852 6406 2294 9311 9446 5084 5092
6343 3137 6635 7487 7572 9429 9652 9697 7297 7107 386 5797 8049
6344 5020 1148 720 621 702 2993 10778 9398 10339 1489 371 11396 8331 2770 1365 4900 3723
6345 215 4428 4016 8348 4159 11287 107 2733 4696 365
6346 8366 11597 6054 4508 3115 3101 1896 2034 5768 6601 6542 6602 9363 6178 6494 6707 8206 4500 10478 5791 1781 8120 108 11456 8714 11131 2561 10424 9190 8030 4615 7932 7674 9050 7961 8632 2806 8181 8984 9972 7914 6786 9418 8490 250 11221 10107 11140 9003 8979 9232 58 7926 4951 7943 9060
6347 4494 6842 3332 8416 3704 6505 7784 2169 6525 11609 10831 5889 8771 11307
6348 4283 5934 7254 4360 4809 6430 7924 7922 56 5506 7727 3807 9136 11082 11082
6349 1296 10004 572 646 622 6886 2066 650 8347 8850 956
6350 3193 8975 8799 8710 10862
6351 5937 8749 7208 1056 10184
6352 1372 4260 302 734 1625 1089 361 4413 10877 4625 6752 4616 1953 1456 5998
6353 4169 4177 10831 10831 9480 5695 5174 4856 5238 7036
6354 9426 715 418 93 748 410 2388 1061
6355 6058 1324 7458 11519 7269 4731 10496 6615 4420 11221 8608 6412 8236 8920 6931 3714 9140 7569 5100 9741 5192 10645 11362 9619 9105 10616 11207
6356 5164 4899 5947 7396 4653 9273
6357 1873 11217 3015 7277 10176
6358 11420 1304 1765 3055 120 11120 745 6290 6291 3899
6359 1446 3513 3191 2556 4128 4783 11627 3132 2513
6360 3519 5162 8200 10001 4935 6655 9265 10111
6361 920 5020 650 865 11551 5593 917 7210 1113 4763
6362 7037 10016 9077 7735 6461 162 10482
6363 9200 5928 7513 5355 11340 4191 4190 3556 7577 11363 3319 5462 5138 8819 5438 10451 7425 9040 8969 6569
6364 5832 6771 7205 4320 2611 4773 7409 7164 7447 10340 8284 10195 8777 10991
6365 5730 43 7209 10943 7508 6245 11470 3118 4983 7412 6547 3753 6939 7259 10564 8173 9984 9140
6366 5123 3871 6051 7251 5752 8764 9005
6367 1252 3957 2884 5230 7716 7703 10937 4118 2941 9474 4505 10340 7129 9473 9130 4419 5111 7614
6368 3608 10277 10262 10776 10013
6369 5262 4061 6716 4945 6506 6682 2809 10035 8293 5815 5568 8035 10591 8644 5770 9164 6196 4835 9830 3281 6267 7153 9452 8565 8705 7569 9567 9552 10377 7020 10857 8654 9512 9785 11104 11509 9218 8135 8201 3690 9257 10366 10833 10831
6370 11251 1504 761 1271 5220 5607 8400 9462 5858 8644 6015 4718 4731 10644 9761 9865
6371 2889 11237 4973 5293 6467
6372 1376 2178 247 4033 3776 4952 8824 6498 10829
6373 4841 4324 10866 6587 6748 10216 3896 6908 8577 4530 5803 4756 8588 9506 10966 9785 8616 6853 8379 9757
6374 7067 7453 4855 4320 7370 6311 2232 8170 7684 11455 6359
6375 477 1960 1011 2557 1393 2364 2600 2204 4103 190 2316 7738 8889 8519 6583 10788 7348
6376 2863 5205 1559 64 65 11382 1279 8929 462 2532 445 1283 1024 3476 3118 70
6377 7027 6998 6023 11368 9978 10550 10427
6378 1777 7453 10904 4134 3101 8943 7027 6127 5509 7657 8085 6822 7849 7630 8805 10718 10718 10718 8462 4938 10390 10725 11142 4584 7990 9472 7715 9618 9198
6379 5179 7465 7300 6329 7879 11340 7044 9126 9005 1156 9420 5495 10504 11414 10373 10626
6380 5222 11247 6171 168 11106 10349 8804 4788
6381 2705 5825 6218 6508 6536 7470 1645 10223 9358 6046 6672 7665 4844 3512 3175 8008 9389 5421 1505
6382 7864 9358 7706 7657 11352 5876 10133 5350 4666 3566 2377 5687 6846 5234 10005 4888 4809 5713 1777 3175 9374 11445 3179 3750 9402 5457 7606 7795
6383 4680 7623 5472 6985 3186 8538 6646 8155 10459 10072 7542 8794 10865 8815
6384 6720 11007 4722 9082 9633 11074 2021 3624 10122 9903 10840
6385 1210 1188 302 985 10148 1969 1261 3151 5024 5356 5353 10957 1765
6386 6942 11131 8099 814 5713 9479 9968 11111 3998
6387 8032 6108 7922 10623 8139 11590 11144 3366 8888
6388 1500 434 1880 217 2235 10599 2514 2237 4125 5228 10221 3876 550 6157 1624 5106 5096 402 1355 9295 9074 10930 6534 7251 8024 8921 9307 6686
6389 5506 8353 10704 10678 6607 8804
6390 8338 6525 3683 5902 3939 5922 7822 127 6014 10611 8309 10866 4286 2776 6530 5609 9050 7720 7970 8209 8300 11159 11265
6391 5873 3871 7384 7055 3959 7305 8408 5939 7076 5880 5863 3778 4626 5324 6668 7478 4415 1794 6910 7588 7126
6392 6343 8162 3549 11363 2927 7646 10107 6968
6393 572 9941 2241 6228 11463 2956 1660 4598 5431 613 11010 7641 7659 8774 9278 9536 9080 10534 7597 510
6394 1973 1089 2461 6088 3026
6395 993 7999 3472 4422 3055 2283 4054 11164 71 2898 4582 7363 3277 3584 30 4868 7755
6396 1859 6227 3952 8500 9380 7295 6490 11583 6655 866 9608 9653
6397 5822 7101 6945 6152 4829 9540 10387 8616 10295 10419
6398 5899 810 4776 8723 8430 2101 2091 1170 7666 325 10001 1990 2826
6399 3436 3876 4485 5840 6664 5467 11375 5630 5807 11479 9899 11329 7084 11161 8606 3663 8873 9528 11129 8407 10996 10965 4077 4301 7402 8522 8888 10833 9603
6400 2513 3305 6651 6976 7551
6401 11154 3461 3737 4329 3893 5035 9347 8340 7194 4969
6402 9156 9480 10106 233 3439 4245 4427 5673 6551 6072 6141 11245 942 10446 7755 11058 10403 9909
6403 7190 3469 7955 4941 9922 5313 10889 1322 7037 9450 3974 9547 8338 6485 5332 3527 2501 10957 1651 10859 2624
6404 443 9042 10933 1487 4552 8331 5181 1982 1883 1104 1176 135 2111 27 1949 2864 3081 4868 10359 10461 9803 1331 6793 4921 1307 4336 2621 11463 4447 5596 4836 10044 4424 8603 6295 8408 3151 6792 7056 6806 5870 3621 9391 4073 9226 8116 7846 8337 8490 8924 11359 5315 117 10515 604 1056 9096 10474
6405 5524 10714 6674 5345 1600 6009 6196 7262 7796 8733 6363 7743 6787 3741 3787 10165 11129 7152 5719 3880 8612
6406 4295 4618 4875 6680 8689 5505 5592
6407 612 4552 1030 3078 1164 1616 644 1728 4296 2120 690 628 1510 11072 1735 208 2714 2721 9000 2455 3679 3520 3486 3474 3300 3503 1861 7427 2875 9081 4636 402 5083 5072 6421
6408 4285 6595 7589 6379 4041 7590 5917 7016 7792 6070 8051 7562 5799 9546 6670 10416 8722 10332 6895 8787 11292 3866 6131 2009 8335 10644 7617 10258 8430 9391 2924
6409 6522 7679 4766 2794 5882 9288
6410 3947 11450 3981 5308 4280 6772 6821 8596 9466 8871 8847 7902
6411 4585 9013 2034 8683 11445 7084 7542 6961 7844 7084 8557 8232
6412 10808 9050 7004 605 10561 10060 8760
6413 4073 9616 1472 3789 2795 3475 1859 1755 3105 4570 861 2834 2234 2925 2155 3041 708 695 1615 3138 3603 986 1095 1657 2458 4906 4498 4141 3846 4104 4068 3096 281 1376 1984 206 4616 2883 4762 11357 6836 417 5006 463 2868 5695 3131 2872 2994 6296 1956 1858 2963 2861 1329 10199 6643 6215 10010 3173 1103 1770 1747 2057 5394 11529 7047 11348 2851 4400 8080 7491 1971 3004 8077 7068 5234 4654 664 10305 11336 7027 7882 6140 6175 5510 5019 5417 3868 3024 10711 2501 5712 4613 6554 7335 11134 5874 4509 2650 6056 5701 9576 10829 5733 6063 3457 2447 4697 2777 13 8827 8972 9832 1650 3671 10248 2027 2542 4039 4038 7138 3558 3558 8102 3737 3251 11463 6409 1840 5721 10106 5749 9082 2185 9641 7613 2247 539 5497 2532 2558 5648 4513 9818
6414 5309 756 1266 8801 1583 1653 4643 5972 2290 794 10417 1546 10599 4484
6415 5130 4143 11065 10693 5232 3580 948 3627 4727 7093 6483 6423 5167 2449 8771 5229 8723 6422 5227 457
6416 8058 10297 9754 6726 5253 6343 7918 7676 8554 8540 8395
6417 11354 3295 3990 7666 9269 5164 5591 8308
6418 6473 6888 7318 9426 11367 8671 7603
6419 1350 79 4342 6260 7749
6420 10743 7037 6437 6018 5336 8436 10808 707 7801 7910 11165 11054 11253 10431
6421 894 10202 1839 10160 600
6422 2141 10433 6674 10128 3374 416 6191 71
6423 3752 7191 9295 402 5106 399 1154
6424 3918 3302 2588 6374 2957 5232 2186 4476 2511 7190 6103 3620 7248 191 5439 1061 7660 7674 5381
6425 5558 5247 5533 5991 6685 7671 10834 7726 2812 9388 8269 569 8492 10137 10005 9857
6426 897 2406 1197 9380 5045 8265
6427 2491 11101 1815 10918 5603 5448 11005 1105 3416 283 4240 2447 2117 8224 5037 5477 7755 8698
6428 5112 1661 3425 4768 9775 4454 5574 8314 4944 6092 5730 7619 3045 4357 5259 5475 5377 10134 6025 5554 4244 4875 7300 6870 11029 5238 7623 5420 6425 7398 8502 6946 5903 8859 8001 7737 7964 1367 7848 6890 4486 9187 9700 8635 7844 5407
6429 2051 2804 3421 2202 3255 4544 5602
6430 7013 4508 5160 6537 10257 1881 6144 1370 6896 8135
6431 3683 6635 4869 5143 1182 3553 11110 11209 1776 6842 2498 10285 8838 5540 2800 5832 2574 6913 7396 5435 9722 9639 6835 8796 1886 9579
6432 5823 3255 7349 6210 5910 2137 11586 6377 11363 6910 7173 8655 9081 10508 719 10678 8370 7728 9870 10938 10830 375 4551 9176 9649 11321
6433 761 3419 4354 1881 10439 9650 7364
6434 10490 5874 6894 6975 9424
6435 271 1500 615 1673 3028 10478
6436 6788 5340 5329 10180 4847 8704 7251 9609 11482
6437 3236 3691 2492 2913 4480 3507 3241 10889 7430 8272 5435 7744 47 46 9622 100 4342 1875
6438 2774 3684 10438 2630 2076 7740 2829 3646 5338 11445 8546 8812 7406 4902 5596 9886 2934 7392 5158 6894 9581 4840 4437 8230 9382 5921 7692 8051
6439 7189 4930 1535 7035 564
6440 3680 3707 4714 4889 5259 5631 6902 6827 4781 5048 10866 6152 10007 3281 6087 5050 6909 11363 8381 5583 11207 9278 10451 9116 9915 9531 8608 6994 7494 7556 8461 8460 9103 10609
6441 5008 4409 2339 4868 1601 8813 9063 8688 6755 6670 3611
6442 922 3653 1344 372 79 11069 1134 1136 273 275 732 7778 10268 925 1181 571 3159 3647 10601 2465 1881 943 828 1566 2983 2554 2824 1970 2818 2109 2313 2744 44 11151 679 290 287 1824 1876 1706 3939 219 3098 697 3370 1826 2205 10124 587
6443 8688 10532 6227 6349 3787 7826 11578 8970 7549 976 9233 599 10928 10011 588 10882 10064 10210 7018
6444 1551 10746 825 702 540 269 703 1278 997 11298 1967 3331 4075 7114 11593
6445 11357 1269 1050 3571 2034 6469 2103 11130 713 5165 1320
6446 4388 8536 440 8481 7832
6447 4638 5899 5897 8500 2544 6028 5748 3392 6259 8064 4746 518 8337 9659 8126 4769
6448 7307 7285 7796 6919 9021
6449 1259 11074 1245 1073 734 1341 2290 1715 5841 1025
6450 6661 11198 7748 5130 1966 7074 9781 5177 1506
6451 4291 2542 10831 4257 3312 3833
6452 4662 2651 2274 5205 2582 445 6433 6435 185 5109 3351
6453 483 4204 4053 2557 4054 4246 7771
6454 821 4317 9617 6340 1198 429
6455 10498 7073 2862 6099 8264 4658 4249 10714 4513 1093 2306 10919 11188 9394 5855 508 10916 4778 3591 1704 7160 11492 5273 7681 4514 5400 10921 7824 71
6456 2480 3650 6376 4659 5483 8007 10611 5227 128 4225 7918 976 4377 8913 546 10991
6457 6226 7976 8641 7182 8925 10151 8312
6458 1317 1273 1335 3935 1473 2957 4044 4871 4222 4325 11335 5307 8970 8797 3177 10406 2622
6459 4867 5162 9164 8665 8686 9216
6460 1151 1150 666 1491 860 350 1216 11143 7491 3118
6461 3769 449 7255 6179 6146 8271 8470 3945 8306 6279 1833 8738 3291 7369
6462 7040 9961 2609 1865 9627
6463 4220 2945 7657 4303 11183 4302 533 6766 7576 11445 2297 10179 11104 9984 10626 10572 10510 8981
6464 1474 9394 10389 5475 6153 5899 343 6094
6465 4108 4695 2913 10668 4131 457 11538 2277 2277 2862 4608 11354 6641 606 7660 2179 5757 7508 9482 8901
6466 4159 2827 8378 10324 8372 8550 9370 10631 8281
6467 880 1037 1076 1451 10376 10426 1508 134 1039 11011 4860 2630 2287 4137 320
6468 6262 8100 7525 9132 8975 2529
6469 11551 1190 2014 1725 1502 6426 7381 10964 8845
6470 5222 354 602 9057 9101 7270 10294
6471 2490 650 3147 4179 2615 7830 7173 4658 4011 11140 5024 4198 11345 6918 6176 1120 3189 7701 2572 6386 6995 6400 10893 9014
6472 1756 478 3714 10542 9980 8803
6473 10916 6720 3484 7696 3520 7535 5648 7224 3052 3797 10932 7068 10329 8500 6023 11605 9402 10404 10696 9406 9810 6802 10454 5697 11329 7268 8065 9395 5556 7989 9002 9567 7569 569 9237 10761 10379 10724 4758 9191 312 9282 9276 5085 9288 8868 11133 10379 9137 10379 7841 9356 5699 9301 5098 9909
6474 4496 4703 7137 1712 613 6364 5332 11264 8168 9272 9291 9658
6475 6844 11115 1144 3547 2613 3616 2509 329 6156 7098 2545 4343 2491 7663 7013 4694 10876 3931 4016 5040 5922 9504 7093 138 11148 8596 11292 7496 4415 7139 6597
6476 11178 6559 5606 2560 4221 4726 6380 2812 6693 4909 3510 7936 6957 9220 11146 11499 10682
6477 5123 6101 2984 9695 1694 8361 6473 5539 9852 10172 2103 5438 11476 5138 8216
6478 373 10399 3504 2264 4045 3881 2780 2854 2538 3339 7830 7830 6156 2283 10391 3311 3421 11565 10453 10400 11335 5162 3724 5823 5312 5786 6563
6479 4397 9961 5554 3863 9961 7259 3468 8287
6480 11110 10889 4572 7031 5909 10413 7565 7571 5718 7717
6481 4628 9248 4510 6328 7499 10346
6482 209 1299 1806 5084 9275
6483 9863 3748 10831 8739 5154 541 3609 10831
6484 10622 2565 4850 6296 5691 8597 345 10415 11166 8361 8521 11564 10872 10231 8837 10300 2914 11244 4117 8511
6485 4116 3260 2713 3821 11414 3692 2771 3929 4558 1650 353 4963 5174 10891 3841 6588 4959 2643 10883 5353 1462 10959 5709 8540
6486 129 8449 9206 11405 10085 11576
6487 5344 8921 7212 3414 10402 11018
6488 3522 3552 7962 10155 9165
6489 3686 1569 4046 10967 9628
6490 1592 5466 7439 2845 3455 10763
6491 749 2190 9966 10609 11366 10760 11078
6492 6559 91 6509 10416 11102 10408
6493 3141 3 9922 1700 3811 4256 928 7036 11197 10274 8054 10446 11456 3871 10849 3215 6827 7074 9930 8498 7024 5802 3765 9391 10834 7542 4086 4590 2421 7118 10593 10332 11623 7834 76 5066 6033 8521 10033
6494 3409 9740 7291 10315 3969 2961
6495 8146 9782 9397 11532 9766 11632 10451 9758 380 10343 1626
6496 4295 4140 8400 6572 9394 2007 4998 9231 8911
6497 1666 1414 1727 2383 9860 2226
6498 7965 7299 5756 4910 3756 10095 7069 8472 6979 8952 7444 7315 9273 11499 6787
6499 4427 2687 6536 6223 5551 6515 5021
6500 4150 7259 7412 8045 9850
6501 1728 1998 7900 10691 3052 1303 1787 9564 10321 3964 2730 7414 221 10321 658 6374 9099 2782
6502 5584 9842 10297 10548 11545 1470 6265 6038 10110 7178 10389 6947 1891 5506 11471 7588 9343 8906 8636 7791 9850 760
6503 761 5437 4714 5451 8698 4496 10344 6851 6942
6504 650 6294 983 3359 4262 9437 6468 3380 10213
6505 1992 2374 2599 3242 2398 7625 10383
6506 3608 4738 5516 3327 3519 11468 6466 397 8159
6507 716 631 362 1582 3567 9397 11432
6508 710 9478 1669 10857 9003 1521 5245
6509 11250 6279 10660 10834 10319 7296
6510 5222 8007 9527 5372 7666 5924 3808 9469 4289 4696 8148 6509 6217 8120 7671 9372 4000 4005 9954
6511 6188 2193 7214 235 7567 7991 10810 4342 8760 8106 9477 8414 10396 100 1626
6512 2330 5178 3154 2925 3691 2991 8338 8338 3311 6137 4560 1933 11463 3834 3801 6817 80 9646 9646 2064 10875 6261 3733 2051 2774 7890 4558 4623 11123 3731 2890 10887 10549 7968 9287 8367 10107 5653 4105 8836 8323 10335 10928 8612 9071
6513 6444 2806 6638 5069 4556 11091
6514 477 911 8599 977 6236 10 10184 10184
6515 2353 4015 6299 7463 8442 7169 11108 11015 10067 8530 8731
6516 9440 660 6497 4680 8338 4900 11620 10675
6517 2234 622 1404 1564 1494
6518 10968 11354 4241 4245 7251 2291 252 8583 5333 6227 10897 9224
6519 1383 1539 7203 1000 422 1870 2094 11277 1766 10933 410 1338 1191 1541 5592 5627 5833 5515 4336 4400 1277 11531 4461 4923 7608 6086
6520 9567 10553 8538 8924 10645
6521 8109 10426 2296 1693 11447 3963 544 2032 194 10152 2064 10018 5573 341 3972 3229 11276 11593 6675 2491 5995 650 3516 2086 2068 11429 1944 658 2953 316 3054 678 2305 4306 1707 9081 4493 8998 11280 9930
6522 10995 2877 5985 6629 3278 635 4683 11483 5640 4995 10127 6245 9695 5811 3308 11184 5911
6523 9448 8400 11464 10286 7873 9108 10967 8518 10001 9404 11398 9102 11204 11603 11603 5759 11337 10594
6524 1530 3115 10833 1381 11192 2109 2824 2313 4868 2004 993 4306 10325 3212 3758 8077 1267 8609
6525 436 5967 3614 2232 9184 10667 7931 9880 9757 1320 7348 10958 11210 10445 10758 10513 11030
6526 3984 5040 3892 5179 5792
6527 1979 8683 7542 10900 10569 11474 11128 4726 10519 5382 10529
6528 7604 6159 4202 2670 3811 5960 231 7704 7417 7990 6884 5317 5516 5182 9590 7562 5204 6148 10128 5569 5775 4611 6945 7715 4511 6673 9944 6511 9402 8554 7911 5316 7006 10216 10383 6721 8996 7991 10387 5941 8472 10678 1882 7477 8079 5177 9310 8135 11334 9968 10387 9851 10364 11485 5890 379 6314
6529 8243 8715 8729 9141 11029 8912
6530 557 3514 2993 3480 4344 273 1926 10626 1473 10487 2444 11298 8812 1627 529 1213 2119 4735 11600 3625 2081 5006 2974 10237 8119 1249 614 10383 10315 5481
6531 1992 10352 1636 1310 4171 1979 8683 4898
6532 1457 1266 1408 1525 1187 1802 1727 1732 2392 1487 1683 10339 1315 1071 3199 2109 355 2086 2375 4047 3054 3735 6836 3513 3687 3274 3096 3451 4222 2818 2553 3004 3047 11079 3668 4255 3317 10728
6533 3866 7239 7066 5970 6259 5316 9335 1794 2808 6651 7677 10003 9694 10620 6598 7641 8431 9744 6239 9123 4512 1886 9689 8772 7222 976 9106 10094 7797 8374 10156 9738 10087 1247
6534 3405 7292 4702 4677 366 426 6709 3836 7585 4045 8235 9556 9101 8468 5547 7533
6535 5712 8361 5869 6671 4624 7585 8025 1308
6536 2039 2278 3451 1307 7406 3733 5596 2125 10611 6558 8654 10529 10788
6537 1538 9017 1252 1334 9867 9309
6538 6408 9279 5096 8780 10087 394
6539 1051 1200 573 864 1408 9842 1204 689 10321 1445 2448 11527 4724 11220 7079
6540 5004 8732 11351 10631 976 11111 10302
6541 6344 7527 6470 9357 9344 11393
6542 3708 4006 9122 10467 8911 10103
6543 2753 6658 6913 7578 7523 4041 5705 6398 6801 5993 5228 7560 8634 5913
6544 5701 4229 5034 3118 5464 5727
6545 2644 3279 8187 3786 7892 10141 7874 6038 6585 6959 7567 10546 10808 9168 9326 9550 8598 899 8796 4751
6546 10127 1942 6562 226 8601 9167 30 9813 9997 9738
6547 4114 5432 1821 1240 8955
6548 3819 11599 6044 6852 10943 6914 5578 10785 10900 8962
6549 6401 8430 5762 6318 10644 9528
6550 528 3920 4864 2344 1283 4565 1212 6429 9318 4660 261 6295 6138 5716 8018 4590 2882 7972 397
6551 4335 3199 181 3229 882 4104 3990 4658 3332 3729 2556 11617 10581 4738
6552 4977 7924 7297 8270 1941 7183
6553 10341 2029 3684 2791 2502 4699 11301 3725 3532
6554 2367 4833 1005 7404 7866 10112 10085 11002 11155 10195 9228 10537
6555 6089 9782 779 10459 8322 10727 10897
6556 1752 1073 2838 4042 4348 4608 5044 8892
6557 7952 9164 1672 8030 4411
6558 10141 6963 7077 10815 9263 10300 10762 904
6559 11511 8430 6751 3351 9273 601 7997 10763 200 9643 9633 6902 6599
6560 7146 5261 4364 910 3653
6561 3295 7305 9838 9753 10952
6562 10564 191 10043 9743 10682 8925 10868 11585 5543 7869 8835 1765 1518 9060 5619
6563 6077 4960 10454 5069 9833
6564 2866 8929 1936 11395 2113
6565 2302 2628 4476 3937 11003 2148 3043 2374 1614 4616 1806 10084 2452 2907 2629 11349 2321 4797 9448 4091 281 5725 5414
6566 6138 3327 6057 10143 7527
6567 10733 10702 10329 9372 3319 7746 6233 162 10938 6932 9046 10666 10398 9746 3316 7107 8803 11053 9921 10602 10680 10555 9893 9603
6568 3953 4098 9073 5201 7893 9048 8995 10829 11282
6569 3476 919 4328 5693 5756 6298 3463 8119 8307 8680
6570 739 8205 11198 11279 3869 10051 2746 4632 2137 4021 7305 1733 5012 7497 673 11288 4801 9330 8672 11292 10194 5085 312 6905 3034 976 10073
6571 8686 9719 10554 10568 1741
6572 6107 4827 6685 6381 5656 7163 5424 2309 8342 6947 8089 1091 8464 375
6573 4202 6492 6053 6155 6066 4973 5677 7963 6589
6574 2420 3240 8001 7666 8271 7618 7801 3614 11431 9439 5098 3351 8221 10074 9845 10342
6575 11394 9795 9205 3245 3065 7279 9205 4392 7368 1125 6038 6937 7701 10827 6241 9849 1704 5622 5273 4774 6068 3407 7229
6576 3823 6107 5983 10660 3045 7405 8561 4781 3556 6741 5970 10496 6062 4657 7495 8140 7897 8635 8906 10096 11190 9184 3596 9183
6577 2697 10839 8196 10946 1747 6466 4116 2484 3170 8921 2777 3816 8342 3457 5695 4440 7220 9627 4958 5091 5084
6578 3298 1490 5264 2476 4672 5131 10305 8788 8199 240 605 11304 10251 760 11484 9359 8376 10195 2294 10342
6579 5242 11018 8416 2930 1093 7160 11492 4859 5955 4827
6580 2960 5739 6859 11218 11415
6581 7384 10630 11403 7920 8540 8858 3136 6919 360 9812 7834
6582 10503 6417 1624 6020 3714 10678 5778 10561 9904 11140 11140 4769 4107 8202 1515 8255 9554 3653 4483 10958 7198 9748 7107 10675 7271
6583 2772 7128 5518 11556 7357
6584 4918 4434 4408 11384 7924 742 6146 10149 9125 8531 7996
6585 5617 3978 5549 10276 2855 9590
6586 1138 1065 9842 1439 10417 1387 1560 1136 965 686 232 9509 2711 1666 2290 1740 11463 1510 7608 1289 1303 6132 1549 238 6076 2133 145 3015 2923 11072 4708 11201 10626 2261 2845 10786 1697 2998 428 7227 1591 392 9941 11600 10461 2721 4003 5576 3243 4199 10498 1478 1750 4663 2422 3122 10167
6587 7604 9151 5289 7160 10402 5400 3441 4587 6222 3028 7942 6668 10159 10508 8828 10763 7176 8726
6588 9114 8280 11549 11452 10012
6589 481 897 1243 1073 1218 10414 581 11028 11475 10378 1383 11301 2261
6590 2213 5632 9121 9661 4645 6967 11148 8172
6591 559 893 11307 7329 10778 926 1873 864 2262 2051 489 2038 11107 3184 2685 7679
6592 4560 3020 11336 6106 7406 9251 4924 9608 10733 6638
6593 5154 6975 9808 6436 3022 6578 7532 3830 5207 5792 10180 6044 4687 10110 7856 6478 7601 10925 8540 9050 10937 11108 595 7728 9904 9297 596 603 9158 7391 7363
6594 1777 4716 8561 710 3557 6292 9474 4719 10769 10855 1891 8641 5767 8827 9583 6028 8211 7553 6976 8107 7811 11227 7870 8994 11246 8913 8322 6990 7866 9386
6595 4231 1544 611 1265 640 8807 412 496 11217 7250 1325 187 2088 10967 3582 11435 5310 7469 7138 3613 10644 9230
6596 5668 10334 1158 8239 7338
6597 2022 2087 1383 3152 3417 8992 5603 4422
6598 10801 3567 5670 4383 1614 2450 2834 3341 8702 803 176 8409 11281 10891 2805 72 4023 1233 3583 6055 2817 6866 3786 7041 85 9415 11050 9123 10765
6599 7908 2975 6366 11401 11274 4194 3840 10720 5042 2137 5695 4755 8245 121 5458 3396 3873 7513 6935
6600 2815 2293 2797 10885 1304 632 2735 695 10929 2778 2785 1331 3592 4576 3941 10263 5887 8462 431 2344 1524 6436 6056 1936 6572 5601 8213 5998 6274 5189 3645 4885 1275 8688 3505 5966 6468 6148 1804 6969 3138 10800 7606 5808 7863 9848 11055 10140 484 11366 8645 3334
6601 7416 9889 8876 10251 5890 11418
6602 2176 7209 6775 4192 6466 8546 7818
6603 7965 5860 6504 7936 7215 9627 10404 9287 6782 5058 5069 8468
6604 7453 6556 6307 6085 8561 6038 7602 10788 10504
6605 2382 2034 5140 5167 8120 3585
6606 2830 10880 7615 6855 8309 7099 7745 6465 3839 7228 8097 6261 9008 11034 8746 10942 10218
6607 10368 10095 503 9820 10505 4748
6608 4886 6021 3938 7395 7754
6609 8354 9372 4045 8683 8335 4622 5409 3145 8752 9148 8858 9136 9093 9092 9062 10966 9005 11300 8656 10477 10529
6610 9533 2708 2737 1822 1231 1429 10653 11233 5331 5772
6611 6515 7091 8733 6153 6429 10561 9599 5327
6612 6620 5594 8907 402 9295 9907 2579 10907
6613 7672 2813 8987 9812 11034
6614 1771 7169 6543 8817 11253 5077
6615 358 3494 7205 7300 7114
6616 1112 730 4260 1412 8907 1332 1625 3943 2865 1940 2228 2245 8213 2656 1071 10895 3184 4047 5271 1468 3935 11414 11290 3457 819 2714 2555 11305 868 1127 7001 4117 5241 4707 7251 7335 4868 7241 8436 51 1964 2307
6617 275 6766 9315 10389 8053 3653
6618 11287 8874 5076 602 5093 597 9350
6619 7625 5532 10245 2271 7715 11379 7964 5368 5971 8999 11120 7288 6633 11320 9592 10544
6620 5329 8416 4175 3835 2705 3215 7618 5519 8539 8632 8015 7801 7800 5110 8273 2276 1375
6621 5823 9961 6208 6261 10659
6622 986 8502 150 9596 9596 8438 10218 7014 10529 10542 9336 10129 11066
6623 4911 7615 7685 4276 5381 11021 9853 8157 1515 7603 11231 3034 10788 10074 7143
6624 1555 4721 9688 9608 6415 7449 6852 7857 7856 6315 7542 6598 10092 8874
6625 6167 9411 7853 5957 8711 6755 11405 1156 9990 10282 510 10006 9484 7970
6626 2856 3105 3533 620 857 2140 7683 10881 457 3469 3250 4699 9391 7997 8020 5580 6405 3891 9250
6627 2035 3600 5630 8842 9228
6628 5677 6548 6723 5680 6415 7777 11163 6279
6629 1051 5774 3218 11160 1019 3357 4818 11504 3065 659 8860 5310 6752 2416 4239 159 2419 1428 11381 3784 6339
6630 1177 10425 5808 8157 1029 8239 11431 10480 7533
6631 6284 151 6824 1604 10276
6632 5835 10901 11061 11061 5293 7299 11380 10221 4533 4379 3461 11440 4726 5811 4184 9136 10379
6633 2150 9328 4602 3367 4195 4405 2055 6923
6634 7182 11297 6233 6932 9046 11230 3653 10015 2248 10082
6635 8508 9405 583 8233 8592
6636 3987 6792 2733 63 5773
6637 5975 10886 6777 6637 90 8788 9731 7494 10658
6638 769 9398 2580 2838 4103 10629 153 1924 7825 148 7810 7208 8211 8847 8451 2103 4802 9221 7817 7017 10060 1741 11344
6639 1782 3253 9818 6067 9615 3600 1990 10379 9217 9500 11564
6640 9391 10893 7848 6767 9101 11350
6641 5701 2915 6729 7703 6576 9375 7262 7801 2236
6642 3515 9125 10937 10763 9143
6643 4834 4964 5555 7252 4073 9668 9722 9140 11128 10955 5831 10319 9844 10950
6644 9448 4227 5814 7171 11484
6645 6316 7285 11416 7876 7307 5983 8564 4055 7527 8551 8290 8847
6646 6151 6877 7650 5668 7607
6647 7663 2667 5841 2606 1878 3118 3847 2081 4737 5294 4513 6833 11046 7092 7205 8690 7097 10136 9602
6648 6149 11143 2388 448 7359 8526 3317 3322 10893 1153 9209
6649 7419 10595 6856 9720 11107 8367 10107 9666 3286
6650 456 1407 1860 1358 2761 5603 2491 3230 2821 1930 6795 3339 3648 7852
6651 4601 11440 11329 5325 6408 133 5787 7466 8544 9338 6180 8480 9967 10315 8159
6652 11284 5515 4117 10831 1399 6815 8352 7440
6653 3135 11636 165 4189 9983
6654 2357 2146 1820 4215 2402 11101 4860
6655 964 726 1003 1278 1487 11275 4524 1274 10833 534 10694 10144 230 1673 2233 2636 2392 1213 2281 634 2329 2119 773 5494 2843 1656 11510 153 10498 2603 3936 7034 7034 695 356 3534 10 3162 7273 603 10251
6656 927 3376 3724 11591 3740 9438 10001 8751 2236 10587 8494 8134 10771
6657 1665 874 1285 2157 2181 7608 7620 1133 2188 280 2502 11072 7504 6810 9426 6736 4956 7556
6658 10754 7641 3557 3996 4318 5649 8283 5847 11470 8106 5410 6776 4368 3196 11180
6659 5482 4496 2799 10843 9333 5333 8113 240 2720 10419
6660 6226 6801 11161 11375 314 516 11398 10132 1594 10616 10428
6661 1229 387 782 1406 2290 443 1467 1202 628 2149 1476 4728
6662 5252 6576 7269 11576 10189 3998 10682
6663 5388 3672 6059 6093 6215 5259 10466 2879 7637 4710 177 6826 6857 8770
6664 4991 1870 7311 472 771 3124 3249 7343 6600
6665 5349 7474 6019 9017 5648 4069 8798
6666 8890 9017 809 1429 2686 8406 5818 2596 9480 993 6536 3826 8070
6667 6723 5723 4878 5964 7508 1323 5185 4720 4893 3888 1744 3763 3923 10016 6975 4770 3651 5223 9527
6668 5474 1739 7248 3321 5403 5933 6822
6669 2513 2430 7036 2872 4117 7365 4599 3876 6376 5041 6602 9251 4572 3130 10490 6281 6028 8671 9917
6670 11 495 1087 10019 7900 2169 3041 3892 601
6671 2883 3008 5331 4900 11143 4159
6672 840 10023 11628 1339 2318 1716 6886 539 3148
6673 3987 5141 9818 2257 5119 6257 6843 5736 3024 6427 3726 3594 9769 4440 4287
6674 3167 2751 5846 8226 8978 11308 11375 10999 11207 10833 3195 7402 6071
6675 11068 6535 3066 6047 11008 8827 4699 740 7953 6497 4615 8714 5982 6757 4844 8779 8798 5403
6676 9961 9200 11193 6386 7920 8718
6677 10005 7261 3615 5392 4227 5968 6079
6678 4595 4627 4577 8734 6557 11307 7275 6206 8169 9818 409 6187 6834
6679 2965 7745 7921 8178 9128 5315 9669 11350 7717 9221 8595 9471 11017 7147
6680 6894 6034 4584 7199 10093 5506 1568 10644 9439 9228 10706
6681 9417 4941 4482 3250 9808 4310 10852 3436 5179 6643 9466 4346 1083 10813 16 7084 3866 5293 9530 11518 7676
6682 6376 8863 5726 122 8112 10595
6683 4900 5302 3670 11336 6121 5293 10687 6794 1866 6580 7650 11496
6684 5586 8813 4167 3562 4908 517 712 1670 2852 10774
6685 5700 10591 4931 8224 5790 10905 163
6686 2417 4054 3612 3291 4743 7554 5503 5751 6911 10290
6687 8829 6647 10383 11498 11292 6801
6688 9417 5862 7476 8609 5359 7408 8372 8735 9654
6689 7578 4704 6674 8096 7860
6690 4284 4582 4412 6857 9635
6691 3484 5729 8340 8561 10374
6692 11639 5217 3186 5452 10275
6693 1165 1037 1336 791 1365 10426 2230 1001 2255 2729 1250 2732 2635 2244 2249
6694 11380 6451 9718 9376 8877
6695 6842 8340 10644 692 6262 3252 9048 9668 7506 980 5545
6696 5786 6294 6262 7140 6408 5163 3072 8627 11144
6697 6791 2677 6461 5138 6094 8597 9118 6387 10104 11421 2477
6698 7465 6582 7399 3335 6364
6699 1591 2254 6668 2982 8157
6700 9460 7807 11094 11487 10107
6701 4822 8275 5577 4684 7532 8867 6444 6462 5673 5532 7075 9363 5534 6307 4316 6360 8408 7105 6214 10433 7033 6949 4162 5608 11225 7168 10337
6702 4204 8546 7098 3488 9682 6752 3901 4215 2867 8660 729 3418 4419 3692 7917 4240 2755 4298 2137 1846 3305
6703 10297 5676 2476 669 1355
6704 8411 10893 8505 8987 10063
6705 3795 3656 6604 7890 7572 9616 9422 9639 6498 11361 5033 10387
6706 2631 2551 2606 3390 3648
6707 3317 2760 5340 4027 5514 5000 7259 11159 3335 10733 8771 6929 6304 6557 8313 6530 7963 6064 5784 10773 9166 6746 9871 10729 10964 9475
6708 3442 3442 3442 1822 4167 5629 2086 3054 4790 9811 3418 4587 4898 8762 9642
6709 2016 2607 3233 3637 11135 803 2647 2951 11354 2413 5137 4204 6183 10653 4484 3360 11401 3902 3432 6319 7621 2533 9932 10160 10440
6710 9385 5984 7604 3034 11337
6711 1867 2378 2494 3089 8729 10808
6712 5776 67 7916 6261 7503 9753 6201 11450 7977 9279 11046 8876 10717 10104 9983 10788
6713 11336 10772 2395 9828 10045 8355 7770 3410 1319 1320 6655
6714 5727 10147 4753 7242 10797
6715 11398 11304 9812 3177 949
6716 3343 9402 10415 10716 9074 10975
6717 10831 8921 4456 875 742 2369 4351 4547 2291 2501 6431 6881 4543 5889 9497 3661 6822 5129 7128 6563 7251 9358 5939 11336 10055 10062 10006 9928
6718 7105 613 4693 9967 10229 6405 6882
6719 10351 1031 1257 9810 11276 905 8110 9872 9444
6720 8926 9479 7463 8175 10526 4005
6721 3868 5347 4386 5779 10565 6506 1733 8248 2455 7467
6722 3380 6608 9385 8545 3130 6086 6968 6028 6123 5086 9178 6328
6723 6138 5566 10245 10180 3895 9501
6724 9376 3309 7665 5883 6945 3782 10715 9556 11024
6725 1231 11458 7890 5174 6056 8536 2861 1127 5858 7971
6726 3784 4275 10916 9661 3941 11268 165 8287 3323 11338 4728 5589 2839 1736 10924 10764 3737 7619 3832 7626 3509 9100 5755 5556 7916 5604 8362 8243 8203 10001 10678 9295 11130 9352 8872 9122 9957 10048 9203 10596 11324 10760 10732
6727 1410 823 1263 1388 8803 2399 10634 5695 8502
6728 3200 4498 1972 2220 9195
6729 4468 1657 3948 2651 3686 1971 5695 10044 7410 9021 8045 9436 10407 9658
6730 3526 6105 3632 5578 10195 9950 9358 10006 10511 11637 9903 10829
6731 10612 740 278 5141 3532
6732 5238 10466 5977 1694 4041 8259 67 5968 5903 7192 6494 5615 4832 9050 5552 10775 5419 10794 8999 6858 4802 9259 9818 6738 10379 10334
6733 9803 902 2539 1860 7576 6430 6447 6031 5018
6734 11539 3311 11019 3140 10915 11639 7159
6735 4303 5723 2828 4128 10466 539 3307
6736 11227 5554 4132 9547 3620 5996 1736 10827 3018 3527 4804 4176 6116 4262 5730 7300 5577 11483 6909 5362 7051 11434 11363 7263 10317 9740 8668 10698 5101 3890 11501 9390 7712 8602 5486 8922 10926
6737 6958 1962 10695 6189 3334
6738 5596 5040 6047 7056 11205 5328 5204 6232 3706 5119 6731 10838 7788 8034 7284 7699 7997 10250 8809 3392 9425 5469 7582 10990 11431 8897 9821 8534
6739 2634 664 2398 9380 6699 3334 8893
6740 5366 5695 7303 4984 1651 4936 9374 7739 9489 7991 11035 8620 9936 10014
6741 8641 7041 6380 6575 8180 7674 9813 5961 4237 5748 6603 5769
6742 5627 9067 5223 6096 6093 4364 11569 9695 5954 7417
6743 4386 10916 4396 11091 6819 10587 10697
6744 7527 7184 5061 9268 11445 9529
6745 10910 551 10144 1727 1377 9646 7034 5864 7034 9397 8517 354 5079 5101 4136 8948 9060 10031 11354
6746 2856 3262 2205 8811 6427 6041 9588 1658 10659 3329 4779 2194 4553
6747 8045 7099 8018 10096 6191 5101
6748 10021 1403 7620 2441 2616 620 2425 2421 1907 2988 10630 3156 5177 8827 9989
6749 8681 3611 9894 8565 8309
6750 642 716 1227 999 361 494 1343 3025 289 9083 9687
6751 3527 4342 3990 5765 8058 10329 46 1643 8187
6752 10223 2774 1461 10875 2817 9707
6753 64 158 2668 4550 11587 7887 824 7582 3764 8334
6754 9611 3847 3373 4697 10612 11061 5329 6567 4883 9627 10683
6755 1475 1500 712 448 4908
6756 1288 9567 8188 9706 4366 10054 8825 8604 6355 976 8325 11641 9982
6757 414 1720 1009 880 1522 2797 10845 1740 11011 10426 1481 1565 1011 1134 496 2033 5987 1908 1062 1932 1666 1260 5827 1680 450 2717 3055 11011 4442 3933
6758 1148 625 10945 1772 4341 7244
6759 4472 968 8599 2168 2663 4865
6760 3602 2943 2501 8114 7410
6761 5540 4470 7453 6321 6371 4575 4869 10728 8403 7263 7342 8871 7256 9579
6762 3006 5466 11252 7453 6915 6248
6763 5021 5035 9260 1821 5432 7919 6694 6808 9234 6511 4718 624 8133 69
6764 6178 5363 1182 5664 1996 8482 10433 3786 4913 7375 7095 7779 5753 6995 5730 8456 6684 10482 8012 7730 11402 10057 10862 8885
6765 3476 2523 3670 5363 4230 219 2435 3381 6016 52 5959 3470 8630 4598 9806 7452 1921 2960
6766 5325 7735 6199 4726 6978 5752
6767 6778 6224 5375 4671 7406 9482 10512
6768 11634 7815 7489 6386 7671
6769 4491 7368 4730 5458 8430 5682 5571 1007 6344 3959 8058 5692 4045 3501 101 6959 10569 9403 6632 7973 5699 8598 8796 10104 7297 501 5099 8382 9579 10926 9725 9802 8901 7337
6770 7251 4087 3778 934 6348 9695 5692 7745 2569 6910 11383 2927 7754 7941 8320 10373 10107 8185 569 5598 9300 6882 3299
6771 4603 5473 9074 343 10374 4813 10733 11303 7198
6772 336 9509 1960 6335 529 4045 4443 767 3071 3536
6773 4917 5777 5989 7353 4755 6187 4869 5665 4666 7487 8130 4375 10342
6774 5695 3903 3435 10946 4065 10000 10040
6775 3834 4368 6639 5947 3856 4965 2491 8383 6416 503 9972 9141 9894
6776 11181 4471 9623 3599 3527 3439 5272 1887 7554 8403 718 6235 8917 10194 8463 4996 2335 9667 3032 7802 7898 10528 10595 10984 10984 7197 8749 9494 9444 10334 9170 11149 8662 9620 9432 5798 9554 10074 7877 10682
6777 7796 3338 7264 11292 8355 9089 10678
6778 4659 7092 4316 7964 10454 7801 10001 5844 10644
6779 1120 2675 11591 6935 7041 5285
6780 5774 3636 9063 3181 3647 6252 6873 6773 8658 7566 10303 7167 11348 11208 7172
6781 4640 3581 2473 5995 5186
6782 1535 4931 3540 7585 11091 6218 4354 5160 7052 6589 6757 4983 3811 7858 7679 11238 37 6784 5454 10564 9915
6783 6090 6724 7976 8695 4458
6784 11246 5670 11095 108 7940 5493
6785 783 33 1499 315 10599 10599 3865 6540 1211
6786 11401 306 4501 6947 9408 9073 8933 8507
6787 1572 1564 2094 6236 10308 9248 5829 7970 8263
6788 10372 1161 3965 4055 2169 5993 74 5833 2117 4247 9585 11007 6187 6128 2491 10486 6913 8411 10754 10033 5245 10319 8222 6872 8457 7640 11273
6789 1763 1186 1317 889 10426 1085 328 3355 5721 70 4592 11349 3236 3208 2666
6790 2939 527 27 6184 148 10060
6791 205 4072 11088 2778 4051 446 71 3476 3336 2916 887 9102 11552 9060
6792 1151 1150 802 659 1614 6168 3737 9403 11157
6793 7706 5472 8441 8882 719 8506 9124 8076 8287 9587
6794 4261 5512 3710 6443 11512 6960 8023 8362
6795 6988 7967 7969 10319 10868 9878 7959 4637 11034 11034 2807 10264
6796 3043 6147 4078 6756 6092
6797 962 4419 8416 4509 4400 4882 6250 5387 508 3485 10873 4111 2809 1252 6880 4877 6179 10791 6657 6603 7202 4482 7037 7240 5626 2884 10389 5904 7512 5809 7882 10564 7614 3195 9738 6449 9558 3382 10196
6798 10464 6154 4805 3897 7483 3548 7862 5089 11590 11140 1158 3351 11469
6799 7514 6492 6101 7135 5374 6062 9338 6089 5968 6324 6143 7173 6079
6800 3577 8929 6296 986 3632
6801 5011 871 7023 6674 8482 5200 5538 3021 4868 6939 4556 6964 7979 1942 10977 6882 10829
6802 2147 1623 4012 666 1222 3378 10767 2551
6803 2804 3181 1326 10662 6768 10801 4365 3249
6804 5656 2930 9415 10241 11118 11296 10708 9959 8855 10137
6805 3411 7104 8508 6824 3097
6806 11 816 477 7373 19 1549 2244 4939 1278 5714 10247
6807 7735 7604 6486 6797 4726 4673 7171
6808 7251 10342 11542 10067 10050
6809 3007 490 950 709 4934 1416 672 1081 907 255 900 975 1625 275 496 1713 1134 7311 1412 1552 1027 1171 7250 1031 2493 8366 1905 2918 10577 2351 2838 11101 7925 10841 1801 1391 1980 10465 2439 11284 6261 11091 9661 10879 9402 3065 5042 5250 9775 5423 6056 8972 4325 5019 5149 1281 532 8723 2919 8575 4599 9383 7390 4502 2316 7626 10764 8183 7498 2806 10383 8869 5080 5759 8913 4366 10574
6810 7409 3720 3723 10699 8340 6396 10736 3866 9301
6811 8702 3425 3817 5724 2282 4527 9164 5249 4407 7592 6810 10733 10532 8371 10129 5059 5115 4884 4855 4070 7465 2786
6812 7151 3128 8787 9740 10233 10893 11023 3791 11108 7200 9702 9987 10060 8861 11309 10201 9404 9813 1319 9505 9997 6573 10687
6813 7476 6613 9164 10744 4205
6814 6126 6331 10457 11205 10250 11428
6815 11157 3016 4705 11007 9330 3468 8077 5374 7762 10007 7671 8023 11455 3423
6816 7634 10128 5086 9277 7136
6817 7071 9517 461 9925 3942 2491 10762
6818 2107 2146 2016 3654 8929 1452
6819 3908 1219 5800 9608 4070 4194 3429
6820 10410 9402 8193 7122 7829 1241
6821 557 555 774 865 2678 6444 4837 7839 7118 8543 7847 9172
6822 694 413 1496 8860 2314 1722 654 7025 7935 5843 4244 231 6031
6823 6244 4070 3008 1057 4627 4513 3242 6257 4885 6941 3436 6647 5447 8680 7313
6824 11233 3161 11382 2571 5841 3238 11301 2373 11522 3257 4880 3719 2530 4625 7146 10946 11115 9000 3056 11638 3373 2875 4187 4028 9818 5444 5150 4476 3342 4699 2967 5369 8640 6228 3125 5173 3699 4065 8953 3689 4549 11123 4280 4149 5527 3082 942 4647 8992 3558 7481 9460 6992 11297 11297 1080 7015 1977 9915 8738
6825 10720 6346 4761 11354 6603 4131 4534 6332 8698 7066 7639 226 8740
6826 4509 6012 7851 10702 9853 10291 7981 11575 8178 7791 10610 8247 9559 11372 10869
6827 4684 3187 10270 9645 10503
6828 4903 3407 10016 5570 4287 3487 5678 6174 7880 8217 6789 743 3016 5816 3786 5637 10924 9358 8248 8403 6604 6778 6350 7465 4390 5336 7953 10562 6403 8189 10460 9840 8839 10977 9272 5795 9112 9291 8799 10798 9584 10813 11169 10882 8569 10934 10370 10730 11612 5983 3879 10507 10948 11222 11600 1001
6829 1686 1908 1218 1454 4649
6830 4115 7644 3995 449 115 6484 6183 6279 9260 1736 9687 2110 6901 8926 6852 7746 5668 9936 3890 8186 10277 11230 6753 9191 10664 10942 9340 5099 9046 9642 8168 10411 9327 10254 8729 10060 10482 10152 11053 10706 10120 5407 9984 9455 9578 10642
6831 7002 6257 6555 6427 3082 11336 3580 4941 2650 5955 1827 10718 8440 5656 9590 5317 1645 6209 6946 11338 8383 8361 8001 8851 10902 6315 10961 8549 10866 5717 10546 8833 8639 7230 10847 5776 8733 8402 7673 8998 7862 10893 4735 11336 11453 10967 10495 6289 6387 7770 5203 564 9561 2683 8087 10097 10990 9906 10529 9819 10074 8777 11603 9433 9890 11564 10239 9029
6832 4244 1005 7736 8979 4748 5605
6833 60 7225 8430 8498 9201 8987 10418 2961 11436
6834 8089 7670 7631 9686 8051 5777
6835 4830 3484 5810 543 4657 6688 11430 7462 9774
6836 2392 1622 1618 3168 4531 1389 9818 10880 7735 11548
6837 4882 10926 8262 10295 8947 5654 10254 7181 9747 11175 10264 9956 9759 9924 10354
6838 9426 3100 4868 4591 11191 2883 10187 10087 1024 10916 6307 6295 2350 5971 6370 6819 7586 8889 8891 7370
6839 11423 9063 4628 3102 852 5289 1794 8119
6840 5009 10044 5504 4253 1219 3696 3683 4217 7023 10625 6315 6971 5882 5111 8598 1756
6841 5269 1733 7949 4126 1050 9562 10815 8012 10609
6842 3197 3027 4323 4523 5119 6204
6843 5679 7453 826 5356 6015 3501 3175 6383 10569 10415 8655 8791 6098 10295 9217 10303
6844 4517 10839 3508 2373 2442 4410 3720 3723 5555 7592 6148 5348 8223 3758 8838 4660 5146 10160 9744 7956 5131 7004 7673 1907 4261 4219 4029 10160
6845 5503 4061 8072 10572 2276
6846 11400 4133 10565 8498 4375 4580 11405
6847 8340 6416 4638 67 7293 5913 3179 4005 8283 10241 9599 1765 546 404 401
6848 3187 7146 2480 10814 3901 11522 2776 3142 8689 9480 43 5557 5035
6849 2602 705 11406 11517 5513 2441 6091 3131 8623 5721 3918 3193 3569 2972 3413 5152 3364 3958 3816 8342 9623 2718 6319 4075 7621 3961 11183 2687 2965 6031 5794 9999 7882 6114 10949 5752 6561 11489 5048 9667 370 9448 10105
6850 7854 11443 9045 578 1157
6851 3680 5699 6084 8427 8427 6053 6034 5956 6125 10733 4183 7081 6329 1271 6671 5751 8242 6594 11185 11119 2025 8500 5090 5109 9278 5088 9288 396 5653 7143 10833
6852 9577 2526 3100 7457 6483 4284 7292 6349 9990
6853 3826 1399 949 9507 10689 10171
6854 4003 2599 3684 6228 3520 2381 11369 3238 9504 5527 3056 4336 4859 3565 3679 11162 11162 3841 4582 2890 3487 7798 1378 8699 6265 6562 9167
6855 183 6159 6481 9923 7936 3765 11624
6856 4245 4884 7308 10547 4834 7660 3946 4883 4635 270 10334 10334 10966 10803 10588 9955
6857 5513 10088 4383 3500 7026 7026 11173 9623 5974 4112 6254 10051 7386 6924 2665 8877 9591 9494 11406 9444 7244 9276 9301
6858 1474 322 660 2120 11018 2850 2450 4728 3219 7738 7162 5568 7645 10917
6859 4785 9017 5479 5484 2999
6860 2494 5478 3987 11430 10937 8900 9188 8703 8123 10869 6670 9300 587 10135 8548
6861 5836 1890 736 4749 8863 4874 7879 8558 3713 3649 7799 7516 7476 5739 7657 7909 7262
6862 638 1371 11298 2942 2138 10400 4765 7426 3202 3342
6863 8523 6127 7679 9627 4722 11085 11406 9476 8664 1163 7806 9877 9133 952 334 9951 11082 9432 6351 6124 9913 6677 4292 1791 10984 9129 9494 9620
6864 8430 4585 7771 8059 2662 1219 4944 6172 8466
6865 3409 2491 6217 8829 10684 10233 10937 1761 9967 11398 9483 10776 7022
6866 3238 11360 5952 5173 8370 8976 9798 10423
6867 255 1552 5481 11151 2464 1284 3193 1402 850 6084 6070
6868 7100 10106 7559 5524 3439 9737 11527 4601 7341 9719
6869 2474 3956 10929 9795 3050 11172 2849 1438 3770 1978 2978 1900 11636 2885 10242 5196 9729 4932 5230 5682 2941 3301 6520 10356 10356 2850 5196 6199 8463 9284 871 5874 4224 10879 5272 834
6870 3201 7036 3636 2542 8859 11137 3658 2652 887 3945 6760 5312 2958 10687 6680 6311 10834 7257 10334 9157 10897 10240
6871 2379 2284 768 8660 3804 2491 462 4857 3287 2231 1670 1912 10839 4642 4473 5969 8838 5305 6649 6766 7255 3859 5119 6923 7520 7755 7576 6892 8063
6872 5380 761 2456 4016 6664 10735 4532 7443
6873 3296 5779 3871 3093 6039 6201 4859 8007 4154 4740 11631 3295 7316 6443 5458 6467 5338 7169 8402 11207
6874 3420 5695 8338 2731 8275 2787 5949 3309 11547 10457 10581 3957 5951 1069 2344 10413 8652 6197
6875 620 2466 10530 2694 4215 3518 2615 7211 8929
6876 33 10352 5038 798 693 1522 11292 11098 553 9680 11011 842 1487 2375 3956 10741 9824
6877 11433 7009 23 7012 8694
6878 5134 3040 11379 10430 5491 9899 5213 5715 7342 5588 4722 11027 10107
6879 7054 4226 4434 1700 10995 1948 3495
6880 1915 2774 3291 5691 8559
6881 34 6470 2652 6478 10149
6882 8161 4571 9187 7328 4382 3332 4487 5917 5170
6883 5695 7885 5672 9132 9626 9608 10906
6884 2301 2423 7642 9700 6905 9095 7934 10609 10005
6885 419 8179 7234 3289 5188 10791 11355 8060 9730 7885 6180
6886 3006 9461 10114 973 4838 2112 1121 3156 3162 8554 10866 6145 9674 10965 10991
6887 7651 8654 3561 10243 9508
6888 6212 4652 10192 11597 4900 6099 6100 3189 11323 5871 9383 8929 5505 5862 4833 5429 884 7961 4129 4225 10233 8827 457 6717 6408 8771 8204 3391 8981 10295 11104 7014 7106 10616 9895
6889 5922 8788 6023 6447 9791 7549 8996 4326 10722 7463 6801
6890 6966 6430 6560 7191 8554 8155 9582 9137 9003 11218
6891 5860 5456 3623 3265 5925 6038 8545 4566 7326 6648 9627 8500 2701 7218 10383 7415 2720 3383
6892 10463 7863 10651 8471 3989 9116 9685 1790 10942 9956 10304
6893 6327 4988 10754 5198 6604 11438 7892 4894 7467 7505 8041 10620 7144 7303 6838 8540 10387 7408 4644 7443 5717 9050 8063 10066 8748 8002 7107 10455 7803 11375 10319 226 4117 2085 6438 9489 9093 9785 3220 4307 7143 3880 4732
6894 5148 6942 5210 4825 7486 7490 9335 8063 8537 2927 8057 11538 8466
6895 4042 1806 2174 8667 5222 2491
6896 7577 10286 8788 5646 3556
6897 5975 7507 3681 11010 3334
6898 9721 6099 289 11216 10781
6899 6559 5886 6865 1378 4844 5991 940 10044 942 6884 10415 6979 8724 10905 9330 5854 10573 4935 10762 9523 7841 9052 5469 8547 10990 4769 9425 10309 11038 9468 10963 10294 9875 8825 10059 8695 10296 10872 9595 3690 11445 3788 8783 2743 2684 10555 9012 10300 3624 10455 9914 11036
6900 2423 2913 4782 8838 4230 11547 3731 5136 4350 5134 5865 1182 8061 735 6792 6292 6781 5663 7149 2820 8172 3279 6803 3509 6916 8681 5765 4879 6299 6713 10754 3585 4810 8788 3919 5439 11263 7642 7060 7211 7478 138 11501 7084 692 9357 6527 5279 4486 8980 114 8370 8794 7462 9490
6901 7073 6732 5242 11639 7343 10916 1936
6902 5020 2629 3562 3803 4576 3266 3019 6771 4435
6903 4374 4549 9417 5509 2435 7962 3623 6794 362
6904 6219 5757 6823 6931 9419 10229 10937 11428 6529
6905 1094 1235 1410 496 1013 836 10480 3780 31 5692 2017 2990 11354 3598 4968 6520 10539 2445 11241 1987 9972 10877 5293 7098 4823 8785
6906 10085 4892 10153 7965 11049 6209 2128 10047 11372 6493
6907 2765 1580 11298 4155 8283
6908 302 1226 2491 8022 5508 6801 8106
6909 3504 1930 2003 2771 3174 3409 5570 3427 10743 7021 11332 5176 4856 6618 7173 8539 6064 10159 8040 10512 6007 9312 9062 7790 10727 10529
6910 4524 10271 10577 833 8010 3211 5920 11284 5131 4912 6253
6911 2599 8630 503 5101 5090 8832 3890 10343 5445
6912 9972 5932 9429 2089 1803 9843
6913 6593 5235 7665 6127 11131 4286 10880 6087 10611 8383 10866 4929 8309 8230 6530 4692 8045 9073 1942 11021 10528 7475 10463 8381 10415 8906 9082 8597 8239 7941 7296 8822
6914 8788 10286 10286 7264 7238 10644 10149
6915 4361 5362 8060 8054 8873 9608
6916 291 715 11541 1406 2810 988 4550 6436 2957
6917 7036 6559 3478 796 4224 5383 11117 6391 8944 8910 3128 7962 6480 5317 8484 4801 7060 3032 7921 9623 8376
6918 6140 5149 10844 8161 7453
6919 4179 3138 3609 10640 2494 4642 6212 4534 7158 10972
6920 3816 4410 2872 6370 7453 2544 4379 10036
6921 11336 8827 8004 7333 7178 5523 11038 8341 7408 10266
6922 1560 958 2069 10962 2322 5527 3706
6923 6906 112 6425 2835 5665 6570 2794 10340 6086 6231 7537 7551 8696 844 4342 9945
6924 6559 6551 4503 8051 6971 8166
6925 6788 7625 7424 4756 8091 8376 5612 2085
6926 4773 5678 10802 11320 11032
6927 696 3510 11471 8029 5315 6421 9118 5919 10060
6928 672 7373 193 4784 2740 1067 548 816 917 9842 1174 4708 3569 2499 2401 5288 2713 4677 11573 2248
6929 4677 8284 8457 8222 10795
6930 7081 8689 10569 6364 7259
6931 3205 9590 8242 9818 9818 11369 4902 5199
6932 1585 2292 7452 6285 5755 9116 9998 10991
6933 7588 9392 9092 89 10185 10247 10315 7569 9555 8861 8457 10865 11436 7471 8826 10504 10370
6934 5836 2916 6930 887 2895 10409 5969 2958
6935 4835 3682 11422 5120 6263 6021 995 7107 9697 4967 10373 9857 9980 9959
6936 7604 5112 3887 5163 8704
6937 854 7946 7942 5421 5715 7978 7685 4234 10721 10397 1694 8582 11263
6938 9830 11177 601 8722 402 8135 7517
6939 696 2338 2016 7377 3622 3533 3504 8921 3947 3889 3155 2777 6538 4709 4347 5229 10965 2227 6885
6940 10876 4026 5626 7457 4284 5946 6207 4587 6179 9345 8528 4029 9286 9291
6941 7406 11456 6858 9462 500 9137
6942 731 1795 10845 1635 1522 1587 1037 965 1998 1542 134 1729 1440 2078 1872 2525 3168 4677 1700 3914 3737 3971 10785 8784
6943 7532 4117 3544 928 11209 8433 5286 5255 2617 9136 11150 8517 5697 10670 8370 9616
6944 8433 8900 8924 9967 5100
6945 3789 1750 10916 10916 3493 2531 3711 9735 2067 1025 3056 7177 3240 4866 3486 2829 2381 10641 2832 10875 3935 875 285 6137 10042 11000 1907 11463 2125 3648 9151 9719 3823 11419 2933 6261 3616 11463 3120 4218 4739 3613 4854 98 2875 2426 11339 4065 5399 5043 3210 4606 2935 10808 7251 5013 6921 6871 4446 8230 4924 8114 6669 7933 7233 4799
6946 881 1178 300 964 963 1208 1880 1264 19 778 9065 1903 1673 10502 2318 7805 1458 7809 11242 2804 7025 2314 6842 6775 5268 5267 8976 11049
6947 5835 8926 5709 7077 8829 7012 5300
6948 390 10746 2051 10308 1796 6340 1648
6949 4714 4812 2007 4994 11500 10317
6950 10389 2137 5834 9729 3835 6179 10549 5092 5104 3011 5908 380 6482 3391 5227 8941 7355 5151 3528 3742
6951 1842 4795 3106 6650 2714 8863 676 10639 752 10087 10060 9294 9973 7209
6952 6 7 7 7 7 7 7 7 7 7 7 7
6953 11360 3336 7465 7604 15 8131 11210 3653 9467 10102 11264 11124
6954 9811 4797 9426 10241 9801
6955 9729 5431 7879 5580 7773 662 6199 4232 8842 5770 4944 8403 9640 10980 10705 8027 8029 6328 2075 4186 3396 11193
6956 5872 5467 1652 4680 5177 4645 7976 7976 4980 5811 7604 4567 7436 6651 7896 9904
6957 7525 6673 7640 6356 10189 11365 11104 10377 500 10623 7186
6958 6140 7359 2562 8342 9617 2793 2291 5294 487 2532 4325 10687 4050 1924 151 6781 10478 4407 7692 10317
6959 3487 4375 7039 7902 5274 10937 515 9102 9373 5918 10349
6960 3103 1071 11257 1160 11298 3358 11140 4450 3130 6276 5288
6961 9466 4976 3875 1643 3316 4208 10688
6962 4647 6788 5833 11194 6079 10624 10620 3764 8000 2192 5857 8249 11016
6963 9383 7707 936 3912 10620 11438 11588 4787 10866 5354 11330 7773 3975 5138 7174 10495 7962 8597 9852 10076 10060 10733 10482 11128 6947 9886 9935 8776 8602 9760 11029 10941 8923 11482 10796 10960 10960
6964 1205 1646 5244 3867 2000 3462 3559 2325 266 6017 3779 1779 7982 11444 10005 8164 4756
6965 1262 2742 1576 2145 2314 4941 5044
6966 4354 5247 522 10389 10752 4540 1833 4914
6967 7212 11143 7756 5280 6466 11068 3824 3959 10191 5403 4329 617 8403 4455 6634 5 3627 7514 11119
6968 4251 5765 10721 5950 7490 6011 11152 7810 9009 5882 2085 8999 5093 10398
6969 8083 891 793 8331 1009 965 8058 7031
6970 137 8807 137 10718 1158
6971 7429 6158 6383 10815 10815 7321
6972 3127 7465 10764 7703 10101 11190 11267
6973 6593 1177 7851 10866 150 7454 6473 7684 8933 5338 6487 1934 6557 7475 7933 7572 6145 7918 9659 8384 6298 10379 9565 8797 8679 8239 8700 8759 11460 8045 8045 11024 6498 2276 11465 8906
6974 3556 20 8678 5702 9367 6597 3631 8458 10537 10089 9189 1595
6975 5864 7452 1771 8338 11380 10831 7259
6976 5467 6009 4058 5939 11119
6977 3606 4684 5874 3221 4113 3574 4557 4067 10270 9688 9688 5188 7459 4166 8740 9431
6978 1867 360 10670 11165 10678 7923 9218
6979 2733 5649 11556 546 1155 9290 8929 9289
6980 9645 5649 7455 1712 3871 11283 9343 8191 8328 10214 10218 5018 8709 11246 8524 10184 10415 8675 648 2874 7498 7904 9336 9545 8222 10038 9138
6981 4201 5339 5011 2340 3289 7504 5588 11133 9097 10442
6982 4097 3543 3224 8800 3365 7833 10321 3470 4385 8680 8446 11373 9653
6983 3093 1399 3999 7685 1943 7525 5734 9857 10788
6984 1734 3787 7815 8277 11312
6985 748 1634 4939 11533 2577 3167 10971 4625 940 7624 8810 5230 6338 9201 5094
6986 5239 6925 7261 10857 5795 9640 2238 10571 5976 10776 9149 9246 9120 8002 10627
6987 4583 9215 2937 1956 2332
6988 5541 81 2307 8907 9567
6989 5228 4342 4940 6542 3279 3687 5540 5363 5029 5986 4755 6210 6237 10326 1629 5321 10728 8187 6596 3649 5477 4090 6818 5707 7342 8643 6395 7060 11329 10659 8539 8456 6907 5668 8613 10783 8410 1790 478 1875 844 7315 9323 9578 11053 3316 9046 9096 10522 9953
6990 5196 4650 5700 7190 4371 4865 4323 5402 2532 5482 2943 6534 7453 5524 3895 6244 3824 13 3251 4981 5375 5204 5476 8075 2491 3186 4655 6935 2544 7815 5728 5333 5419 6380 67 5342 7039 7077 5202 6465 11519 6646 7458 11408 7746 8219 8530 1993 8927 9228 10777 8885 9425
6991 740 708 9586 4117 165 11450 10752 7042 5427 6397 4615 3776 10649 7390 11374 5411 2432 11430 11131 7831 4795 8402 4000 7406 10678 7088 5706 9183 8794 7549 9177 7812 10573 10666 6325 7677 9012 10432 8958 7179
6992 7948 10325 7204 1199 5659 5377 5263 5660 7049 7619 11397 2882 4191 10060 8045 8911
6993 5779 5834 2096 8502 6470 7625 5353 8738 5100 5106 5101
6994 4398 445 9442 6542 3282 7540
6995 5899 7754 11317 9254 191 7613 10797 9669 7866 10645 10708 10729 10667 8047 5545 4701 11112 9174
6996 7609 6898 4875 7899 11161 11367 3787 10454 8018 8371 8173 9265
6997 10395 1261 765 7668 878 6667 4954 263 10308 1587 1907 537 1685 4866 2346 3675 1802 5582 548 1151 1150 2234 2942 9358 10480 10841 2486 8630 29 6844 115 5123 5146 6056 1167 4148 921 1686 10044 4038 10471 10957 6063 3865 78 2866 2307 67 930 8898 5552 7630 9315 3186 10038
6998 1327 45 2514 10144 2923 2190 2659 9703 7190 7697 6661 6307 5984 4160 8479 8155 7927 8790 8110 11240
6999 805 8487 8385 8683 6831
7000 1331 52 5701 128 3329 5922 469 5227 7994 8915 354 5071 10763
7001 7303 7093 3476 3795 4194 4741 2823 2858 7286 4984 4893 2965 4007 2897 8160 3484 7946 11591 10223 6254 10728 3544 3532 10728 8058 11028 5225 7437 7430 7342
7002 7955 3830 8561 10886 4359 3772
7003 3015 2912 2998 4025 2972 2171 4300 2836 2755 4298 4606 5766 11354 9151 1486 940 4811 9151 11029 7465 3520 11339 6962 6232 10866 6997 6642 10588 8383 4705 6145 1751 8684 9400 5941 4951 5323 9906 5452 3286 10623 11431
7004 11315 7118 7318 8505 7977 8785 9852 8247 9852 5895 8096 2683 3129 10505 10006
7005 8296 7322 11359 10952 7321 10316
7006 2480 4868 6249 10857 10439
7007 5330 11521 5238 6503 82 955 2384 3885 8877 8111 2817 5075 514 11117 8073 516 8371 9149 9789 3305 240 9490
7008 9194 889 1317 2520 10789 11305 2012 1922
7009 869 703 4231 4385 10694 1303 1815 1345 1295 4088 4926 8634 4518 8504 10815 10164
7010 2532 431 4439 9818 3725 5415 4627 1485 2830
7011 803 9870 11407 10379 9253 10991 10238
7012 11402 11227 10904 7277 4477 6683 4682 8212 9387
7013 10638 793 849 4231 9056 1439 1653 607 99 1185 608 1685 10489 4413 2013 1573 1850 1680 2605 1674 1829 61 2843 3060 9563 4045 2140 2213 1995 2317 5460 7034 9828 4648 9442 7240 2277 596 8845
7014 2265 3942 10956 8829 5695 6423 5226 10470 8784 11390 10249 11207
7015 9527 7384 6317 6360 6975 6792 5440 2891 6399 8495
7016 9381 9381 9381 9381 9381
7017 10660 8478 10837 6587 11592 8434 397 5078 5063 8221 5055 5033
7018 11158 3762 2946 8725 4131
7019 4859 278 5823 4626 7465 6123 10255
7020 10916 5220 6935 3751 8129 8176 1123 11576 6529 7566 11207 10379 7902 4799
7021 560 4148 2346 1382 10778 985 981 615 6345 2741 10034 9517 7359 3845 7552 4557
7022 3444 5417 6219 5260 6081 5392 7520 5461 11091 7671 7840 4882 6942 10866 8001 3899 9335 7860 8788 8880 11538
7023 462 2627 650 1231 10924 2003 380 10160 10619 313 11590 10518 9836 8889
7024 11629 7936 5464 4375 10667 6023 883 9407 8764 9565 8741 9676 4756 10999 5755 376 10419
7025 7290 3381 3594 3800 3903 3889 7165 11034 3653
7026 6228 11332 6307 6047 6891 5983 5462 5 4731 3549 7887 10153 2985 8269 1803 6738 7823 1006 11351 9454 9742 10227 10358 9452 7646 4769 9066 9647 8845 1593 9575 11097 5976 10203 10342 10733 9322 9538 9331
7027 3493 622 260 714 2359 1788 11098 3263 6255
7028 9527 5931 5570 10644 9804 1712 8136
7029 6428 6616 2219 6953 6585
7030 4686 6906 6353 7269 4000 8706 6162 9731 10107 10926 9574 9997 10616
7031 1880 220 1108 246 5337 618 789 808 1217 778 10811 11557 706 4643 459 2998 232 59 10916 553 1551 11364 686 941 3523 1224 260 2408 3733 873 1685 1323 2814 9564 3142 3942 1742 9735 1789 2375 8705
7032 2760 6201 5019 4941 2799 11354 3589 6913 9466 11205 6265 4455 533 9743 6312
7033 3735 2504 6369 2317 3146 3883 11397 3411 4046 5330 5835 3183 1212 5240 745 82 7663 9960 4126 3097
7034 1782 9645 6466 7370 8186
7035 7789 4126 4664 3815 3984 8314 4319 5874 3893 3494 6751 5035 6685 2193 10496 6743 5438 9049 11558 8458 8755 8726 8786 10609 10717
7036 4714 5863 6906 2561 4668 7961 10496 8181 7238 7720 10454 9112 8012 578 5884
7037 4772 10576 5387 10245 3812 6495 9002 7960
7038 1394 11251 1156 9669 11477 3391 339 7233 9317 11466
7039 3093 7511 4061 6353 10584
7040 392 5431 5288 10831 278 7691 8123
7041 10565 11336 3519 8818 3585
7042 1837 10640 8287 7500 2341 4457 11261 5689 4533 3876 7333
7043 3154 2801 3292 4212 6650 5883 6127 7189 7140 5442 2491 8223 7792 6945 5954 9530 8127 4987 6302
7044 538 337 1380 424 1982 7809 4275 10917 2196 513 11492 7160
7045 8838 6341 4471 10889 7604 2657 5051 4255 6049 8508 8233 7101 6920 1942 9021 6876 10218
7046 1966 10415 8850 10034 10538 10872 9165 10028 10870 1594 10450 11222
7047 2185 6617 293 8448 5372
7048 5208 11012 8335 3319 9214 11038
7049 2278 4498 470 3261 10823 11490 2283 2283 3630 4844 6099 9737 4304 4165 7556
7050 2313 1129 9006 5295 4880 8366 4281 11423 4476 10889 5696 10751 10410 6270 77 6122 8130 7785 7617 9108 11575 10045 9550 8475 100 46
7051 6522 3468 662 1731 7571 8438 9596 4736
7052 2755 1780 1677 87 430 4215 1563 2141 2649 5434 2494 2992 4762 2900 868 3929 2612 11397 7034 7034 5444 2666 1269 4400 4547 3087 5266 7366 2767 8508 10549 5138 8844 8535 10824
7053 10866 6995 10815 10815 7313 7361 7322 8654 10217 7321 11509
7054 2570 771 415 2810 10768 3669 3928 2916 673
7055 10389 148 2179 7230 7334 3632 8965 8106 9507 10999
7056 2646 1472 1916 3262 11305 353
7057 1472 5388 7963 6462 9363
7058 3629 11238 7737 3673 3912 10327 8960 9889 10976 11113 9569 8770 10170 8835
7059 7623 3759 4437 7280 8361 11439 4680
7060 865 3346 1147 933 890 1082 4763 10414 562 411
7061 5455 1610 9853 1813 1507 2566 1242 680 2481 5597 9611 8059 2289 4091 3655 2124 1776 8769 7899
7062 6913 5915 11025 6034 11511 2034 7406 9358 9498 3356 10593 9466 7004 7669 6464 11413
7063 3020 3024 5695 2114 5544
7064 4887 7604 8055 7576 7612 1029 11207 10923
7065 11480 650 1130 1096 1166 706 701 925 975 9891 2235 2696 8117 9417 2106 3297 16 7212 9904 7395 3121 3339 1817 10644
7066 1633 2778 2895 11297 9405 10096
7067 5865 5123 2835 6348 5247 5234 4530 5715 9845 8350 9357 2926 8410 9511 10250 8530 7315 6197 11326 8319 4130
7068 10565 5162 8926 5744 9754
7069 5766 5431 10676 7509 1394 4339 3373 7406 8642
7070 5771 3786 5924 6876 10379 10379 9541
7071 1580 1286 9680 7657 1742 1255 2144 2627 355 2269 11486 3224 2654 3418 2141 10894 152
7072 2330 8177 7834 11303 11509 9353 6482 9739 11112 11404 5007 10062 5976 9485 10319 9770 9491 1593
7073 8813 3667 903 3421 4156 10995 8962 8624
7074 7514 172 7375 4882 7783 5885 6122 10738 8545 3906 9139 10052 605
7075 2705 2501 4163 3860 2036 5130 2881 587
7076 10893 7685 8770 7569 10815 9460
7077 2480 3484 7021 4890 7031 6533 8921 3557 7978 2884 6599 8340 8200 8040 6711 8733 7513 314 9998 585 10574
7078 1961 1003 10599 10598 10715
7079 4497 4779 2675 5286 6376 4903 7251 5879 2817 5189 7709 4459 3841 7799 1731 6643 2666 6525 10429 191 5447 3916 7125 2308 5426 5822 4021 6617 4950 6964 10653 7275 10738 8452 7991 11356 10810 9670 10104 6677 10504 10473 11372 11462 9792 9839 6118 9097 10119 4777 10730 379 7266 8766 10931
7080 9933 3641 9925 634 11101 10298 1320
7081 7016 8999 7284 5342 8912 6007 7549 8321 8879
7082 7313 8355 8654 10443 3738
7083 6681 7100 9201 10708 9243
7084 6285 7119 8075 5424 7410 4421 8197 5050 4041 6249 11159 8554 8029 10286 10404 7089 11288 7754 9322 11256
7085 2616 3989 11079 3047 2112 2330 1024 3205 1967 7735 11463 2596 1321 4052 5504 3160 5766 6252 6069 4482 4941 2691 10889 6121 4892 5044 10390 5825 7562 7294 8388 8999 9074 8468 9269 8171
7086 3470 4715 9568 8838 4577 834 11433 10089
7087 3255 8590 5218 616 4825 8347 4826 6821 9372
7088 5424 11624 10346 10107 10675
7089 10411 6076 10030 10497 6314 10394 10290 5853 10884 11248 6071 6614 10642 10989 5850 10055 10717 10717
7090 1059 1396 1578 2074 1049
7091 6032 3680 4395 234 6943 10065 10609 6383 10330
7092 9634 2315 2219 4641 1034 1241 9402 8631 8120 7333 10982 5875 7978 3232 9252 9866 9505 536 910 8676 5785 6964 10877 9923 3975 10110 7295 8404 10854 9404 11595
7093 2494 2956 4230 5678 5140 736 10575 6471 7779 7726 8185 3611
7094 2578 5510 5265 2823 11225 2179
7095 5593 893 621 10107 259 2993 506 8807 9933 5494 2567 2711 6132 589 1845 1830 4306 4695 495 7723 2747 6142 429 4528 2843 1126 5185 5148 8418 8762 1325 3964 3098 7208 7383 10137 8592 11017 9141
7096 4657 7858 7629 6499 8245 7788 7897 8628 8168 6076 10529 1142
7097 3002 5780 11165 10736 9428
7098 271 1098 1689 7381 287 6306 7370
7099 7034 9534 11479 4284 3703 7436 1267 4034
7100 5733 2739 3181 9547 7286 7578 10485 8501 3884 6152 2443
7101 4941 3289 3966 11634 7571
7102 10916 7036 4027 7312 4523 3704 7909 8283 1029 388 9116 7181
7103 2467 4547 7268 9874 9192
7104 6659 8849 11015 8057 8563 10098 10649 10100
7105 5501 5970 5379 7641 370 7758 6133 9513 11432
7106 7740 2816 3031 2067 2989 1659 1609 10641 2892 1307 2090 7771 2621 2093 2363 2829 4691 2519 2959 3982 7457 10391 4648 752 4597 3511 4063 185 3359 6590 9480 5258 8994 8295
7107 2876 2606 1331 2967 165 2225 3725 3429
7108 3506 10415 11445 9165 10349 10649
7109 3881 3422 2494 2286 2067 3935 3936 650 3674 2336 2748 2173 960 1780 4733 3497 2850 3488 2411 1930 17 2486 2740 2434 2631 2551 2588 3638 3302 846 6212 5344 10842 2491 5603 2538 10894 7740 3504 11327 1125 831 3250 4576 4215 1933 3235 3306 11454 5123 6439 5891 6209 7452 8150 120 4056 9646 11608 6101 3953 2904 3538 5768 10831 10831 10831 3718 2671 3470 5703 11003 4473 5276 9495 6063 10881 4899 6057 2558 6059 2053 5388 2151 9991 7844 3506 9722 8524 3781 9349 8368 10233 8465 5808
7110 9056 2147 486 104 10599 5466 9551 2245 1496 158 10860 4297
7111 6580 7961 6199 6162 8312 5803 11336 11607 10047 11359 9957 9041 7603 7371 9331
7112 5553 3446 40 2105 8992 6553 3447 6392 8508 4425 9645 10924 7990 4457 10332 8883 10295 10793
7113 374 6345 1687 1372 1291 1285 21
7114 7123 4532 7601 6974 10160
7115 3923 3020 6519 7496 10754 8091 3604 10719
7116 3510 3281 6909 4126 5259 5533 5475 5928 5507 7884 9562 663 5218 11363 7049 2229 6902 8312 11351 2103 8715 11047 8553 8755 10164 8819 9260 6691 10164 1669 10942 10942 9025 9103 8983 5005 10107 10985 1981 5445 7147 9640
7117 5768 5990 1714 9358 5939 6418 9729 10044 4877 8436 4635 9338 10314 7239 10415 7021 10415 8968 9684
7118 4690 6639 10463 10149 8211 9545 3920 10536 10116
7119 6341 6361 1083 6978 6167 6892 3558 2790 9027
7120 9480 6035 2500 7858 10609 10880
7121 1118 7406 2417 2055 2166 3698 4103 10600 3320 3586 1057 3960 7254 9999 4433 3303 5462 10718 367 3128 8190 8540 7676 8959 11246 9499 360 10761 8540 8530 11086 9813 11428 9220 9223 5543 9314 380 5628 9990 9820 11073 11040 3998 8879
7122 6674 10880 8641 4133 7561 8316 3299
7123 1161 259 2778 4468 11206 11550 9008 5461 9824 9685 5547
7124 4529 4151 10047 7171 9722 8287
7125 873 2827 4007 5172 5171 4563
7126 9811 2920 7370 5646 4081 105 10808 3528
7127 11077 8633 8092 1158 10451 10534 9232
7128 966 8863 703 1059 2442 4735 4025 11093 4893 6376 6600 7454 7754 11046 8876 9919 4277 10333 8437 8710
7129 7194 6938 10134 8269 11047 8579 1006 8126 8892 9742 6529 9741 7646 8458 8461 4956 7934 8460 9250 8816 10228
7130 9863 5190 8603 6462 6106 10035 11239 6222 2091 6973 1177 5785 9540 6404 10866 8889 11624 11304 8468 8349 7362 10616 11210 8000
7131 5921 7284 4888 8357 7138 5333 4611 11008
7132 1148 2676 1763 1870 8010 3684 10106 3473
7133 1046 641 1795 6448 2798 2540 1463 9814 4610 1198 9277
7134 10389 6721 10237 7069 11308 11603 10991 10991
7135 8798 4629 5694 11336 2052 4146 2943 908 3109 10886 6917 5219 2841 9429 7003 403 7793 8252 9855 10346 8011 7616 7362 536 4483 11210 10538 10161
7136 2478 3447 7450 3034 11334 11436
7137 3094 6512 10321 2051 6156 6212 2792 5331 356 3162 1984 6722 7508 5733 5922 5196 2870 7205 6928 7273 6942 4942 4532 10985 9789 11407 9767 7242 8968 10897
7138 8842 8683 2229 6448 9475 8766 9522 10697 11170
7139 10879 838 1110 10224 9461 3315 10879 10879 3009 492 8205 8205 1966 3776 7612 7785 4292 10984 11083 6632 7244 10666 9788 10742
7140 7604 2934 4674 7081 8427 8427 10844 6742 4659 5564 6612 10821 6942 8348 9383 9998
7141 7585 6151 10623 6473 11267 10277 8089 7853 11543 9722 4735 6750 8365 9523 8076 9785 6989 7233
7142 10841 483 2857 3781 1661 3071 2979 10 5807 3952 7175 9108 7916 8956 7099 8309 7827 10666 11472 9396 9822 11326 8776
7143 11611 5533 4190 9608 3632 7404 11196 10332 9804
7144 6107 2219 4916 9791 8698 1370 10389 10831 8641 5780 4698
7145 456 8798 3504 832 4026 5233 3725 3446 10191 5340 3503 3342 2455 940 10838 886
7146 3902 2596 8972 3764 5113
7147 216 2109 3370 8058 6635 1069 2473 4869 8187
7148 11307 4215 2067 9735 2748 2111 1563 4857 4868 6261 2486 9416
7149 4485 11334 10521 11451 8927 11370 9320 8364 11208
7150 10895 8641 9130 10332 10980
7151 8827 9670 10082 10079 11244
7152 1885 4159 10128 6748 7793 9332 1947 4948 7362 7719 9702 3653
7153 2193 4480 6511 8269 9357 7487 7962 7458 7746 6858 7572 10780 6355 4342 8410 5165 9652 9204 8270
7154 9568 7489 10503 777 3786 7251 9190 647 6552 6648
7155 11097 5859 10163 3037 10940 10175 10206
7156 660 5309 1477 622 611 8801 11466 1230 2908 221 3972 5745 2492 8022 5825
7157 4518 1734 10430 3447 3303 6018 7385 6729 6115 425 6146 8008 7241 6747 9840 7914 8488 8788 1642 9494 9342 478 11406 10387 1756 7021 5298 8768 100 9453 1545 9316
7158 21 767 3158 4893 3313 1486 4910 10733 7811 5654
7159 2549 2081 4091 3666 7212 4143 4204 3121 3170
7160 4704 5334 6540 5695 7738 8838 6041 10644 9127
7161 10924 10925 8915 10342 4732 11034 11505 9762 11244 11163 10572
7162 2533 1093 4941 3332 4114
7163 5916 6934 6446 2970 4529 3957 151 8787 5292 8847
7164 11403 4847 11047 7636 3631
7165 1405 1115 1364 280 10412 1813 1452 2949 3135 2586 2797 2663 5166 7212 9306
7166 4370 2960 6534 6561 5846 4640 370 10711 5658 2947 7892 9375 10808 9596 9615 9801 10008
7167 5463 3587 10216 8771 10710
7168 7116 11481 9424 5968 107 6184
7169 1700 7604 11227 3960 11354 6346 5257 2727 5558 5000 11157 3852 10478 7978 3866 4696 7171 6969 6587 5421 1942 8631 2860 4590 9413 8321 9266 9702 11545 10140 8968 7425 4561 9524
7170 2590 737 10739 3888 8338 5153 4168 6297 4471
7171 10916 8052 1891 1889 3010
7172 5928 11008 6104 3968 7260 8892 11207 9471 5585
7173 6035 4202 3852 7491 8321 10379 10289 8311
7174 7099 6087 7584 10866 6102 11038 8952 6030 5919 5747 10195 10107 9023 10793 10788 310 8401 8776
7175 802 1676 8860 2531 3292 3821 3114
7176 4557 3040 6011 3600 2926 8994 11312 5081 8534 10107 8923 9096 8173 9953
7177 5654 9658 9946 10574 7903 5653
7178 2960 5891 4370 3861 7095 6110 7305 5262 8705 9284 9290 5060 8540 3316 5216 9912 7563 5327 10997
7179 4601 8292 6307 6009 4929 6801 6011 7486 1684 11315 86 9380 8847
7180 8787 6315 6465 7015 11518 9035 546 8882 8372 9801 8729 3383 10428 10572 11324
7181 7663 9803 8660 2466 2203 2437 2706 11233 1980 4498 2057 4484 2221 4616 2064 1321 3340 4628 7075 5130 736
7182 6941 6073 887 6600 10996
7183 5922 7625 1399 10743 6174 6431 6098 89 10334 11041 8764
7184 3979 4399 3683 3898 1069 4685 8058 6675 5797
7185 5659 5240 1438 4392 10718 5475 5574 10718 4460 1369 3280 4438 3330 6870 4518 358 4399 3123 4191 6469 2767 3494 1050 7051 6323 7799 5928 5002 9200 10718 10496 7596 7577 6754 4607 4507 6685 4813 5385 6743 3597 3545 3885 5355 7049 820 5004 7472 8491 7934 2238 8423 10609 9519
7186 336 642 1287 5560 9205 8546 3475 11214 2803 1748 3365 4851 10026 8314 10368 5737 2690 6902 7131 8181 9744 11505 7927 5245 10857 3890 6624 5431
7187 6549 6719 7081 8144 191 710 6107 1334 10551 6133 4205 2874 10923
7188 1147 978 10489 1967 4616 859 5725 2406 3447
7189 1539 2330 2606 8538 8363
7190 4119 9194 1348 815 1038 741 4305 967 1687 1023 1009 8331 1175 9369 1904 1172 1254 7037 894 898 1060 1719 1493 1849 7657 11011 1710 3233 2182 1813 3482 3170 776 492 3451 4873 9480 9156 4778 5557 9480 9480 8771 4684 3580 1784 9480 1161 2883 8415 10936 3264 5813 8367 8770 11303 10060 10437 976 9753 10959
7191 5661 6316 6178 11374 9961 5035 6439 172 3871 6544 8683 7632 4622 10866 7443 8675
7192 7409 3704 7716 8293 8769 9074 9539
7193 6974 10736 3126 10715 10990 546 10047 9224
7194 2158 10541 7687 5293 11344 8909 7048 7086
7195 4495 9064 5195 7084 8827 8306
7196 2034 8408 7403 6234 3132
7197 978 1244 2853 1574 3739 4199 5848 4423 7225 85 3422
7198 8078 8127 7208 9742 9741 8713 10451 10988
7199 7604 7202 6947 10733 7618 11329 7684 8312 5672 1794 11471 7588 11161 7228 8335 10486 7264 11308 10532 10045 10549 8387 9126 6194 8562 9482 4735 10327 8601 5943 9035 9493 8363 9163 9579 9483 7271 9812 4956 7425 976 10708 976 9219 10555 10966 3998 7713 7017 8324 7903 9935 10366
7200 32 9804 9987 9617 9736 8469
7201 4379 1431 6412 309 502 1833
7202 756 260 6261 2941 7792 8100 4604 9089
7203 6906 1608 5036 7667 10383 7082 5874
7204 2473 3279 10565 7247 5279 3946 8966 10595 397
7205 6082 409 6465 5913 9462 8876 11094
7206 160 5667 996 3297 2388 5205 2438 5788
7207 234 952 211 5103 210
7208 7033 7246 6548 8191 4958 7142 5066 6294 9886
7209 4002 5375 4846 6386 9139 9666 11564 7143 3220 296 11244 7903 1854 11147 8789 10405 8990 9603 11462 9654
7210 1358 6630 11215 1563 1677 2403 11110 5995 3521 3340 4492
7211 4992 2877 4096 5182 3591 3796 6582 11492 7160 7312 7842 2277 2934 6754 3330 4716 3219 7490 5656 6333 4712 11410 6524 10374 6468 10920 7824 5800 6594 6954 7655 11193 10890 7745 6206 11157 7945 11479 7268 7807 7228 6940 6615 8397 6888 9565 8741 3093 8261 5858 10130 8703 9016 9250 7242 8659 11545 10107
7212 4662 3823 4739 1413 3487 4579 9975 9975 8849 8935 169 10067 9176
7213 7948 10155 5029 3522 5707 6909 8077 7263 6849 6849 7746 8579 9579 8819 8464 9141 9324 2238 6932 9323 5798 9070 6424 9046 6260 8782 9747 10597 9610 7808 11053 3316 9927 223 1630 7017 9994 10756 10254 10386 10861 10652 3523 10405 8831 3523 10174 10642 10646 10527 9629 10737 7749 10447 10491 1854 10648 9572
7214 7482 9986 11292 11292 9791 8628 11288 8758 3818 11159 976 8700 11509
7215 7248 3706 7359 10503 8500 7751 9186 5668 10678
7216 3834 8479 5606 6183 10696 11350 7801 5115 8636 10761 9228 8363 10590
7217 11502 2884 9718 9975 7015 7468
7218 3078 1166 1096 1130 5900 665 491 972 1452 6887 2402 267 3302 2486 2426 1444 3147 2861 5514 3071 11301 4171 10111
7219 3322 1617 4245 6514 8844 9178
7220 5838 10016 11587 1734 6674 2646 10743 5768 6739 8921 5643 3314 8361 7283 7670 51 5819 7540 7568 4407 6890 1624 8139 10415 4377 8894 10277 10727 7790 11118 8897 984 8375 8569 262 11372 8837 9213 9012
7221 4909 7783 2930 11315 8148 8164 11405 11094
7222 11068 10711 6791 824 8436 7763 5787 7283 11563 10216 8628 8611 8465
7223 115 2172 6129 6137 4850 3733 4773 7259 7395 7371
7224 6883 7157 7670 4803 7301 9391 8784 9167 9411 11190 10002 8098
7225 9695 5536 10808 7685 8675 9159 8884
7226 7735 2922 11638 2731 4776 2885 10382 9886 10549
7227 7277 5258 10344 7105 5704 8055 8383 3130 5439 4781 4983 6586 3104 9510 5107 8045 4363 8045 8045 10833 7593 9815
7228 1248 1537 3442 1185 10833 489 1649 1743 2587 22 2389 2141 7034 9417 7034 2845 11354 7389 4981 3102 1794 4883 9357 11246 10561 354 4490 5056 10584 8437 7556 8884
7229 10844 8095 6082 1240 9186
7230 1668 1749 3015 382 2828 188 4095 1569 2240 4188 533 8309 6966 6709 8636 9998 10169 9842 11097 4732
7231 2715 1105 650 408 3763 3719 3823
7232 11021 5776 8605 7572 11014 4757 10182 5942 5298 10584 8417 11082 11040 10988
7233 1902 2802 1785 2143 2338 633 5277 7698 6630 2649 4708 3711 1135 4179 1799 11305 2282 3250 3634 2976 1738 7657 4075 2798 1737 5305 5497 7173 10881 4831 5394 3450 948 5137 10831 4039 4038 5288 8346 4177 5428 4578 2447 9013 4399 2847 5824 4893 850 11220 10946 5150 6459 4868 7665 6269 9567 9983
7234 6658 4539 8765 5546 3818 7843 8864 9074
7235 1024 6422 7201 4256 8440 10503 9338 10989 10568
7236 10248 5232 5602 3330 9530 4437 7325 9181 10796 6749 4366 8741 11624 8779
7237 3119 2096 3581 3053 4470 10659 4528 2350 4824
7238 1503 1492 640 293 3061 9865
7239 7522 6346 6261 4868 5666 5692
7240 5124 10855 6845 11512 10769 5878 3593 4953 7123 7842 5787 9311 9372 7239 6598 7077 6893 243 7088
7241 5289 10320 2179 4320 362 2884 10340 11029 8680 9391 3104 6931 11140 8057 9419 4445 8979 11159
7242 2737 2821 5034 4608 2731 4760 4809 7284 9975 7607 5782 3760
7243 1734 10199 7507 3571 3585 5648 6224 735 5053 5287 7067 9190 8143 1124
7244 3095 2412 11382 2638 4940 11531 10275 4327 8366 508 5618 5877 7015 6328 11444 11270 8528 7829
7245 2299 5185 4016 3109 5741 11565 8035 9608 9379 11108 4946 8760 10319 10473
7246 10911 2345 3105 70 2867 1772 2950 2274 4453 6178 4357 7343 10788 10554 3585 10972 1741
7247 1223 6335 10694 2268 1689 9721 6099
7248 3658 11159 9688 1555 8519
7249 2753 10533 10799 6210 6604 7359 6691
7250 1412 6697 5454 7810 5767 8827 5421
7251 11634 1946 7287 7756 1817 4938
7252 3577 5215 3531 4226 8287 3381 9458 11354 10541 5170 9394 11288 5552 5611 4369 10961 3384 8788 6459 7370 4892 9164 11292 8383 934 4627 11446 9744 1505 9674 2893 9230
7253 4958 6678 6765 11583 6831 10854 7998 9048 7314 9617 11204 7989 9559 8364
7254 5723 6522 2071 4050 10873 7655 9011 10446 9791
7255 44 853 2514 10581 1578 1049 216 4483
7256 6393 172 6431 10721 7962 4868 3971 10090 7745 4611 7744 7752 3663 1761 3539 8410 1757 9237 5943 11477 8900 9697 8885 10680
7257 6230 2848 7081 5035 4940 3494 10476 11526 8314 11251
7258 10200 2123 34 5036 457
7259 3515 3787 7601 9426 9556 9528 9789 11204 8852 8658 7997 1155
7260 1821 5432 4321 7131 6075 7409 9073 4266 9160 7609 3130 5714 4781 6749
7261 2119 1377 8567 1199 11137 2619 11388 4386 1063 6610 3919
7262 795 1087 10916 3308 1991 10914 4275 5448 10915 3003 10916 10702 10918 10916 3865 2277 2203 9456 7524 10402 10824 9619
7263 3240 2829 3236 3397 10831 382 3116 6580 4352 11463 3953 3589 5446 2810 392 780 3712 7281 3000 10902 381
7264 7251 4915 4721 532 6249 546 1521 10379 2316
7265 6022 11538 10875 5956 5681 10016 11205 62 4154 6046 3088 5049 5883 5805 6846 6019 10134 10044 4636 5982 6531 4584 8714 4882 8383 10866 5709 4718 1324 8089 7066 6827 7102 11038 5948 11131 4705 8442 8313 5913 6748 9164 9478 8181 7475 5519 2808 146 9944 8899 5520 5609 6893 10060 9738 10142 6877
7266 11189 4406 5444 11565 4318
7267 2124 2545 8811 4608 8365 9798
7268 8062 7657 809 8109 2262 2832 4387 4622 162
7269 7696 6182 3015 11095 2884 6373 6081 5676 7053 6077 5048 4173 7978 6558 10611 3072 6544 10866 6560 6331 11197 8639 7011 4843 7601 9187 7918 5913 7475 6126 7260 9744 8912 8246 8601 11272 7471 8914 5351 11581 10976 7374 11545 10897 10125 9738 8946 10776 6449 3690 11112
7270 8408 6760 10623 8139 9722
7271 7521 1527 4942 6978 9534 6600 7879 8698 4660 10153 9986
7272 8277 7617 5206 7743 7463 9599 6597 11343
7273 8930 6068 7560 513 2584 7685 235 10077 7422 1751 226 7846
7274 7248 7709 829 5511 4276
7275 9681 3711 1686 1294 1565 135 7995 2122 1707 2831 3117 2708 811 109 3935 2761 2203 3491 3492 4049 2491 10819 295 1347 6369 9205 4026 7576 4046 4449 7394 8305 6212 3747 3231 3908 4161 3677 9818 6226 3509 7896 7458 11519 11213 9818 5022 7136 9321 5382 1765 9831 11509 9094 8059
7276 11328 4191 2701 8870 11034
7277 682 863 11277 1235 10400 9842 9266
7278 998 731 10728 5282 818 614 11098 323 805 3092 842 1531 44 1901 3401 1758 1410 8881 11151 1541 813 11435 544 11151 10581 2550 10739 249 3054 4347 9563 7722 2556 1764 2015 2973 98 3437 5244 1875 8806 10243
7279 6565 5214 11221 11632 9753 9159 9041
7280 999 909 10903 9891 2212 226 226 2546 7805 8117 147 10271 4762 4053 353 4547 6341 4447 7048 11621
7281 4749 9941 5003 2169 10299 2727 6064
7282 5860 8504 8452 3216 8419 7791
7283 1151 3346 1147 555 8406 1094 494 925 3921 1031 238 9313 11195 1389 2279 2291 7679 10404 8573 9301 8212
7284 2186 2283 2963 5233 9644 5171 4436 115 9458 7410
7285 2364 1011 9856 9961 2644 367 7829
7286 5595 10462 10796 9032 162 6359 10293 4489 3653
7287 4776 5877 7259 6719 8924
7288 1618 1273 5244 544 466 3963 3771
7289 2042 2984 4599 1538 3568 11152 6026 7567 7807 6576 11157 7333 6193 6231 7383 6787 4002 8042 7393 9391 10446 10286 11161 8286 9014 478 1768 9179 8793 6632 8410 9652 7614 8767 1790 9362 5072 10810 1875 5074 8057 9837 11108 5078 9075 4342 10315 5647 10201 844 6932 7850 5798 9046 5111 11472 8982 10074 3653 9861 591 10432 9043 10666
7290 2081 3669 6429 9456 11509 10829
7291 4371 9458 9260 107 6089 4813 3919 5392 5982 4377 7929 8321 10379 11626 9025 9153 7479 5005 8692 10164 8878 7598 11359 9039 10137 10381 76
7292 1969 923 3025 10024 3081 6306 103 10629 4464 4405 2597 7025 2388 4439 8484 7755 7486 7180 2812 8111
7293 157 4262 7427 4191 4824
7294 3298 4557 1007 5516 5699 6226 10478 8545 4726
7295 5796 4426 4678 7406 5464 2491 2835 5748 6896 11021 3750 11471 6936 9330 8912 7462 7986
7296 10503 7588 170 7887 5338 2712 9009 10595 6487 7470 67 8564 8051 6730 7564 5804 7609 6322 10678 8146 8659 10096 11267 6782 9134 5068 8110 11453 5111 1162
7297 1052 1623 1591 8599 8415 10626 2892 2295 5470 5922 7313 11350
7298 4841 4191 7453 1170 8155 6745
7299 5629 4239 1806 2335 7384 6092 8788 9164 11246 3561
7300 5949 7130 5899 4090 7779 2644 4985 3640 6143 2799 3314 5571 7785 8115 6570 9330 10093 3653 10151
7301 3419 3484 7251 826 447 6439 2137 8022
7302 3078 756 9681 1346 434 1573 996 1009 8546 9145 2539 1121 4873 8194
7303 3702 9800 10399 2486 2928 3803 4104 10543 4187 10901 2186 5611 2398
7304 4542 3137 3243 9442 2480 6631 7726 9019 9963 11499 9225 9174 9964 9608 9937
7305 2778 11598 7576 4566 129 7393 8549 10280 10985
7306 1557 1411 1390 8719 958 892 572 8331 1009 9109 1380 686 10933 1998 1695 1341 1763 1692 1220 286 9495 646 874 1525 10286 9461 573 1353 466 1362 2346 961 11463 2150 1507 4413 7021 799 2401 2053 1640 842 2981 1786 1433 4385 2711 1218 1315 1039 1510 135 3092 1662 7608 1762 1888 1254 7037 1511 1732 1727 2197 1721 257 2865 1869 1581 2182 5893 812 2567 649 9517 483 2111 10435 1838 9941 2441 11101 1242 10713 2630 1393 10560 3306 2998 11301 2015 1484 11072 59 1905 2385 11301 9402 957 3412 6817 1927 3445 2246 11093 2188 1602 2741 3188 3789 2568 2283 2721 3684 2483 2717 5310 3199 382 6965 5338 4663 2491 2486 1216 8667 3168 6189 3047 3302 1860 2714 440 10819 2703 3472 4662 10935 7177 3719 377 2112 4036 667 2713 3369 7554 10524 4921 3638 11093 4863 3729 11220 10887 5763 5866 176 7138 356 3781 7303 7756 5241 3613 4339 3087 4794 2113 6816 6816 1826 5330 75 3448 8346 4596 5343 5557 9480 850 6019 2875 6055 2718 6641 4509 5874 4436 9660 4770 1305 5273 6075 5664 10714 2687 2965 11422 6796 10547 1075 8338 11209 4882 5594 4173 5889 5308 3190 8642 8681 8681 5534 2968 3264 5786 4915 10827 2980 6643 1865 6816 2738 8725 4816 3640 10276 7965 5200 5949 5907 5811 7023 8642 2733 3812 5710 4514 6515 9941 4429 10730 7660 7047 6270 6781 5279 11079 6115 7855 7655 9410 11119 4829 5452 8381 5565 8956 8672 234 7692 8015 7914 7492 9002 7754 4665 9655 11389 9523 5095 515 501 9118 9003 8974 8868 10009 9973 8587 9468 10874 9825 10474 6799 4034
7307 1689 2268 2044 5864 9721 6574 6652 11216 11619
7308 555 636 3514 1099 1289 2128 5261 10905 7989 2648
7309 3095 4091 446 71 5894 5324 10754
7310 9830 8495 8322 9506 11094 9662 4474
7311 710 5113 10595 8531 2773
7312 8408 7016 7840 7816 8299 8303 11445 8223 6899 8851 8539 9421 10905 9657 11453 9062 9005 10990 8656 8332 10663
7313 5554 7516 6315 6840 7708 7030 11624 10663 6607 2683 7894 10749 5593 9053 10755 10289 10145
7314 3058 5250 1971 6568 6056 2713 6296 9021 4915 7692 6346 3433 5364 9140 9176 10529 6805
7315 9811 887 5439 4210 5559 4766 2335 10624 6349 1790 240 10763 4301 9475
7316 4834 5656 10735 6524 7842 5401
7317 4694 6103 2365 4776 4537 7701 2195 11593 10564
7318 2395 6149 3169 10268 5912 3284 7660 6579 5880 647 5452 6921 10611 3216 8761 6141 10563 7749
7319 5651 6505 4076 662 305 7763 7064 3782 11126 3539 7803 453 9542
7320 4919 10543 3977 3636 4792 10900 10805 170 9284 6753 9299 3674
7321 2468 3543 3537 4261 6166 2231
7322 6391 6174 2670 3786 7990 8430 7703 5535 6180 8956 8350 11559 10678 8356 10309 899 8834 7391 10491 5853
7323 9205 11145 9099 2460 5586 4851 9841 7522 4124 3650 854 4607 6566 4640 4753 8769 7781
7324 7880 3527 4674 5699 4819 3656 3640 5951 6263 4575 5926 7213 6193 9128 10602 7017 8831 10514
7325 7063 7761 9583 6877 9349 9271 8721
7326 11198 7463 8435 8758 2482
7327 7604 4118 5112 10764 10242 5815 5112 2716
7328 40 4427 9417 9828 9441 9588 4586 10340 11511 7539 3269 37 9448 7466 8430 8607 10834 8788 6691 9407 9521 8611 2404 3880 10085 10179 55 9127 10002 7324 10776 9157
7329 854 469 4933 7011 8706 11050 11050 3028 9327 9987 9463 4107 10892 9172
7330 1188 1130 3083 563 7034 1048 11369
7331 4271 5161 5120 6794 4975 7384 7055 7247 129 9289
7332 3263 353 2468 11455 2588 2016 4868 4868 6389 6261 4469 5427 912 3566 9371 7251 5910 5275 5973 6204 6773 9583 6455
7333 3095 158 2599 3283 64 2598 159 244 6735
7334 2458 151 9754 3561 9217 9817
7335 1628 4392 3420 3672 1984 4728 3562 2728 2421 7735 4480 4565 115 2820 10 4257 613 6819
7336 10916 2265 3977 2388 5366 8812 4738 1323 2918 4806 4710 8206 4117 3501
7337 8655 8554 5731 525 8155 6974 10060 8960 8834 7782 5351 9955 8885 9658 8789 9603
7338 8771 8389 9812 8939 8135 9773 648 8240 11219
7339 5232 9886 3187 5724 3730 6816 9941 6414 7596 11271 6827 402 5096 9295 5469 9818 10990 7598 3108 8792 10065 9964 9209 10954 10441
7340 5824 9480 4113 8338 5223
7341 904 929 10198 3798 566 906 1165 967 1036 567 10224 1146 2744 11185 5250 11448 10944
7342 1195 1383 7508 4000 3390 4255 4470 5718 9581 3840 4070 4067 8338 5933 928 4700 5345 4858 4684 5549
7343 2582 6393 5500 5427 8180 5587 6120 11140
7344 5340 7109 10005 7637 7481 67
7345 9527 6045 10093 8870 9971
7346 10257 4368 1199 4152 52 5377 5269 8955 7970 4490 4490
7347 2007 7128 6879 5914 5546 8683 8495
7348 1720 467 1725 2014 2676 8720 2033 6410 4142 7403 3889
7349 3656 4013 11574 7068 11632 11607 8476 369 9386 8701
7350 5947 11056 7067 6796 10532 10830 8919 7473 7992
7351 1539 1291 1145 690 650 799 1720 1067 1583 1570 415 9671 8546 1847 3711 2996 2143 10577 10271 504 9860 3877 1615 10313 11301 3043 827 3642 10556 9860 4857 1144 7029 3198 2154 10018 2218 454 2391 7741 3500 7830 7830 2112 1919 3185 3628 2387 1876 4735 11101 2304 2305 2896 4243 8813 1809 1103 3966 2010 812 10601 2436 2146 2602 10740 2973 11435 2015 4084 722 10767 3755 2520 2481 4045 9735 1339 957 1927 8811 8811 226 10604 483 8812 8812 2944 4764 5006 1448 2639 3069 2483 9504 2434 9818 5695 6212 7879 6050 1310 3027 1213 4181 9809 10037 7696 9527 9494 10141 7047 10768 4215 2314 6630 10626 9936 497
7352 11004 11179 11313 9114 8280 11452
7353 7300 5634 854 3280 5262 3835 7449 6877 8269 8081 3319 7006 5004 1026 7985 6688 8966 7811 5138 8243 8692 8492 7014 10358 9888 8395 8253 10451 10451 9484 7573 9471
7354 5882 8335 11283 7853 7107 10393
7355 6126 4081 1007 7007 8081 4130 8017 8014 11434
7356 6192 6645 2787 10653 10581 5363 4523 3904 4217 10653 5189 6420 5509 127 8112 9882 7166 2491 6663 6852 8652 7084
7357 3942 1232 2370 1855 3148 3667 6374 430 1137 4215 2153 3061 2551 8161 4240 6057 9338 6063 4104 4546 7489 2299 850 3781 10831 875 1617 5530 6525 4965 6111 852 7738 261 3717 4993 5662 3980 6321 3737 6917 3312 8318 8430 936 7606 10898 10593 9426 9986 7813 9340 8620 7408 68
7358 4821 2378 2511 8538 6226 8725 9363 6777 3862 3463 3314 6386 7657 7792 10569 4005 9181 10796 8740 6185 10383 8746 6597 3880 10724
7359 4157 3421 4870 5818 7307 1718 8591 6112
7360 11292 10815 8967 11184 8157 141 10069
7361 2877 9828 5892 6857 6768 11009 10959 5970
7362 5667 5596 2455 4509 1161 3160 4907 2890 6201 5400 147 283 8567 7206 2820 4026
7363 4566 1241 8065 7989 11015 9028 11273 8993 9947 9801 9439 10687 7550
7364 3471 11492 11491 5673 6950 11037
7365 5530 7116 5196 11221 9676 6878
7366 4446 7390 7410 6261 3155 5254 8211 7082 7462 3818 1977 1669 8457 10966 6464 11455
7367 1911 864 2346 11011 7037 1230 1353 839 1849 1713 3150 6714 1311 6212 9418 7093 6376 5661 928 5003 6442 8859 7211 1934 5784 8746
7368 11268 3985 5715 3946 11146
7369 11162 3512 2808 6261 10005 11393
7370 8054 6502 6991 7274 7994 6646 10569 8733
7371 10844 5507 885 10605 5588 2192 9180
7372 7453 6841 5292 9838 11358
7373 6090 5656 4945 7300 6870 6243 1057 6823 8214 6758 5093 597 7474 5076 11346 9636 9760
7374 5810 6034 4200 148 5764 9021 2491 11267
7375 6244 834 7157 4382 5892 8452 2648
7376 2158 9311 11184 10327 8591 8627 8177 7640 6576 7529 11024 8560 8565 9558 9539 7181 11522 11128
7377 3094 29 2598 64 4291 1747 1800 9458
7378 7052 9588 3585 6291 3931
7379 7327 10937 6876 5333 10678 9754 10282 56 4489 4644
7380 11523 7882 6209 6154 5193 6284 6400 9414
7381 4954 2346 9842 1303 1436 2200
7382 6829 1608 11279 6888 9458 8422 10678 8235 8496 9150
7383 8430 4084 1345 3199 1823 11110 2161 3990 552 6796 114 6528 9191 9548 9268 10587
7384 291 424 1438 10347 5871
7385 1062 10435 3324 768 2069 1295 9832 1269 82
7386 2177 5947 4626 6581 7083 343 9074 345 1158 10759 5066
7387 3894 2337 2883 6277 3703 8855
7388 1120 928 9368 6316 7833 5930 4362 7516 4367 8248 8403 7214 8030 7063 8035 4415 7346 7887 5441 7362 5722 6972 9024 9919 9359 7992 10379 11169 8775 10572 10689
7389 3730 4060 4964 6608 4789 3205 9136 8120 8113 5045
7390 4124 8702 1063 4380 2745 6730 7955 6294 7055 4854 7091 5401 4153 3101 3819 9260 5826
7391 9014 6261 9330 9308 9874 8897 8701 10529 10897 9354 9165 1596
7392 4901 6734 6506 1324 6911 8641 11399 9561 9392
7393 4009 4048 4167 10485 4011 7258 4974 9687 7412 54 4942 10340 3335 9588 7733 11586 7120 10866 2682 8973 9462 9722 10060 3585 9945
7394 9426 2037 561 3618 9972 9871 11303 7912
7395 6286 2449 7948 9200 11090 6926 6738 8273 11094 8547 9906 3610 2518 5788 9819
7396 1731 777 3325 7453 5956 5329 5332 3860 5923 5398 11278 7033 9737
7397 3926 2367 7138 5383 2095
7398 8347 7201 10005 6259 6120 8730 9255
7399 1214 3711 1998 862 195 1186 8062 486 889 2646 906 11011 1636 134 109 2534 1453 2182 6448 280 5311 10626 2740 1452 2146 2591 10768 1044 2900 11233 712 5431 6366 3551 8154 8746 9349 779 9939 10574 8361 10649 8934 10563
7400 1055 3072 4433 7946 1877
7401 1905 295 8196 539 8082 2335 8007
7402 382 3673 1600 7757 9915 10516 8974
7403 8557 10558 9181 10796 7021 11102 9987 10846 5203 9595 10829 9726 8600
7404 3942 11284 6444 4755 9418 10761 9334 5655 9787 10673 6832 5155 7731 10522 7017 11080 7508 3653 11244 9351 9089
7405 9853 6353 9608 6079 2524 10150 9186 9259 5469 3391
7406 2788 175 9338 11191 1137 3554 2264 5603 1738 4546 283 4156 5497 11220 458 431 6360 2634 7129 4615 7202 5924 10003
7407 1855 3802 3962 2820 2997 9841 40 4152 10237 8616 10788 7803
7408 8827 5706 6429 3304 8015 8980 8212 9582 3844 10432
7409 11147 2465 1614 9414 9287 599 485
7410 2490 1559 2391 3094 2551 8462 3276 3485 5848 1121 4226 3436 3409 6218 11449 3471 2922 8172 9406
7411 4680 7277 5982 5775 5375 5419
7412 642 155 156 263 264 670
7413 551 608 1030 363 849 1286 437 1397 10691 8660 9563 10271 261 6049 6227 2652 7299 8279 5802 5079
7414 4316 5581 4432 7267 4698 10007 5930 4674 8339 10459 141 11140 4237 10131
7415 7489 5179 7452 6261 5825 5658 3560 6383 8476 10458
7416 7262 6695 11336 9627 8768
7417 673 8212 10458 6914 7986
7418 9829 7677 6383 7801 5895 9649 10776
7419 1110 480 857 504 1421 857 1327 1076 6345 1701 528 2963 2474 4667 2301 5686 1592
7420 1650 7830 10875 1569 7159 8302 10763 7556 6355 10513
7421 3520 4278 9347 11530 5109 9649
7422 504 1035 289 499 851 2491 10965
7423 6641 4520 7058 6007 10069
7424 1782 3256 4772 4645 4909 4910 5826 1495 3568 3524
7425 3923 7685 5465 7716 10007 5288 9826 7952 9011 6162 8489 9719 8582 10096 7912 9034 6804 2563 10567
7426 4228 10382 4316 6658 10764 7091 7671 8179 5184 11186 9569 10415 7611 11445 11603 9426
7427 4141 2841 6283 4841 11170
7428 2475 4726 5040 4185 2518
7429 181 5901 2494 177 9393 6918 7665 6904 4401 6461 1684
7430 4845 11018 457 6134 6540
7431 5620 7299 6576 5230 7842 9783
7432 336 3083 53 2744 2303 2886 9197 3711 4045 10311 4215 768
7433 3641 10500 389 897 1423 5181 315 10023 10021 4593 1087 1038 930 880 1998 10933 10480 11011 1258 7778 10586 1289 450 11435 316 1839 10220 6132 8137 8503 9568 2550 2032 4681 9459 5674 3758 2492 4314 1419 9394 6839 10775 6442 4671 6945 7129 138 7939 8994 10230 10495 8524 7938 584 580 9909
7434 7384 6317 4061 8035 9530 6139 6330 6664
7435 1372 694 3115 2453 1878 2945 3056 4121 2209 1946 6803 7164 8596
7436 2884 6126 6772 7567 1966 6279 9975 7572 9429 8272 11303 6868 9513 9785 8771 9046 10152 9147 10680 9827
7437 247 247 9022 9022 9022
7438 230 11164 3424 10775 7205
7439 5489 4400 11454 3795 10106 3912 3758 3769
7440 4018 6920 6973 7470 6338 8788 10880
7441 5594 5439 9469 6892 7978 4171 5902 6942 7855 1177 10866 5354 7827 6325 7418 2284 8181 10317 8554 5731 10159 7846 8454 1947 5657 10250 605 5315 10729 11518 10942 8239 11431 8534 10773 8983 10897 10609 7895 11017
7442 3346 5541 1052 978 774 1928 5020 7259 758 10380 1147 567 1068 703 3514 1020 1072 652 1958 5670 1171 1613 7485 668 7250 1174 11031 11031 2189 187 10944 2065 2080 287 1180 3340 1826 1601 3963 2628 2628 1984 7768 5725 239 1912 10640 4908 11609 277 4794 10889 2484 3067 5763 4 4050 5404 10633 6850 934 10305 306 306 9044 2443 8187 3009 6232 5789 7855 10134 8369 6400 4266 7275 7228 883 7861 9810 7928 6684
7443 358 4728 4992 4875 7160 4368 10920 7824 10402 3832 4262 5568 9830 10446 10165 8508 7407 7848 9741 11130 10096 8828 7645 8768 8302 8755 9434 9452 10097
7444 3772 10995 6720 6283 11315 7475 10937 6686
7445 6300 6834 7173 6831 5087 3273 2191 10663 6036
7446 3416 4498 2664 7034 2186 6483 2687 1485 7008 4792 2260 4415 7042 7650 8222 5327 8582 11532 8094 2563 2914 9147 8742 11453 8145 9110 10829 6454 9618
7447 4818 9853 11583 8092 10817 9279 5058 7588 10672 10758 9969 10717 8836 9658 8960 9254
7448 1880 720 909 1552 686 9461 1949 4012 762 2568 3172 2218 4610 5343 5119 8992 6364 7481 8567 11575 8975 8894
7449 7778 2770 10155 2122 10202 923
7450 4981 3443 5675 11246 11496 10829 11264 10913
7451 7731 9352 10866 5201 8045 8411 10342 8984
7452 2548 1076 547 2301 10502 10745 3397 2847 2898 10904 6204 1777 10851 8622 9859 10730
7453 486 321 4104 3448 8161 4697 5174 2609 2817 4255 7047 5433 2172 2772 3364 5027 8213 1189 3869 3413 1828 11241 7452 6257 6927 6073 7772 6957 6741 8724 8310 6695 6871 1120 4778 5974 8353 8354 11085 647 433
7454 1219 299 3679 10223 8172 5501 4609 9818 5454 7757 5392 5535 5615 3149 7470 6827 6575 5756 5734 7503 5952 9694 1913 5318 4636 10838 6750 1124 1882
7455 10641 623 1066 10283 720 1634 1169 11214 6132 4866 565 1910 2977 1984 4187 7034 2125 3476 3650 1450 1322 3778 5432 2241 3800 5725 5040 2600 5454 6491 3017 6537 5728 165 5932 4754 401 6782 8744 6353 8911
7456 7473 6832 5830 9390 5788 11476 5138 7318 9025
7457 11629 429 4588 5636 8508 10388 10343
7458 3625 6047 6105 2476 6248 270 9662 2944
7459 4670 6578 5908 7452 5151 4510 74 5904 7770 7529 10826
7460 4984 4598 4117 8361 7759
7461 4868 4739 5375 6741 7281 4636 6413 5671 5204 3156 6126 6259 6079 10314 9460 146 9944 7591 8377 7987 8229 6665 6750 8693 8219 7654 7374 4769 11431 9218 9036 10176 9887 10163 9898 3299 9684
7462 4614 4846 7821 1637 4933 3818
7463 4118 8191 9201 10249 9976
7464 10772 52 11502 1936 3726 1765 9044 2650 4416 8172 1434
7465 9860 11609 3502 5226 3796 11061 1486 11235
7466 6645 1651 5922 7453 7189 3512 7716 5197 11193 5769 8798 11148 8486 6239 9781 11581 3588
7467 6192 3072 3680 4523 3957 4059 3986 4287 6814 10959 7093 4322 10655 5210 4584 8318 9311 6481 5580 4184 9363 5218 63 7353 6527 8207 8198 596 8913 8716 5077 395 8886 8979 5068 516 599 592 9287 9272 5067 9303 5111 9301 404 585 580 10942 9284 7579 9725 7362
7468 1972 9925 430 2261 2067
7469 8771 7073 277 6257 3689 6851 2335 2335 10920 7160 4728 2872 7681 3219 2707 5658 4138 11545 5149 10134 8785 3273 6430
7470 2163 3497 3803 4624 4123
7471 224 8462 4891 3722 8762 6601 6085 613 4854 6558 6819 3792 6510 5631 6474 6320 11287 8239
7472 5282 1550 2748 3857 4328 8038
7473 3248 10152 5632 6137 3683 9332 10036 9639
7474 8343 1567 1497 9591 3628 1988 5825 4218
7475 5349 7398 11251 4976 4989 6093 1645 9480 7116 7865 7763 6515 7917 7586 3918 6224 9254 9753 10096
7476 1396 1796 494 1094 1883 1455 978 1716 11448 1588 1443 1613 1649 10319 2108 2676 3493 1857 1681 1640 134 3722 3921 1286 3159 238 1493 1897 3134 1365 7995 1711 9842 6886 2331 1793 10601 6170 11541 2135 2094 5309 6582 11575 2246 2573 8295
7477 6754 4440 2617 928 5380 3925 5179 4258 4357 4539 5320 4009 3578 2036 6871 9588 4887 5145 5014 3396
7478 5282 11447 10220 960 1785 2742 7021 346 1970 2896 2063 882 9925 3042 2748 1418 2755 2319 216 3370 2486 10311 2740 2504 2375 7146 1874 8022 4030 10894 1004 3527 3990 5249 3682 2556 4471 2823 7013 9948 2897
7479 4097 1629 3985 10752 7014 8976 5697 8476 10098
7480 2205 4649 3065 1980 5330 4771 5042 3887 4821 3778 6140 6332 8007 8921 3959 5398 6059 2491 7905 7323 5023 6089 5925 6739 4127 9695 3517 8347 6822 10871 8574 9540 7344 10805 10216 11303 8915
7481 6266 8361 8575 3724 7148
7482 621 567 9461 1032 2814 2573 2545
7483 4867 4241 3279 10728 7625 7686 52 6187 6954 10905 7305 10099 10756
7484 2768 1661 6275 8476 5058 10379 8087 10763 9674
7485 2240 3422 7698 5629 11046 3292 2452 3821 3483 2686 9044 2051 4578 3620
7486 5419 7677 4746 10874 8037 5155 9764
7487 4520 5047 5266 8024 9248 5650 6021 6316 5224 8478 7811 2232 7451 8389 9556 9429
7488 10850 19 230 1683 840 6130 10599
7489 4699 5368 9532 7033 7600 9154
7490 3771 2068 993 3331 6932 10030 10070
7491 664 3033 206 4041 1896 10471 10823 8208 3157 7054 4717 11061 11061 9768 3502 3331 8359 9394 3926 6555 4067 196 7299 132 11279 4932 10267 4641 7333 4232 7860 9918 9366 8904 3077 9313 11531 6216 2930 7861 9039 10085 2236 6686 6647 8729
7492 5914 4227 2924 7514 11315
7493 4466 5218 11308 654 10184 1056 10516
7494 5019 9338 11012 11315 9164 7012 8382
7495 4430 3337 1442 11463 428 226 5972 3306 649 10713 6861 11435 194 3426 2762 2998 1836 3242 3228 4965 8337 5109 9292
7496 7171 8430 10623 4945 9466 9601 7819 9745 5338 2164
7497 8590 5356 7882 6794 7251 6224 6102 6884 10141 8229 6007
7498 3796 1924 4623 6875 3998 9529
7499 2735 3150 2414 798 10509 2823 6091 9675
7500 11551 2253 8603 5260 8328
7501 5723 2881 7614 8784 9483
7502 10464 4135 4166 6112 8620 10379 8760 10379
7503 3987 4154 2420 3264 4739 5340 7277 4841 4918 5906 1460 7682 7987 5756 10564
7504 11088 10402 7073 11492 10649
7505 245 807 490 5309 572 1078 909 573 331 10728 574 7203 1592 466
7506 2924 8441 675 7760 8442 7653 8606 8832
7507 3882 6506 4633 6173 11524 7309 7964 5648 8230 101 6489 7151 10848 6744 4872 8013 10764 8495 9958 10095 9352 9561 6270 8201 6469
7508 9480 4261 11408 3946 9290 6465 5730
7509 5921 11161 9466 9798 10096
7510 1901 1792 11455 5310 2265 1432 3198 2963 3033 6402 11042 9614
7511 562 931 744 10969 4608 8559
7512 9376 7067 7585 4754 3151 3836 4377 9540 10937 9433 10542 11034 1518
7513 3676 8747 10779 509 11576 10309 578 10073 10564 10381
7514 10543 5154 7286 52 6055 10883 4538 5532 8119
7515 3610 2449 6142 5748 8919 10643 8920 9727 5005 577
7516 6422 6058 6267 8300 8531 243 10846 11303 6670
7517 1204 631 920 611 1260 1813 8541 11135 1001 2706 1063 8862
7518 5535 9889 511 85 9915 8693 7518 8068 4956
7519 5162 5339 10242 2435 8338 4470 6354 4626 6726 6183 5536 10087 10833
7520 5258 7305 4326 8413 7590 7538 5858 10454
7521 8099 1943 10866 5201 7475 8698 11307 9710
7522 6261 4868 5650 4256 6884 5519 5523 5517 6261 9186 226 503 9818
7523 8011 11046 3585 7931 9354 10005 9762 9753 9904
7524 1215 1382 915 1548 7037 8415 1738 1598 8416 8561 6219
7525 3555 3711 8022 5020 7236 1203 6630 7098 2909 3993 5276 3533 3287 3227 3692
7526 1044 1878 2538 7663 8630
7527 953 9319 7636 8788 9917 10967 536 11436 9505
7528 7140 6343 6968 7495 10866 8730 9132 9305 7499 10542 8423 10373 10672
7529 4461 170 10736 9116 376 10343 9015
7530 6218 8502 6515 11520 4347 6647
7531 6957 7239 5517 7987 11304 9669
7532 1324 6877 8220 5788 8078 6028 5083 343 11047 6685 6691 7835 11405 8254 9744 5005 10398 8394
7533 4323 4089 3594 4067 3658 6433 4225 7068 3844 10833 3764
7534 522 9290 3272 5108 7993 11442
7535 5856 11322 9579 6098 4817
7536 6587 9641 7363 3391 8311 11528
7537 2212 11011 3199 678 7331
7538 11508 2399 2399 11244 8599 911 823 8803 1033 888 2742 2905 9941 2505 3043
7539 4932 6042 7879 7666 9627 10715 5089 5097 317 2701 7977 7975 7971 7973
7540 4662 10391 392 3970 6941 1736 7718 3832 7641 5542 9100 8959 4802 9405 1320 1056 1056
7541 3927 307 8788 8273 9174
7542 3230 11070 11191 2755 7489 3297 7698 4365 2666 4246 10881 5820 7489 5003 6309 6321 6377 6935 7084 9375 9338 8850 9676 169 9032 5612
7543 2700 5020 7034 3744 3403 4104 4865 3509 6781 3308 7631 7504 7818 9657 6196 7676 7780 6146 10623 8711 9561 3944 3216 8740 5107 10243
7544 2643 2456 6051 7251 6720 6781 6321 5773 5668
7545 197 9975 5668 9429 4530 8707 11166
7546 2456 5553 4033 7300 10305 7157 8544 4431 6516 5234 6216 4451 3660 6184 4800 5604
7547 9902 69 6112 10217 10212 10518 10991 8244
7548 7742 3660 5968 24 7618 7467 2826 9853 7588
7549 4931 5564 9583 8157 8422 9237 10776
7550 1291 1390 11011 10426 1165 3442 3442 3475 4831 5706 5463 4622
7551 10476 4621 3280 6842 4319 5112 4543 358 6582 7160 8314 1271 5035 6153 6705 8127 7627 5462 7848 7441 11248 2167 8126 7928 7194 10609
7552 3022 9480 4027 11430 8607 7883 6376 10722
7553 4113 5623 7882 7359 3848 2137 2137 4961 8357 8347 8910 5136 5860 6344 8248 6472 6596 2644 6143 7562 7043 6451 8353 6910 2985 4382 8540 6890 5055 313 6528 9781
7554 1042 9341 10247 8727 9112 1709
7555 3337 556 87 1288 827 2246 2244 4215 5818 7138 1747 4456 1441 875 5695 3457 2447 11003 5250 10831 8161 5275 3452 4473 2451 3381 4919 7452 5922 6680 4319 4604 6726 8984 9418 11292 8522
7556 9446 8070 8153 11561 9952
7557 463 728 8163 9404 7904 3352
7558 1915 11185 2411 10246 5420
7559 5751 7060 2380 8756 9765 11497 9875
7560 7114 5860 9188 10173 10183 10609
7561 8196 10235 2274 5205 2754 6445 11433 5467 4123 6862 8271 5058 9783
7562 9318 4867 3130 7378 8303 8183
7563 2277 2277 7604 986 3024 5157 7431 10959 10172
7564 2119 2333 10951 1599 3390 7789 1466 3536 1269 10164 8991 8755 8754 9225 6071 8786 10616
7565 5488 6244 1899 6341 6219 6681 6283 9405 4830 4232 10873 5912
7566 9567 210 5085 344 5103 5102 9293 10926
7567 4154 8858 10805 5138 10332 8212 4951 8341 10590 10717
7568 11115 1222 5649 2491 7496
7569 5231 3837 2325 1470 6368 9628 10212 10645 10050
7570 2137 5348 5772 6853 5813 7922 354 9872 9685
7571 11284 1925 4159 4165 5626 5909 4377
7572 2250 9533 2397 6653 10929 11394 287 4195 4158 290 10232 3041 277 2425 1805 9646 1456 832 2521 4921 4051 3722 5243 4716 3772 9238 6046 11545 5452 6064 5609 7242 7598 10343 10008 9685 11389
7573 3965 3863 10149 4227 3568 9100 4318 4527 9941 4457 7085 4584 5561 597 11623 10588 10304
7574 5733 4240 3594 3843 6261 5232 11414 4253 11143 9044 7890 8161 2523 7248 11134 7447
7575 3685 11514 239 2659 1841 5388 5168 2723 10633 5611 6485 4710 4657 10429 8345 8498 6821 5333 5453 9540 6973 7918 4898 10332
7576 6662 1756 8891 4665 8370 9191 8824 564 5697 10097 9028 6932 5798 11133 5797 3523 3523 10070 204 8336 9684 10425 8049 11218 10078 10447 386 11487
7577 1692 843 2628 703 10205 997 1663 652 1062 8860 2472 1611 2754 1722 1383 2274 5200 3836 3833
7578 6604 913 213 8139 6172
7579 896 4913 10433 7979 10678 10104 9071 262 11453
7580 1191 9551 4344 1853 6567 8368 9456
7581 3026 10581 6088 6237 2498 6522 10285
7582 8930 4940 6154 4805 8479 4081 3132 11161 11161 8410 5354 5551 11119 6660
7583 7687 5860 4672 6019 6280 6052 5748
7584 4016 3931 8788 3021 9062 516
7585 1998 7403 3944 3946 2652
7586 2375 1883 1806 3274 5131 4997 2313 4116 3260 1670 1069 10751 4177 6611 10879 5557 4436 118 4224 5574
7587 9811 5286 10368 2895 6823 11593
7588 6346 8698 4874 6156 4418 7137 6725
7589 1178 33 874 315 631 1186 5929 1720 1647 1842 11011 1697 906 1999 780 9495 330 1274 700 1814 6795 3125 2481 3014 392 1442 3472 9818 3367 4412 3120 4459 11548 3661 8011 2021 2062 10129
7590 6407 5581 1821 7988 4719 191 6744 10533 5439 6208
7591 2673 1044 3497 3349 1022 5215 6267 6329 10337
7592 1280 3641 2566 1659 1846 10875 1022 9616 2897 4783 3805 6532
7593 3508 3470 4761 5384 215 2008 4152 4332 4311 8287 6104 3300 9465 5922 6045 10044 3777 4545 3870 6485 9568 3670 2098 3239 4402 1907 10834 7346 4099 9977 2650 10112 2009 7866 7868 4758 8315 9536 7579 9870 10854 9587 11326 9606 5918
7594 10577 4674 5879 6215 743 4886 5925 7542 10623 2524 10150 1308 9722 10277 8646 9693 10529 11207 11372 11240
7595 6841 9054 10837 8784 10096 10978 10897
7596 5456 2582 10551 11336 6814 7333 4367 10764 5138 8183
7597 10866 6942 4833 6338 8554 5609 9050 6298 9790 9437 9659 5062 9679
7598 3140 5417 6420 4326 8269 10793 10788
7599 3425 6832 5250 5818 1515
7600 1064 808 704 907 160 5181 1180 10860 431 4141
7601 6137 11336 4278 2820 7073 4728 7160 6875 11531 10402 3082 11018 1767
7602 5835 6276 10547 6334 5546
7603 5699 6777 3837 8361 7801 10616
7604 1771 2943 3407 6444 4714 6729 7065
7605 1522 9426 11455 3014 61 1385 1383 2912 11226 6987 11182 2876 3475 6580 2883 2571 5151 2795 3096 1614 2031 2747 215 5331 2113 3983 9454
7606 2925 8099 7140 8933 8554
7607 6768 10409 7112 4566 9164 7415 9014 8451 10005 9967 8675 8367 10309 8110 9855
7608 6212 4534 2070 5793 6492 5207 5689 6801 4983 7755 8344 605 8188 9997
7609 5739 10834 5749 8510 10415 10595 11094 6007 9855 7648 8931 10375 6148 6400 11163
7610 5317 5546 10007 8918 9413
7611 1973 1089 2074 2461 3026
7612 1404 1201 2067 9458 3485 5577 6340 3276 6710 6636 9395 7451 7139 4445 11573 10233 9345 7087
7613 7105 8539 8921 7274 6854 10812 10759 10563
7614 7741 3322 2530 4038 6483 11123 4394 7335 5113 6207 5931 5319 6872 7566 10303
7615 1377 521 2801 2054 6497 9904
7616 9568 10831 10831 3551 1485 7057 1712 11587 3189 10143 743 3175 8421 6730 1368 6910 9363 5748 10704 8680 7046 2238 9787 8380 10776 7730 3829 10277
7617 6212 4223 4428 8035 5859 2684
7618 4978 7211 367 9457 5074 5083 9500 9277 10009 401
7619 3789 5020 4371 5186 6101 7072 5297 7000 5809
7620 4460 3975 5159 10390 2830 10687 163 10830 9810 10222 10854 9203 1123 5583 8556 9048 7061 9452 10419 8677 8804 11316 10505
7621 459 471 2852 1400 3535 427 3061 6448
7622 1111 411 5181 10325 59 2781 2425 2732 3142 2834 912 4083 3615 2830
7623 6483 2772 673 214 7479
7624 637 363 10833 3334 792 781 1849 3124 3015 1197 2522 3036 2144 2138 10816 10692 7146 5121 10391 5226 4142 2754 3499 5205 10453 10926
7625 5021 4321 3354 9210 9218
7626 6045 7732 8427 7564 8537 7083 503 4750 8327 7645
7627 1021 626 1292 10069 1291 1066 611 1165 443 1763 2149 646 1557 1387 6640 723 7620 10789 1633 2386 9966 5330 4007 6567 10841 10829 1279 1722
7628 2737 4275 2161 11206 4222 2137 3583 384 5140
7629 6049 3280 5874 10717 189 10834 4262 4009
7630 1357 1633 10641 2803 6137
7631 2687 1063 10633 8160 8172 4159 4338 3610 4115 8099 4856 7165 7999 6442 6478 8665 3338 9226 11157 7879 6634 11317 8334 991 9791 9917 9930 8398 7176 9191 8480 8121 7003
7632 5440 6772 10866 11303 9379 8045
7633 8478 7484 3273 7991 7902 10073 5688 10479
7634 5020 474 10933 2703 1698
7635 3123 4197 2841 8230 5728 10374 9260 4713 7309 11463 5226 3133 7287 4040 6790 6978 7842 10340 5051 10340 11479 409 8030 8478 7627 6968 7551 10058 10532 7786 10250 10327 10681 11060 10095 9867 8920 1882 10857 8949 7569 3614 11087 8057 9767 10085 8900 7395 10423 8654 9211 8468 8845 9762 11282 9998 9227 10985 10776 7730 9631 9798 10785 5246 10526
7636 479 10852 11569 7621 2902 530 2705 669 5844 11061 9644 10904 8144 11142 3127 6535 6477 9371 7033 11336 7419 6492 16 7283 4903 7821 7270 5773 5643 6044 5510 4455 6148 4369 9372 3448 8610 105 8353 5520 11067 9523 6094
7637 5800 4426 3823 6435 6906 7038 8749 3477 3104
7638 8393 972 1337 581 809 1857 2789
7639 9424 5680 5478 4176 7988 7461 7604 10591 8851 3945 663 8749 8553 10107 10623 10777
7640 6294 7251 2751 11587 3089 9089 11595
7641 8631 1161 687 3780 1315 1613 176 2493 1326 1656 2355 6718 10169 10713 2037 10641 11504 2491 2010 6342 7358 2303 2110 5360 2483 7096 7882 4022 3645 10470 4371 7223 2764 9811 5648 4630 6346 3572 1305 5245 7339 7483 10194 6293 11230
7642 801 2058 1619 493 2814
7643 1174 1172 8860 664 6457 2279 10991
7644 9466 8237 7083 360 7817
7645 1685 2168 616 7286 6261 3286 7550
7646 7604 5564 10533 5521 5535 9385 5825 6473 5718 8926 4000 936 6261 4213 8708
7647 8013 9743 7723 9345 9429 4530 7549 7613 11166 9685
7648 528 11524 3557 11609 3359 1896 7935 4070 3313 6715
7649 547 3006 1612 1266 423 1161 18 506 2197 11031 3233 2656 9338 492 2972 5463 3250 7882 3947 6261 4868 6191 10730 10559 786
7650 2480 6683 6941 6396 4868 6229 5630 7558
7651 5953 6785 5558 5910 5838 183 11068 875 5922 6732 3974 11634 5420 5971 8210 138 6203 4735 8950
7652 6393 2830 1460 1005 5714 7481 10286 5609 10237 8999 2089 8940 11632 7462 5203 7968 8586 9512 7198 10119 9992 10989 10606
7653 5982 6497 814 5048 8358 10127 7239 8425 6913 9345 7064 10425 270 7004 8177 8352 5110 10334 3822 11118 6007 10942 10623 4008
7654 11511 8373 7731 10905 9345 4590 8641 9975 8706 9954 9954 10334 11474 9963 11495 10518 10770 10635
7655 6565 2513 2342 3866 6808 9743
7656 240 10128 5678 6209 9627 6151 6646 11240 11228 6953 11218
7657 1257 3377 581 3698 9860 6140 3361 215 11587 3812 4897 8408 5728 10886 4567 2926 8243 7599 10449 10988
7658 8338 8408 11158 6792 10871 10961 5381 7567 8610 7630 9298
7659 4202 5317 7907 231 10095 3524
7660 2598 158 2141 4465 5700 6724 5833 4132 7469 7216 8680 2648 6456 9004 10763 3350 10342
7661 2939 5839 6537 6837 6271 6508 8681
7662 7375 5035 5543 8361 9609
7663 6465 5476 3380 645 7571 10127 241 5381 7922 10178 7493 7772 11096 11629 10286 6813 8788 11014 1163 8178 707 9986 10327 10327 478 10387 8453 9103 10421 2276 8132 11240 6356 8662 10665 8459
7664 3594 10711 6766 5592 4523 11284 6376 4984 3473 9977 4659 2501 4401 1712 11580 7021 4748 9674 8079 3916 5820 10274 5838 9324 6284 9243 9208 6124
7665 761 4724 7507 8312 9783
7666 3409 4110 4020 9999 5427 4890 8590 5825 4749 3971 9396 3286
7667 7036 2828 5306 6241 5835 7259 5207 4328 1182 6771 9067 5669 5124 5479 5695 5836
7668 5592 3165 9581 3140 3472 3088 9818 5724 2282 5840 7138 11354 2137 5393 101 5116
7669 6440 9686 7666 7511 7067 6432 7670 8237 6919 4824 7443 7173 8683 10905 7015 9308 3506 9722 11453 10101 9510 7841 10277 11579 9523 9062 9262 317 10218 9285 7902 5098 5165 2874
7670 10334 8891 10529 11146 7198
7671 4025 10653 4350 9817 9834
7672 10655 105 10868 2874 10966 10213 11362
7673 6404 4958 8372 9663 10897
7674 1151 1150 3346 975 3078 2360 1575 491 7025 857 6160 832 10866 7011 11163 4933 6803 6942 6014 5902
7675 4865 7508 457 4332 4244 7349 4848 5502 63
7676 5158 7964 231 7341 6270 4539 11238 6884 4754 6596 7920 7617 8000 9265
7677 9845 3689 8641 10785 11505 9280
7678 3 7827 9645 885 3807 7673 9089 8808 9262
7679 6915 8060 7527 11335 6150
7680 8601 11207 7817 9988 10829
7681 10191 4797 5899 11407 8899 10312
7682 6311 9126 10937 11304 11175 9732
7683 4912 7978 8421 10258 7066 11337
7684 670 1085 2550 3256 6556 8723 7452 2227 11294
7685 3710 2946 5658 9073 9391 9391 6203 8486
7686 5415 6734 2195 3696 9918 5151 2294 6416
7687 2489 4597 3686 1392 3485 1900 3511 1896 4628 8177
7688 2257 4631 5347 1881 3564 3852 8430 11225 10409 3859 8266 10736 7538 9322 4620
7689 9863 2471 1484 3334 4627 7465
7690 6832 10794 10905 10569 10569 9306
7691 9527 7086 9017 5952 7142
7692 1151 1150 2183 1202 83 1422 2540 7359 2762 5271 2567 4616 722 1297 1288 2702 1940 1707 2210 10956 2416 7062 2354 11611 5569 4238 4031 7710 8148 6177 5588 8559 5395 9842 9842
7693 665 1059 104 11486 1070 539 8690 1830
7694 10871 1045 7169 10834 1718 4289
7695 6261 1974 6784 7453 8008 7388 6675 5464 7065 5421 9652 9622 9493 8123 9990 10942 3653 3523
7696 599 11346 9963 6801 10722 8879
7697 4698 5432 5508 5714 10753
7698 4592 5733 2666 11450 8452 8544 5914 10149 9816 9600
7699 2497 4116 4144 2158 2889 3157 5894 7865 4460 6242 8435 6689 3410
7700 6582 7399 7392 5157 6253 6739 3335 5785 6187 7855 10503 6212 8063 9406 9115 4026 7312 8399 8069 9092
7701 3127 253 531 3284 266 6220 8250 4386 8400 6338 9722 6094 8746 8818 9617 9523 9157 8761 9162 10261
7702 6978 8430 5546 4758 7536 9736 10813 10989
7703 1775 3217 4906 329 3547 2986 3141 11369 3138 11000 457 2299 4291 8416 4424 2105 552 6537 5872 4927 4485 6692 5996 7240 4326 10367 5770 10644 9521 9500 9492 9587 8145
7704 9333 662 11574 7542 10261 9702 7099
7705 11189 5174 5956 4273 6242 10529 5098 10831 10362 4483
7706 4664 5955 3808 8347 710 4050 5329 5123 4433 2707 4097 7347 5030 3239 5871 6321 2995 5925 8436 3021 10093 148 10323 10093 9429 7676 360 10670 8835 9211 11432 10362 10269 8153 10566
7707 487 8930 5231 9818 206 6046 455 7415 10808 7737 8102 9157 10854 7127
7708 3066 6842 8476 4098 8427
7709 869 1148 303 998 10903 683 11214 10739 5171
7710 3994 1832 9695 7686 6660 9590 10670
7711 4068 1559 2837 1855 1347 1867 4093 4612 11183 5174 3312 10831 7057 6389 743 2681 5925 6157 9198 9078 1355 8402 8815 7790 9523 11300 8322 9939 8521 10342 9835 10840 10840
7712 1412 741 1270 9461 1254 772 574 6958 2135 9517 1788 2748 2253 5026 1339 2244 2118 639 10727 2123 1183 1822 2246 2370 1703 3854 2873 10010 6296 1770 10743 4562 1347 4850 5497 10946 10831 5474 4353 4212 5733 5510 7001 3458 5009 5978 3226 2920 11134 3111 5346 9615 7251 7031 7130 6720 10711 8778 6321 9809 5336 8436 5933 5749 4594 7342 1966 5698 8797 10704 10379 9354 10473 2914 10905 10529 9262 10512 8701 10322 10672
7713 6515 10569 11595 10409 8680 7183 8119 7650 7566 9220 8635 5911 11466 10817
7714 3747 9676 3481 8205 2681 3490 6839 5673 5151 6727
7715 246 2254 4531 5577 8951
7716 6229 54 8099 10866 5902 6942 8681 11211 4417
7717 3147 6553 2609 4649 11061 10306 5238 5977 4890 743 11103 4367 1238 10791 5188 10735 10786 6513 11439 8517
7718 5167 2041 9251 7350 5959 3481 6442 6732 8883 6188 11473 7685 9253
7719 2753 2541 5140 9942 6169 4682 3750
7720 5760 5644 6975 7398 4913 6324 7594 1934 10905 10989
7721 11456 6894 7633 7835 546
7722 929 1960 534 1052 2169 6814
7723 2409 909 759 888 1807 1202 3060 154 432
7724 5442 1600 6663 6411 4225 7786 270 9540 7145 9031 8435 9601 6599 11196 6933 10060
7725 3849 9814 5035 4714 4634 8264 1769 4311 5259 4454 5035 5528 3683 10242 5023 3671 1271 4652 5574 11640 4543 9450 6337 7130 1704 4778 662 4446 7884 10374 2098 1736 7049 9585 11530 5937 7211 11232 11340 11271 6153 8314 9200 4640 11248 6954 7848 8608 8056 11050 8133 7654 11050 1756
7726 3725 4070 6085 10678 9932 9779
7727 10911 3150 3847 650 11517 70 3693 11420 9412 3451 6091 4592 11206 6261 1670 3692 2112 1739 9044 5978 10192 10784 10301 4212 5471 4328 2055 9644 8909 5930 8172 6737 8688 9345 9418 9115 9874 3653 1594 10304 8886 10675 9786 8396
7728 5105 1155 5060 5075 10776 6801
7729 3167 10356 2726 5119 6254 5608 3440 4883 8358 3305 7685 5099
7730 3100 2213 8702 3567 10668
7731 1896 2497 4599 5464 7212 993 3409 3743 1996 5922 7121 7277 9729 7879 4266 11311 11443 8833 1399 7858 9357
7732 3503 7277 9941 6303 2799 5303 6846 6808 5897 9186 8164 6994 9812 8098 9183 7079 10667 7127 8513
7733 1497 2709 968 8343 9591 807 11011 4733 1282 2742 1788 2752 2441 11550 10291 5301 11127
7734 5347 11239 6269 6300 11545 7420 10361 8545 9566 9712 9218 10998 8168 8011 8405 9027 7264 8337 3631 7305 10584 8474
7735 2715 11011 1325 2106 1396 11135 4925 1394 2513 6212 8698 4964 4117
7736 5470 7623 3015 6211 8149 6497 7726 5067 9296
7737 4990 4654 3264 3368 3371 6332 3109 5828 6226 4886 8309 1684 9478 8456 4722 9944 5588 6203 10280 5769 6455 6086 10815 10425 9915 1029 8424 7991 10332 10147 7321 7322 11578 4559 9183 9066 9036 2276 9233 9973 9468 10089 9096 9819 10011 7402
7738 441 389 708 1894 458 8112 7453 3928
7739 1142 10916 10919 11018 10921 10919 7824 8771 7160 8427
7740 968 10107 257 3164 6845 162 8294 10419 8513 9713
7741 2255 10220 416 9006 4592 4412 3449 4850 3667 1789 2972 9338 3792 5497 11611 1679 3069 9013 11617 6695 10883
7742 4331 4628 5986 5592 10299 6554 9728
7743 6111 7248 8023 7012 5468 9341
7744 506 822 1766 1073 3092 2157 2197 8117 10888 3963 2585 2749 4735 1095 2700 1912 9828 4627 6880 8987 5988
7745 5190 5293 8456 301 9590 7425 2684
7746 4417 6316 11250 5035 662 8400
7747 5574 1996 928 7697 2533 4542 5592 5505 9581 6641 4509 5130 5824 3857 5577 7036 1771 10883 7621 5724 9465 5926 9368 10464 6178 4885 5622 5524 4837 4255 7748 10883 8580 7388 10595 7305 6959 7065 10528 8397 7731 6478 5435 2926 10593 10863 6233 9204 8471 9791 11032 8410 11590 10387 8450 10480 9207
7748 481 1028 1146 11600 2833
7749 6001 479 10035 11251 3396 344
7750 1765 5230 9021 9967 11237 1852 10884 1237 58
7751 2234 3467 2996 2564 1383 3420 3373 3929 2971 3689 4447 3814 6397 4825 7014 3653 11244 9979
7752 11329 635 4958 3780 5702 8980 8996 10058 7305 6738 8146 10067 10963 9549 8879 5944 8131 9605 10587 9213 10407
7753 5723 7480 10157 9844 10071 5070
7754 7947 7139 10233 9818 7661 11292 11292 1554
7755 5923 6913 7880 2822 4706 4017 7690 11161 10404 7538 8915 4620 9986 10983 10606
7756 63 5938 5214 4833 6353 6131 4706 5204 5814 9810 8065 10854 2232 9505 9448 10877 8919 4172 5978
7757 11405 4284 5760 5015 7243 7714 8862
7758 11396 8439 11507 450 3801 164 4735 10807 3323 6369 3112 7698 11335 6107 6466 8567 7310 7175 10667 9969
7759 2857 529 6867 1213 3622 3004 4381 2467 4068 2390 352 3431 2119 2466 1980 2317 7741 4170 282 3953 2311 1800 5268 5659 11079 3936 8101 2766 277 1498 357 4535 5006 4574 7485 11529 2785 4981 11414 4870 5849 3188 3545 3036 4851 4646 1837 3722 4549 4782 7427 8264 6975 1 6068 11134 358 7135 7057 4112 11241 6177 6206 5273 1921 5409 5398 4058 7320 7132 3505 6237 5509 4695 5029 6685 6476 5355 10 7049 6442 7050 7051 9562 5044 5922 6061 7125 3530 5195 7665 5500 6754 24 7978 6232 7779 1694 4184 4139 1470 10317 10134 6152 150 7690 8391 9389 5202 5520 9700 7861 10964 9315 8635 10783 4757 7928 7804 7929 8164 7927 7823 7111 11047 9152 7471 11060 5919 509 8809 9356 9906 8949 11376 11166 8437 8709 8322 8515 10763 8285 11460 8037 10926 8071 11218 10474 6355
7760 4482 552 1617 743 2596 5501 7175 10233 8877
7761 922 1286 7358 2577 11522 6814 8142 4670 2855 5740 850 5127
7762 2503 4117 5695 9013 4089 6056 7621 6370 8863 7140 10866 9954 1029 7582
7763 6100 7344 9608 6915 10761 7858 8883 9630
7764 10283 8801 10845 481 1243 3480 1352
7765 2312 3185 2721 59 3139 2462 1806 11382 2795 2069 10565 1841 11061
7766 3253 2687 3689 8024 7810 7787 8036
7767 1283 177 5167 4093 5684 10875 2035 4558 11401 11018 6645 3457 10866 8498 4772 4568 5365 11392 9813 3145 8031 11580 8877 10684 4420 7413 10315
7768 9688 6692 6423 4612 6360 7285 6108
7769 7160 10919 5930 5120 3132 3619 6558 10611 6471 4983 7447 10107
7770 5579 2531 3518 3897 7343
7771 2691 6503 6941 2913 3440 16 5461 8084 8551 4883 7328 9508 8735
7772 1179 1396 1565 1248 556
7773 3202 3193 3323 3978 129
7774 6436 3079 1170 11010 388
7775 4185 4790 10485 2007 4887 982 7454 6331 5889 5035 1247
7776 925 2419 2755 2255 3454 10560 4582 10875 2774 3107 4218 10875
7777 6782 9419 11038 7814 11097 8249 3891 11425 9828 9425 8795
7778 1145 10308 3711 864 1532 9517 145 4762 861 9338 2111 11420 2488 2837 2118 2798 2898 2499 417 7489 7657 10653 5428 5174 10543 5530 8992 7742 9936 7969 439 10884 11170 10931 11378
7779 3979 2870 5834 3578 8597 7297 10597 7107 7155 10168
7780 2380 7614 5296 8069 10999 10050
7781 8061 1660 8508 7248 8508 2435 10920 10920 7160 6941 6049 5759 5892 6270 5716 11565 6898 8747 4340 9391 6826 10698 8027 10377 2716 2720 400 398 7645 7569 9287 5654 402 2701 5652 9283 1153 8469 9727 5653 9761 2 8453 8938 10371 5750 578 599 1754 9631 588 3920 10675 8776 8231
7782 3274 3244 7034 7034 7485 4852 5431 2406 4530 6802 244 8243 10663 5782 5115 3010 10001 8186 7923 7176 5067 402 9301 9296 5070 5059 5069 5099 9845
7783 10583 6989 204 10623 8009 6362 9023 9709 5831
7784 4287 7879 6089 8921 5814 4266 3918 7905 4584 6451 7609 3074 7764 8344 2812 10808 3807 8480 9443 8742 10675 9271 10800 10760
7785 5340 6248 3156 7239 210 7305
7786 252 2960 6855 10808 8471 8219
7787 2034 7709 7282 10433 6271
7788 10916 4827 1512 7050 4778 9260 11352 7619 3832 7513 11119 6901 6954 7788 7268 8491 8454 9452 6988 8627 6955
7789 6540 4600 5689 8564 8453
7790 7146 7366 6898 9599 5099 9397
7791 5568 6504 6086 7553 11297 10815 7949 9722 11576 6872 9801 10833 10398 10300
7792 752 9841 2484 4542 3201 11056 6214 6589 5844
7793 8352 9668 7408 8097 9210 8227 9794
7794 2897 5376 8664 6503 6526 718 5779 3303 2746 5736 6127 6254 10984 10623 11083 9133 10194 9128 7001
7795 2933 8430 1247 11063 10228
7796 7784 6880 11412 3618 4398 8961 10379 11432
7797 1904 1018 1074 5670 9042 1146 1998 7021 1507 11257 1496 9860 4215 3497
7798 10301 10908 6559 6508 6011 6051 6066 4884 3730 7799 6427 5664 5213 3600 5458 6891 9596 9596 8847 5315 9362 2276 10966 2 30 9094 10107 6882 10574 9220 9843 9857 10415 3068 8173 9096 5598 9970 7155 10572 10082 10649
7799 4388 11093 2774 154 153 11123 6815 11090
7800 10329 10127 3906 8705 9002
7801 2430 4890 10548 11251 11627 3089 5571 6143 5925 6321 4809 4829 6380 4868 11279 3448 8277 10329 7632 7220 8436 3871 9903
7802 3818 10711 578 10319 9574 8336
7803 3944 5845 6176 7882 6220 8348 6930 5410 8551 9374 236 1684 7896 3216 7268 7811 8715 9561 8770 8808 866
7804 5699 10430 5963 2956 6213 11437 425 2198 4973 11531 7460 2855 5904 5169 74 8115 8283 8238 8183 9842 11293 10364 8951
7805 5760 6317 7398 7308 6904 8502 10093 4457 3145 236 7169 3216 1308 8020 7339 9986 11163 2648 9791 9867 10045 9518 10572 9223 5944 10644 10644
7806 5160 4867 4990 7917 7093 8526 3156 3689 10134 6494 6851 10643
7807 10601 1857 3633 2045 8630 1321 5183 3683 8338 8838 5467 552 980 7205 4705 7399 6041 452 6075 10090 9818 9818 6122 5665 3575 6866 1536 9896
7808 11399 6522 9480 5003 9368 7356 7737
7809 1948 3099 1953 2562 2605 4583 9617 5425 9215 2100 5504 4443 2872 4325 10725 2469 3246 3647 6873 11061 11061 5894 4728 5242 2277 2277 5920 3446 6125 5019 11018 10943 10336 5307 4044 3459 3743 8526 3689 10687 6333 11091 3736 10919 8291 7160 3219 10919 10305 3652 10920 9775 5689 4827 10687 7824 3615 11022 9608 4668 10390 11501 9108 11412 11126 10052 11603 3714 11325
7810 4810 7686 6544 7281 7964 8223 11038 5780 258 9186 1056 1056 10294 10824 11485
7811 4241 7508 5380 4417 8007 9078 7784 11121 3303 6776 2308 4976 6100 5492 3866 3810 4619 5819 8504 5813 9198 9133 3896 4635 11010 2297 7572 9958 4935 10649
7812 4676 4706 11599 3481 189 6282 2220 6744 6350 3127 5814 8561 11348 5401 7003
7813 1164 1961 5180 1403 10021 11486 5178 780 2310 6126 1599 4926 3672 4392 8432 3223 6120 7300 4875 5728
7814 5935 7882 8210 6567 8789 8793 9341 8597 7973 11421 10654 3879
7815 8196 3462 11336 11348 6159 6648 3661 9402 6318 8871 4098 7313 3764 8481 9978
7816 5035 6240 6148 9429 9457 11207 10398 10616
7817 4885 7433 9919 542 8647 10207 11203 10422 10775 11250 10233
7818 3022 9414 4677 8839 9391 9406
7819 708 3547 2945 10808 7899 9776
7820 26 10808 4396 7997 7296 7357 9675 9068
7821 9008 8869 10061 8650 6830 7230 8064
7822 11007 9410 1977 5100 400 10050 395 11310 7889 3272 3524
7823 8347 10071 8513 6970 10228 760 10812 786
7824 3362 4131 11629 500 9302 9288 7348
7825 7225 9157 5098 11570 9270
7826 4087 5447 4986 8724 7726 8753 10107
7827 426 7135 10340 4815 7114 713 6116 11622
7828 4812 5695 4417 10382 5923 4078 4955 11178 4965 4161 4450 2674 7341 7548 8100 11330 11329 11625
7829 7199 4657 9540 7887 8841 8876 8247 9669 9666 9689 9995 8417 10667 11612
7830 181 3781 5810 8347 11356
7831 554 33 3007 1520 2058 1484 9860 2145 2358 1985 2814 285 3563 3243 1805 2942 4764 4603 6842 366 7446 4286 9151 9460
7832 2342 3987 8007 6084 3613 7093 7285 4598 4868 5136 11534 5647 8321 6828 3653 8836 9324 10665 8809 2276 11499 10375
7833 761 10134 7873 308 9812 8654 69 10217
7834 7703 4626 10164 10764 584
7835 6162 3515 9392 191 8878 6988 11106 9658
7836 3298 6734 8498 6699 10761 11317 2236
7837 1413 3629 7224 1512 9586 6788 3824 6034 6883 7709 3389 9358 8590 4789 5924 5956 6321 8007 10718 5483 4841 2884 3215 8436 5198 5643 3138 6694 6162 10977 6917 11556 511 6275 6637 438 8430 16 5925 5138 6401 10764 5639 6926 8574 4000 10159 7549 7339 9388 6801 2478 8125 8743 8628 9722 11383 4045 7904 5468 6148 9234 8490 2806 952 7723 9556 9297 3487 9219 8975 7337
7838 10245 5475 2767 6689 8846 7500 3556 9200 9049 7823
7839 8986 839 5599 1082 1888 757 873 3042 350 2104 3582 2334 10911 3095 5497 752 6422 129
7840 1399 6465 10087 9499 7613
7841 10268 7709 5651 10927 4459 10478 7510 6873 10687 6467 6047 3828 6481 6301 5529 6477 7465 2315 3647 5493 9108
7842 6768 5461 5545 9716 10473
7843 5709 8549 6496 7007 9949 10454 6272 835 4590 9427 6597 8362 9027 9983 9387 11392 9161 10742 11441
7844 517 6388 4045 2491 9417 8962
7845 5606 4462 8127 6021 3750 11130 7940 10609 10798 10644
7846 1105 5481 3977 4949 143
7847 7034 1800 1331 7830 6212 4074 5172 10971 4603 5959 5294 6816 6143 4262 2733 8112 8896 7023 7478 936 5882 6938 7175 7942 8473 820 7949 8088 9958 10815 8507 5068 10319 8903 3611 8927 1843 10550 10862
7848 6141 7171 101 5341 7961 9401 6838 9271 8171 11474 7477 9767 9706 9997 8604
7849 3022 10994 6494 8430 8295
7850 429 11449 2809 7807 8899 6830 7972 11184 11113 9801 8363 8000 8914 9026 5600 9316 8233 9491
7851 5294 10044 5596 4855 4081 2760 9818 4548 9407
7852 7875 5984 8727 6583 6171 11326 11505 7819
7853 5448 7604 4383 2467 4393 7830 2728 4456 4576 5695 5627 1219 74 10919 4918 9667 6745 10138 8304 6527 8355 7728 7689 3271
7854 93 10339 958 2120 1609 4156 7512
7855 6996 4275 10918 10971 2124 2176 9121 432 2740 4041 7341 3983 4868 3518
7856 7830 3562 539 3993 2378 7917 6341
7857 7741 11633 3507 2161 11535 4074 5171 7776 178 1441 2666 4240 1764 2731 249 3521
7858 5257 3912 4219 5656 6112 7101 9899 10872
7859 7069 5107 5094 8315 604
7860 2362 5369 11535 9886 3608 4584 6957 10153 10996 601 11118 9939 9658 2652
7861 619 1049 3148 2805 9634 6037 7726
7862 416 3297 3217 2964 7657 7830 7138 4473 7490 875
7863 4726 8038 11329 9830 8900
7864 2660 4137 1800 3096 5293 7719
7865 6996 4124 431 6341 5629
7866 5205 5237 4439 2754 4984 10669 5823 7453 4284 4350 10124 7348 3524
7867 2643 3101 6107 7248 2670 8308 4682 6486 1122 4020 5208 6940 9201 651 657 3859 6261 9237 8659 9193 9719 9184
7868 1763 1893 2058 10021 3910 4925 3956 561 6049 6369 3040 948 7882 7665 3304
7869 2833 4231 8688 7370 233 8758
7870 6501 4662 3708 5146 10005
7871 2484 2327 10138 7001 11014
7872 4376 7311 5215 4444 3577 8862
7873 7292 5052 10143 8219 7357 9934 10089 7579
7874 7048 3700 9611 9158 914 10036
7875 8462 2882 6382 11351 10000
7876 6720 7220 5329 2308 3860 8125 7516 661 6217 7763 10977 8023 7915 51 9462 7669 8851 5956 5773 7816 10738 6838 10569 6432 6589 6646 10512 4411 8517 8740 6474 9093 7484 3506 7021 10277 7841 7790 9123 10480 11359 10218 9170 9939 8915 10831 11218 10574 4745 11613 9336 4762 10897 10239 4828
7877 2274 9156 1890 6555 8496 3873 6119 3581 6834
7878 11163 10937 6451 8629 7848 8524 10521
7879 7036 2767 11336 9454 11359 9538 9969
7880 1894 1231 4239 10465 4387 1980 3065 2390 1428 4140 3574 2131 3259 2221 3185 1774 2264 8573 2439 4616 3998 3290 3757 2834 1905 81 3504 1858 6378 2452 5576 2957 4729 3094 4562 10430 4215 10616 3138 4300 3554 3408 425 2443 8348 5894
7881 6477 9941 3647 10430 6467 6481
7882 723 1294 1361 1850 1784 2347 2697 7223 4001 2429 2329 3846 4142 9426 4216 1984 5931 3090 4186 4876 4603 4288 1817 5720 6049 7121 4834 6195 7519 7999 5809 10383 8865 9561 8627 9246 9976 8614
7883 305 10178 8756 7443 9782
7884 6261 6593 6579 8388 5666
7885 8561 8851 8383 5802 9466 10996 9510 8857 10205 10249 207 10318 9492 9171 10504 8260
7886 5417 3925 4873 3572 5255 4441 5631 6781
7887 7536 6759 5501 8945 9076
7888 9294 10542 10609 9924 9887
7889 10586 3092 4479 10832 535 3963 8567
7890 1490 11449 2201 7299 132 10644 429 10286 1536 7914 4205 10643 4915 10678 11184 114 7004 7940 8636 7372 11350 9736 10419 8003 5060 7712 11334 8529 8315 8821 10445
7891 2224 8403 6401 6439 11338 6143 7233
7892 5489 3870 6070 9363 4398 4390 9972 8267 11297
7893 10968 2530 6091 7170 4203 4494 4557 10883 3682 4879 10866 7268
7894 5349 6789 5046 4765 7365 7170 5041 4065 3696 4421 74 6608 5608 10831 11454 7865 5793 11630 8188
7895 7359 7259 4912 266 3284 8683 5522 7501 9045 5348 6646 7156 6078 8099 4502 9414 8779 7893 7262 5806 4532 5983 4810 11008 6220 2101 6671 4686 11606
7896 3597 6243 8115 8609 9406 1684 9009 8097 10001 779 8659 6288 7477 9490
7897 8010 2131 2221 4344 8688 10047
7898 6778 673 8092 11532 7938 10057
7899 712 2876 3454 11228 3420 4153 249 550 2596 1420 431 5530 9241 4206 2968 9942 8312 6298 11538 4705 5323
7900 6230 4932 6410 10603 7259 2034 6265 10299 7528 5521 11225 5709 4071 6997 4781 3178 6047 5989 6413 7099 9372 5338 5728 886 5656 4844 4636 4606 11339 3701 11038 7454 6487 8724 10058 7754 515 3528
7901 8788 7340 4847 8893 2236 3410
7902 7647 10845 1766 11553 11435 818 6861 257 1175 959 2160 1480
7903 4543 4058 2958 7766 6726 6116 11363 8956 7153 9357 3768 3138 5086 8069
7904 2753 5926 4011 6483 5515 9581 2751 3109 877 7365 7259 6214 8502 7023 11479 501 8361
7905 10343 6751 5368 4776 4037 4485 9038 8960 8771 10402 9770 10156
7906 5670 5695 3277 1394 11247
7907 2224 1534 9586 8022 2432 2432 7673 2165 7982
7908 4679 8001 9187 11375 8705 8918
7909 8539 9426 8904 6801 9996 10795 7958
7910 10844 6612 3689 2279 5853
7911 2480 8408 896 7674 1100 8449
7912 3540 7390 4114 5946 7140 54 7843 8405
7913 3291 5622 10180 4789 3156 661 4411 2432 6660
7914 7976 7498 10996 5593 3204 7155 10871 11353
7915 5151 10925 10027 10009 8925 10439 9175 6656 580 10770
7916 8059 3335 5226 3904 10249
7917 7864 5899 5452 8209 5764 9460 9694 6893 8770 5115 5069 1882 9085 8624 7814 7425 8975 10584 976 8612 9175 10574 10963 9536 9608 9764 11240 11431 10196 7266 8710 11036 10689
7918 9811 6019 5518 6009 6154 9838 8490 5722 11545 10942 9298 9626 10146 8923
7919 6252 4623 5478 10478 6429 9376 6216 5800 11268 6548 7952 9073 9073 4995 6973 7703 10866 4257 8084 6511 7482 5609 5913 6145 5050 8381 5825 9720 5338 7525 7077 7783 9546 101 2236 8204 7455 11365 7972 4511 6234 8009 9757
7920 825 7370 4294 11336 6633 4615 7038 7634 6139 5892 6599 3859 6144 9972 6857 11131 7202 3975 10052 8341 2871 7642 2179 9319 7313 8352 10197 8705 8904 6545 9246 10967 2236 4077 8771 10181 10793 10121 8072 5246 10196 11208 1142 11113 3037 10210
7921 8558 3927 8641 7719 6112
7922 3988 4243 2697 1392 7146 3942 2129 2124 4264 2773 6704 2192 9169 10677 11561 10168
7923 11443 3109 2449 5459 5706 7671 8345 284 6080 11213 4719 7528 6634 7168 3557 7686 10404 6562 525 7837 10699 10775 4655 6058 7939 4420 7498 7569 2786 8771 3196 10567 9713 9015
7924 1634 1113 549 1526 3106 5434 10974 8788 10136
7925 10429 3895 8784 8444 6808 9212
7926 933 212 2781 1224 1610 2237 1909 7381 7381 2386 3493 4045 8739 6377
7927 3435 10829 6284 9972 2341
7928 1202 1228 5674 2039 2414 3464 2385 1340 2223 3705 11298 3806 6139
7929 2603 3769 1912 4737 5498 3012 6551 5622 7211 6759 4523 11199 10978
7930 11198 11467 2612 10197 2291 1971 4822 2332 8287 739 857 9007 6129 4416 11395 2726 3033 6434 6427 4804 6715 7091 5122 955 9547 6337 4729 3672 5400 8501 980 9562 6909 5993 11117 5685 11029 10374 1528 6100 6582 10374 2510 4378 6624 3677 6272 6954 11193 5705 8810 7857 6481 7615 2757 9374 6901 10813 5829 3579 884 241 7344 8041 6852 8665 9526 7947 7896 7482 7126 7124 7545 6158 8435 9380 8111 7249 5556 9663 7870 9879 4948 9418 6185 11297 5138 8878 8036 5099 8750 5108 9296 9016 9640 11270 8903 7322 11055 7022 7089 9387 9161 8437
7931 3190 4778 5134 6081 6825 1063 6911 5196 112 8035 518 6165 8206 5550 4843 2394 4500 4209 7907 3991 1929 9074 10868 11049
7932 10820 434 218 7608 1510 2006 2003 3755 2573 3117 6132 2974 2077 3243 2121 188 120 8798 5544 2890 6410 7453 7446 6422 4232 5357 9050 7691 6994 8587 9817 9536 7337
7933 1210 557 418 1499 10023 699 1619 1403 10021 217 7210 11541 3320
7934 4097 9442 1378 7953 10044 6079 10058 9186 6858 9975 11383 8472
7935 8702 9077 5934 3573 5353 6221 9285 8676 9158
7936 5164 7988 8075 2690 5967 266 2860 8453 10252
7937 4104 1559 767 6538 7037 8347 5602 7052 294 777 4715 3381 10720
7938 5019 928 7665 6898 2260 6668
7939 10263 4993 3241 4113 5136 6785 5179 1771 7687 4539 6320 10735 6967 157 8821
7940 8064 10003 8497 9319 8904 7151 11317 7839 5612 8379 10878 10596
7941 8498 1759 8019 8020 8677
7942 2035 3429 10725 7874 7228 348 8323 10795 4751 9672
7943 4811 4584 7109 1624 8031 8271 7628 8547
7944 3174 4920 4699 5119 3828 6022 6846 8230 6325 8619 6750 2720 1155 9592 10119
7945 4396 3681 6818 5413 4255 10712 3329 10716 8473 313 9711 9214 10107 2563 9927
7946 5247 4755 7882 5419 3354 1751 6688 8186 5652
7947 11382 2173 1918 11571 2538 6653 7735 1749 3061 2553 5284 1024 4022 3992 4630 11399 3706 9368 10676 10490 6360 4018 1702
7948 6537 11108 8611 8057 5722 11015 9984 8663
7949 10644 9608 8957 8519 9269 11496 11265 9786 11353 11034 6842
7950 1667 11427 1579 1338 879 2876 5154 3835
7951 2445 4922 7687 1866 4673 4375 484
7952 10141 9330 7429 11592 11168 7728
7953 7893 4818 5501 5071 8262
7954 6626 10575 4994 7511 11493 318 6797 11350 8108 10003 536
7955 9814 4610 3840 10891 4312 1506
7956 4754 7343 5454 203 11035 9282 9753 10449 10333
7957 6483 1331 10187 3840 3720 1377 4937 7935 1434 4873 4463 1604 449 6016 5357 6723 5199 3517 5322 7671 7701
7958 2937 9828 6035 6259 8876 5296 10227 9249 5323 10295 10176 11337 8258 11425 10175 11506 8939 11346 7675
7959 5466 1689 260 148 5535
7960 4378 6908 10317 9380 10095 6758
7961 5136 6057 6309 9829 7175 6905 9213
7962 5728 11225 7679 7660 10857
7963 6635 2558 3853 6340 5843 4752 5964 1890 395 9658 9658 338 10688
7964 561 2129 2685 1483 131 148 2961
7965 873 822 799 1557 1040 192 1531 9723 2181 1074 1018 775 1720 4305 798 1530 1763 9461 1214 1588 622 1430 11201 10601 5271 1851 8812 5248 3691 2479 8812
7966 6209 11158 366 4217 6971 7006 9392
7967 1958 729 1239 857 2204 3511
7968 10905 6394 10858 10459 5091 10545 10124 8823 3653 8875 7616
7969 8596 6009 7504 4485 8657
7970 11400 2970 10374 5317 5957 6120 8328
7971 613 5607 7082 9582 210
7972 7604 6552 4918 6554 6213 3994 6898 9448 8839 5335 6787 601 8627 10085 9255 9821 9434 8152
7973 10155 4306 2714 5006 7696 3015 7072
7974 4585 4195 1077 6757 6796
7975 4556 7157 11438 6851 7016 6144 6899 8752 11575 8797 8095 10387 10443 9324 844
7976 4447 4315 7343 8690 7931 2874
7977 2421 10106 3592 5695 3191 5177 2497 4599 1135 993 2241 7644 5591 7946 4989 5658 7109 3713 10693 10581 3026 2498 6416 3915 6152 7305 7779 5616 9357 6587 284 7810 6868 7185 7889 7010 4342 10573
7978 7527 7979 8369 6548 7035 6086 6857 536
7979 9178 5055 9350 7363 9815 8911 10071 11029
7980 5701 1222 9856 6234 10190 736
7981 3078 507 7988 147 6003 10985
7982 11154 5516 6477 6461 3510 7326 10286 9810 10830 2404 8928 9851 10644
7983 41 1323 2095 4547 2901 1538 5195 4868 7773 6820 5544 2712 9590 5327 8107 5064 7712 1153 10231 8398 8879 9864 9289 9846 203
7984 5564 4452 7525 9478 9391 8609 10153 7230 1026 5004 8740 654 11032 9958 8670 8199 7020 605 8920 6382 8651 5077 8057 8627 8952 4077 9812 8774 10125 9685 9857 10319 10668
7985 3092 3480 1316 3222 4596 4869 4470 5986 6008 4554 4480 735 4 11396
7986 1806 4239 1980 4231 3536 10717 11022 3634 4441 5516 10873 5690 7485 4876 3481 3713 9842 7843 5443 1704 6926 7601 4381 7090 7701 4832
7987 3043 1003 2567 11028 10621 267 1340 7008 8478 2623 3669 610 1906 9063 3411 6230 6664 7536 6504 10337
7988 1969 2729 7698 8798 1434 6218 6508 5905 7804 10095 9002 8929 9613 11373
7989 11354 10581 3857 3840 10891 4734 2645 2251 4521 3589 9634 6532 10653 9033
7990 6166 5985 7806 7673 8175 10893 5165
7991 3242 6274 11329 9864 4034
7992 6203 4098 8088 5177 7603
7993 6297 2556 3248 4528 4414 4470 4480 4 3241 2407 3979 3645 10600 10612 4471 8418 3026 5591 8172 6371 4766 2926
7994 7976 8714 8055 6408 6338 6911 8694 9404 11496 8284 9747 8742
7995 3090 417 4442 3662 8007 1712 4390 2826 10159 7012 10415
7996 2384 4875 10553 6104 6473 9812
7997 3015 16 3996 7671 7905
7998 1252 1765 5254 4678 4129
7999 10023 1250 10019 5415 4020 5260 8210 8862
8000 870 893 10728 349 414 921 909 6113 227 466 422 11253 1583 4674 1073 10198 45 8331 412 818 805 2060 1898
8001 9832 5154 9526 10553 10905
8002 895 921 878 2981 1081 1312 1517 383 8109 2178 7359 330 2155 2506 10789 5310 2816 9800 2507 819 1822 2755 1563 1411 5180 2259 10786 3081 3780 548 1487 2410 1582 10811 923 187 2778 285 1956 3592 2706 4562 10850 436 2283 2698 5745 4422 6255 1703 3616 3808 8564 3778 3554 5241 11183 4440 10743 3214 4400 4448 5009 7489 10044 10831 3367 3993 3795 1121 4303 3970 3148 7768 9442 5047 5146 5735 9067 777 1198 5313 242 5862 3163 7489 7489 4929 4456 6525 4280 10382 8007 7452 10541 4816 4187 8242 3120 4739 4029 5596 5825 3087 5316 6089 5201 10562 8798 11038 7416 2529 7503 339 8949 9183 1056 11431 8093 9964 10507 4561 4745
8003 7480 6172 6721 6758 9979
8004 7409 3912 6514 6576 1415 4008 905
8005 2411 7698 2945 7489 5692 8784 10233 6974
8006 6222 7936 5177 5654 6957 9618 10835
8007 2922 4371 3518 5505 3814 5361 7469
8008 195 1108 1728 1398 10352 629 2073 2759 10412 1726 1009 2736 470 2134 3870 3762 3133 7879 6893
8009 2186 11490 8408 10233 10564 7383
8010 3490 3293 3190 5040 6364 10728 6075 9576 6147 9225 9208
8011 1874 9656 456 993 2241 2161 3867 2479 4715 3657 2645 10187 9886 4702 4510 5892 9363 9556 9147
8012 3762 2828 10995 4536 358 1512 5266 8603 5475 4882 6307 7160 3072 4926 8408 6425 7092 6833 9260 4571 5870 7490 7202 10866 7615 307 394 9281 10952 9575 9120 8602 11404 10219
8013 3874 5444 5257 3965 10791 11446 9985
8014 6865 3221 4834 8544 9728
8015 1998 11195 2685 2050 9972
8016 7300 2342 3974 7224 8052 5533 11443 6116 9200 3447 6430 9478 9181 11023 7020 5942 9119 10573 5074 5086 4490 11130 8759 9305 1154 1156 648 11393 9485 8836 9451 11426
8017 7559 606 5371 177 9257
8018 618 6384 9430 1003 2696 2094 11486 7683 6844 6650 6710
8019 7864 9838 8335 9602 3382 10103
8020 4659 6110 6923 10716 9286
8021 3566 5280 6423 5616 244 8388 7743 6064 8747 11177 4802 10184 4823 8686 6900 10520 4947 10087 10379 11063
8022 1134 1051 1346 1009 1037 1140 1884 4939 965 10436 10979 1435 2102 1407 10713 8997 1466
8023 11315 606 7389 3769 6484 91 4779 3329 8609 5867 8230 7650 5094 299 9210 5007 10290 9120 9678 3542 6071 10394 10585 11353 10219 2936
8024 7843 9515 6926 9406 5440 3549 6521 8788 3779 10136 1803 11013 7142
8025 6144 8312 6517 10061 5117 11264
8026 840 9073 4692 4998 7692 10005 4769 10874 8496 10856
8027 3784 4717 10995 5962 3814 4727 6843 7796 9540
8028 5921 7043 365 3656 150 6772 9616 7124 9503 9344 5495
8029 699 1052 9398 1396 491 568 227 3745
8030 6947 2674 4693 7679 4286 8216 2808 8805 7584 3280 7082 2806 10425 9722 1355 11207 9693 8998
8031 7193 3814 4027 4261 10118 4112 7036 508 4587 3013 6300 6592 7353 8859 4678 6494 7344 6379 48 7745 10397 3463 7514 7424 4130 8224 6102 7684 7544 4658 5709 8181 7288 8279 8157 10815 6807 8433 9090 7282 7912 9986 9356 7817 7515 348 5704 8443 3991 7431 2089 6948 5256 4483 8051 7111 3989 11230 9628 9429 3830 6515 8726 8283 7938 3314 9899 8473 9023 8447 9083
8032 1349 9495 1235 1261 11217 11246 668 573 961 10632 1341 7071 646 1699 11435 1719 1762 629 11217 3401 2328 2433 3222 44 2465 1525 2343 11147 911 1363 9517 1357 106 11151 544 1350 10581 2225 1677 5026 9703 1848 2662 2661 1571 10918 10914 10915 5448 1437 11411 529 2345 1749 4737 4570 5377 4216 4327 242 5125 4037 2070 8944 5287 5053 8778 8314 6177 7427 8484 1486 8936 7856 7857 3765 2537 6676 10800 8504 8435 8241 10182 9129 8121 10783 10518 10132
8033 294 4821 9416 9429 7582 11604 9842 9842
8034 4421 9729 5727 7093 9248 2103 191 11239
8035 181 1816 2455 521 3486 11162 10669 8699 9352
8036 5539 6890 6598 9478 6064 11264
8037 2956 11631 8191 9267 8283 5062
8038 6190 2705 5502 6739 5768 5212 6085 4886 11007 9466 5426 6430 7763 4289 7670 5813 7024 11010 5569 9596 8438 9628 5588 6748 8747 7542 7630 9596 7538 4807 8076 4736 11385 10573 11417 5177 10666 7747 11006 9196 1630 8349
8039 5140 7007 5799 8335 9791 7613 8334 11595 9266 11144
8040 10180 4326 5362 6895 8517 8388 7586 2924
8041 11399 9811 6429 11449 10994 6928 2891 2201 6923 429 6142 6622 8073 1536 6543 8307 11113 3727 8981 9185
8042 785 10845 1371 11490 3337 3771 1660 4023 2530 8772
8043 8107 8191 1761 6662 1643 9341 9075
8044 763 10533 6720 4004 4969 7884 5983 10591 9460 9262 10315 11166
8045 6723 2578 7935 8896 6241 5188 1124 8365
8046 5250 11268 1486 4029 9818 8172 2513 4882 7390 284 8747 4792 6756 7761 10165 7228 7503 6809 8232 8771 5296 9360 8815 9957 11570 9280 10181 11390 8771
8047 3192 10020 1337 8067 5237 5205 7368 7086 20 9289 313 395 3524 5098
8048 4634 1936 4116 4487 7189 7327 6026
8049 4989 5312 8058 7114 7513 7667 6895 5842 6517 525 2227 10512 9711 8094 10806
8050 4055 5134 6067 6824 9930 3585 5863 7166 4133 9448 9448 7821 3621 8594 10095 5114 1875
8051 2016 3936 3674 7683 1845 7917 5703 2728 2780 4547 10901 1424 11003 4314 5727
8052 10106 2511 4194 735 3444 8382
8053 8479 5872 247 4268 7403 7946 2920 191 7308 11029 5452 10730 4217 5210 4669 3837 8736 2962 8369 11619 3026 6193 6194 10060 9377
8054 4175 6553 2704 2620 5555 2372 7855 9687 8412 6808
8055 2681 3956 6001 541 5346 7251 6199 6089 5643 305 3980 4829 4617 3501 6209 8347 7763 5813 3009 3959 6821 7630 7261 7327 3175 8862 9596 9596 11430 7455 4045 8664 10905 4287 7625 10092 10334 9523 9341 8419 8110 8950 9756 11579 11385 10277 3215 6073 8081 10610 10615 11067 10574 8850 10319 8076 11040 10707 7337 10529 8887 9062 6191 9253 1375 10452 7799 10858 10829 10829 5512 6134 11314 10649 10071 11564 10672 8511 11169 10800
8056 3987 4920 6070 8223 7211 9460 8368 9874 9270 1993
8057 5441 5909 8788 9285 5059 9846 8804
8058 10936 6378 3726 8342 1283 3292 8305 7311
8059 2726 3678 2784 4257 3511 1598 457
8060 2645 11261 6918 5462 6552 713 5255 5781 7810 1942 8045
8061 3317 3322 4495 5153 6742 6816 5821 5626 7051 4924 6049 5048 7140 6399 6942 5753 11640 10340 6797 8023 7662 11434 6938 6939 7249 6511 3319 7572 9700 5100 10666 8755 11472 9230 10078 10666 4967 9096 9878
8062 5837 2268 8059 3170 10946
8063 1169 2013 1897 2243 2838 3590 5741 6680 8104
8064 5289 5459 2042 5580 11483 8307 5508 8531 8527 8295 7372 9419 10411 590 8769
8065 3444 3342 5824 928 6045 4338 5979 5843 5406 533 3669 5194 10233 9466
8066 4219 6539 7068 7783 398 5057 7989 5061 5077 11493 8578
8067 9411 10937 3271 9674 8228 11218 9600
8068 1650 3733 3979 2497 5701 4038 3274 4440 2844 4108 4465 10714 5170 71 1826 6336 7776 7552 10659 10659 6683 5398 3233 5029 3522 2643 142 11027 2823 6198 2887 4414 10829 3279 9000 6371 11181 7508 3398 4449 4907 3018 11260 3999 4046 11323 11068 9615 10659 7344 11072 2365 3787 8272 4083 4389 3277 9168 7408 7315 6030 8796 8079 4610 5949 6051 10104 3653 9368 7335 4868 1462 4502 5176 10326 5477 9586 5509 3523 8725 6579 5040 5320 6593 6570 10254 2794 4554 5565 4210 4211 10155 10752 7263 1069 5616 8456 8282 5367 6757 4869 2473 6709 6058 3392 6884 7060 4640 5753 8035 5559 4696 5569 6660 4017 7430 7780 6394 9190 9021 7572 9332 46 8594 4705 7256 8588 1643 9204 6194 8191 8286 8638 1761 8031 8370 10315 6835 386 8767 8789 8598 9157 9070 1886 4342 7968 9789 10810 6932 9037 6424 844 100 8323 9610 10654 9603 11244 1854 10405 3653 10642 3523 9621 9629 10732 10442 10302 8831 10557
8069 2655 1131 7034 3843 140 10152 5632 3481
8070 4882 10199 4163 10777 4165 9335 7856 8042 9744 11246 9744 10966 10060
8071 2823 1996 2325 11463 4966 5474 7908 3867 2839 7745 2871 11497 9191 3891 4342 844 5647 9157 10050 10963 10104 9698 7808 10623 8493
8072 6398 2995 3621 438 7014 5795 7943
8073 2677 6337 7300 5112 7500 5478 3280 10007 312 10482
8074 4271 6000 7174 7333 6196 10045 11046 10477 9908
8075 6214 4660 7398 9498 6759 9016 11590 503 9030 9675
8076 850 5619 10535 7212 2275 3868 5814 10808 2961 11102 8979 9374
8077 6218 2772 8408 7267 7540 9332
8078 3939 10728 10180 7398 5477
8079 3416 3469 2271 2603 6373 3856 3386 1063 1295 5727 10544 645 8788 9391 7729 10286 3992 6910
8080 5630 4605 5072 401 8780 9305
8081 4328 2541 6519 4568 3647 3876 2315 8666 455 5618 2443 5128 11154 425 10927 3169 6468 11531 5223 3933 9366 6481 8396 6812 9347 7435 7333 4641 11437 6983 2220 10430
8082 302 4430 10767 10414 1667 3377 1038 1374 3482 11153 553 1345 1010
8083 3695 4293 3121 1700 3829 8821 6573
8084 1816 3668 3674 3981 9721
8085 4524 799 1546 9842 1291 1740 1258 1719 1141 2189 1289 1436 2083 280 1638 1207 1435 729 3183 10271 3537 3105 1510 1549 3646 10641 2029 285 2814 10464 1648 8603 7312 3132 5780 3560 8667 10893 5026 2253 2716 8003 8186 582
8086 7194 9484 1630 1854 10398
8087 6883 5971 10128 5220 6522 8827 10623 10808 9791
8088 2859 11527 6996 11245 2860 6669 7781 10937 4208
8089 208 9966 10789 2471 3388
8090 7530 1307 2369 2422 9724 2612 9368 700 10875 4476 6137 3342 2935 2933 4218 1918 4233 11000 4863 3420 4662 5375 3536 1769 4875 11093 2875 4449 3446 2890 4865 10191 8314 3712 3565 6918 3116 3474 3057 3850 8779 8798 6011 5756 886 3300 942 6023 9944 7607 9915 10558 7754 4609
8091 3825 4585 1817 11284 11223 3666 1912 1118 5969 2025 4447 6168 2437 11046 9528
8092 4850 177 986 3519 11336 5623 253 531 5678 5159 3724 532 10734 252 11336
8093 4055 2764 5800 4261 4688 6051 6425 4357 2450 2198 7277 3017
8094 1195 5434 2575 1295 4928 2724 6333 11545 11225 7174 3859 10446 8107 10999 9506 10781 10590 9184 9685 9821 9566 9784 2563 10440 10440 10440 10440 10513 10210
8095 4700 7816 8539 10815 11585
8096 4934 2234 979 471 901 2243 2863 2063 3236 10816
8097 2794 6286 4518 6685 11336 4251 5320 6760 4766 4211 8220 7651 5385 5559 4210 7380 8410 1761 8588 10967
8098 9948 5832 2984 7259 7115 11177 5913 5319 6380 7033 11591 3546 1794 9490 8539 4747 8369 9747 7903
8099 4999 5631 8842 4486 7508 8473 10233 7949
8100 321 3583 8567 3181 3475 2552 10341 1656 11357 442 3834 2491 2203 2057 1818 470 3065 9920 5186 2341 10823 2973 2506 3655 11458 11143 10622 4905 4152 7999 3137 903 2760 4376 3577 4940 2256 5474 7121 7159 454 2643 3957 8430 1657 5299 1909 3948 3302 2034 5914 8368 3319 9641
8101 6720 6271 7706 4324 7586 8706 8411 8849 10512 7654 207 8814 8923
8102 2480 2654 11301 10343 5841 2986 3411 2371 5444 11093 356 11123 2875 3320 4380 4006 4707 9376 8642 8756 8753 9285 5098 11431 9091 11522
8103 7431 6283 7667 370 8707 3891 8695 11499
8104 2119 3638 4650 4443 5307 2537 7951 9458 10761 9239 569 7185 9118 8774 1993 8803 9927 7172 10652 10522 11053
8105 795 1130 5282 5135 2281 1483 10087
8106 3313 10464 6694 8149 10720 7594 2348
8107 7453 2772 2494 5839 2420 5123 6433 8150 8603 10808 5820 669 9078 4961 6309 743 6554 8691 7876 10718 6089 9705 4486 7763 7670 7898 1777 5353 11034 9338 7630 9596 10569 9627 105 10415 9426 8661 6507 8246 9308 1355 8438 7975 9034 8321 7484 8815 5605 7061 6859 9500 6782 10229 6529 9906 11398 11038 10510 9263 8761 8289 9032 9939 8915 8745 10897
8108 5582 303 638 711 3083 10933 2770 1019 2886 1681 1680 2525 2651 3569 2422 3358 7034 1326 4259 11140 2442 2406 98 10911 4290 11443 2999 4502 3898 2558 9882 6730 7588 7345 11344 5382 8650 10663 546 6990 10797 9565 10369 11273 10040
8109 734 870 2543 3001 7212 3781 8484 4071 4803
8110 2571 4240 1912 181 4221 4348 3616 7221
8111 10733 7807 7781 10937 9753 10250 9360 7582
8112 1033 1014 1473 8630 3293 3291 2895
8113 1979 201 4588 9478 8992 7707 4407 8490 5858
8114 1808 1679 2312 430 9563 3622 924 524 5672 993 1789 3456 4560 3362 3775 10971 3808 4023 4964 6341 4599 3317 526 4246 11514 3172 712 11183 4662 7709 5771 5825 5332 5016 7397 5796 7341 5773 8230 8381 419 7777 9744 9315 8889 10508 9400 8490 1803 10670 9379 10515 10243 8087 11432 5722 7841 10529 11264 9739
8115 5528 5194 4412 8234 4714 10791 3621 7976 8004 10093 9045 11090 7564
8116 8980 6744 8318 6777 11126 7636 7975 11359 7395 9759 9950
8117 3159 2337 979 3598 6754 5194 6963 11045 8188
8118 5744 8220 7114 11543 9136 9014 7989 7998 10663 7021 4750 9555 10470 8598 7689 10096 8227 8168 9617 11350 5407 8253 8515 9776 3626 10861 207 3653
8119 1392 11401 2995 9167 10346
8120 4464 5012 503 10280 7781
8121 7964 5777 4917 10433 8001 4888
8122 4150 3411 4907 9244 8232 9030 7675 4117 11071
8123 1307 9941 3497 2673 3194 2202 4002 6753
8124 10738 86 9627 8465 9722 9062 569 8328 9550 10858 7648 10107 8534 10300
8125 3280 4803 10277 8993 5165 5545 8901
8126 10634 5994 2448 5384 8305 4642 4706 10889 4798 11599 5415 3857 2365 5363 9645 7121 6734 7194 7842 8788 7891
8127 8080 1238 4326 9372 105 10334 9658
8128 672 435 5466 2696 11427 7025 8281 4089 1924 10383
8129 5383 2207 2970 4979 5447 4915 7899 2232 2648
8130 4497 3013 4753 10263 10967
8131 4680 3585 3268 664 1943 7467 2644 10829 910 9207 116
8132 5886 7625 6295 5363 4734 3053 2473 9943 1996 10721 1776 5986 4869 7487 6818 5950 2449 5753 5134 5636 7065 8206 8962 8625 4895 5321 6570 7779 8698 7962 6193 8286 10069 6746 9676 9652 7305 8597 9191 9070 9075 9693 7717 11309 10665 9837 6030 10421 9799 6124 8875 8789 5216 9974 3653 10682 9578 10652 10861 7315 11585 9603 8831 10393
8133 3154 2163 4365 10436 4582 191 10435 2593 2996 4610 2747 3450 4921 1323 7406 550 4380 5727 5627 854 7036 3013 294 1504 7437 10985 8356 10985 6831 6624 7435 6479 11376 7814 8443 9158 8171
8134 4975 6462 6444 7149 6173 7105 7075 11142 8001 6946 6502 7964 8430 4250 3885 3933 5014 7016
8135 6116 7090 10718 1942 10482 11509
8136 11059 11525 11313 11167 10053
8137 9430 5282 1073 3254 2508 5641 5334 6221 10273 9092
8138 7359 7121 5606 8788 6037 4205 8836
8139 2245 2237 1040 6970 2579 8837
8140 7489 6837 9457 7728 4581 7563 11255 9359 10590
8141 3730 2007 7460 6467 4462 6762 8502 10677
8142 5516 10655 4964 5522 11350 9608 11518 9805
8143 1219 3769 2511 8497 5104
8144 6376 4856 7917 6002 11591 6822 7545 7280 11058 8679 8746 5192 5647 9907 8901
8145 9941 6385 2915 4316 7689 6853 5786 11131
8146 10400 4585 5937 185 9488 2895 7347 8395 7136 577 590 10967
8147 7213 10659 5533 4304 5954 6711 6354 10090 6116 2325 11547 6122 10653 6825 4815 5865 6938 8576 4825 8652 10890 6348 7758 7751 7744 10964 8236 9306 6882 9894 3316 4967 10070 9650
8148 3532 9417 6732 5922 6144
8149 2034 10374 7239 1804 7546
8150 5872 2450 464 5744 6992 11150 9211 8518
8151 10320 5375 9818 7093 4455 5899 7858 7565 9590 7481 9975 307 360 10227 11497 1157 7222 10349 2743 10294 7797
8152 693 1529 1455 4674 2409 371 1481 1258 2235 1997 458 4137 11226 3606 9251 1752 5686 7986 4908
8153 8448 11305 1251 9006 6507 8448
8154 10889 4837 2335 7235 6825 3610 3579 4673 3765 7937
8155 5737 10087 5218 4312 2201 9214
8156 215 11028 8129 10332 10332 8053
8157 4133 3130 10687 8572 7353 7840 4888 7670 6222 5406 8573 9391 9008 370 8627 10250
8158 271 699 1210 10608 6669 8453 8294
8159 10676 11328 8953 8992 11000
8160 7578 2480 5416 2878 11405 1979 3884
8161 11189 11189 5771 7248 191 3328 2449 4540 6864 1684 10595 8598 10573 7889
8162 2332 2856 10368 7917 3480 10936 2542 8921 4298 861 4344 1438 11268 9661 10936 4089 3654 10192 1936 4476 1419 5217 1767 1501 10535 4806 3658 3446 3157 3223 2834 2275 9438 10830
8163 6791 4470 11386 2034 10785 8252 7801 4114 8964
8164 1022 10320 4716 616 8013
8165 1710 467 1070 6301 4543 3837 3368
8166 6029 10457 6542 7259 6906 4929 5370 6664 6151 5943
8167 7655 2544 9057 9112 10008
8168 4141 1144 125 712 6302
8169 5878 5211 5610 9744 4257 7932 10866 7295 9014 7070 3177 9714 11533 2159 10635
8170 5164 3066 5359 8175 11146
8171 3946 9598 5876 7211 8495 2084 313 5055 9103 5298 9223 8361 11218
8172 6205 9242 373 6249 9652 9930 5056 8311
8173 5178 2466 3249 2354 4738 4426 7308 7422
8174 6446 2970 9448 2906 9804
8175 5682 4674 3429 7585 4254 4188 8013 6464
8176 4073 7893 7718 10808 9008 3 10644 7916 4098 11623 8367 11074 8258 8364 8087 8957 8884 1142 9239 11034 7167 11326 9487 9777 11554 11326 4172 11030 11616
8177 6724 5440 5607 6563 5201 4368 8192
8178 7775 9379 403 6288 10741
8179 5593 474 10023 3067 3609 4125 10920 7160 154 2331 10698 9314 1375 4010
8180 6788 11238 6746 9317 5850 10829
8181 107 146 9944 11038 7284 9915 9052 10293 9964 8951
8182 7453 2646 2476 5540 6304 8980 6570 4061 11438 7060 7858 5546 6797 86 7284 8486 2926 6136 5782 8370 952 8219 9746 9209
8183 6198 8034 5130 9729 9311
8184 3279 9383 5649 1790 8471 4342 3653 9950 10663 10680 10861
8185 155 8213 346 2004 524 10816 1706 2635 10359 175 737 1348 2375 999 1000 2913 219 1420 1069 3460 5529 8838 3513 871 3040 3119 10659 4087 6122 2779 6683 3522 10508 6231 6194 4530 4554 5665 3649 3505 8675 2547 9204 7941 8932 9457 10410 10678 7744 569 5747 7242 8534 10250 3653 8809 9046 3656 10335 3727 10200 10666 9096 5715 7846 8447 11244 8782 11244 10757 3523 11053 11147 3523 11249 11285 11110 10447 4742 10628
8186 5247 2449 7985 6368 1951 7977 8659 1593 9894 7730
8187 7831 9988 8511 10034 10152
8188 2479 3553 7776 2086 4503
8189 2640 3213 10391 5745 11522 2856 6056 11597 1765 4709 3381 1093 7426 3871 7453 8161 4354 447 11527 4963 9376 4176 4961 9588 8340 4101 1889 6531 7997 9275 9298 9998 11576 9784 3196 7402 10310 10732 9963 9529 9996 10017 6036 10868 11503 10126
8190 10235 10690 2881 5842 10718 10529 9982 10563
8191 3418 1022 11163 11018 6880 6944 3909 8377
8192 1059 1341 1784 11516 2188 1084 11628 762 2864 11164 3422 2577 4498 4821 1161 6311
8193 246 1146 1255 573 4689 4863
8194 6019 9941 256 9446 8221 7538
8195 7962 947 9657 8876 5094 10388 9439
8196 9961 4667 3959 6476 7452 7962 8128 500 9873 11193 7489 11034 9609 9872 10253
8197 2341 9608 10734 8015 146 7940 9032
8198 2974 1823 4599 4263 5505 10995 9588 7255 4887 8762 6790 2449 10994 2518 5580 4678 4262 4294 7842 8369 3077 8044 117 7614 7614 10980 9569 8882 9353 9998 10318 4186
8199 1922 7251 8590 4559 8322 10702 8467 7079 9425
8200 6975 5810 4765 8909 3544 4398 7527 10541 6430 2962 4345 9424 5904 5461 10566
8201 6471 3471 7277 6938 7842 8078 10905 7694
8202 6469 1736 5508 4813 6506 7500 6267 10374 7951 7095 4320 6874 9161
8203 784 4053 7153 7114 5610 5138
8204 4893 7170 2574 7842 3429 5757 9904 11140 8395 6260 3196 11604
8205 552 6556 4176 6398 3304 9343 10678 9500
8206 1111 10453 5304 2956 3446
8207 9424 4326 7706 2946 6441 9686 7117 8944 6472 7585 11577 6251 6935 6486 9530 8237 6797 7215 11577 5819 6108 10077 8683 6895 10623 9949 1684 9932 10092 9330 8791 8864 10967 8290 9112 11595 105 10069 1308 10512 9262 8016 8351 10615 8749 7812 10418 10101 9847 8874 10473 7635 11207
8208 5885 7000 2806 9066 9167 9005 11030
8209 4571 7174 6659 8725 7501 10937 68 10385
8210 6139 8736 7626 2040 6003 8502 10905 8683
8211 2888 7576 8632 8107 9904 9386 11218 9884
8212 5792 5510 6962 10093 7000 8190 1056 9157
8213 7335 2034 7240 6586 5880 9182 8239 9280 7495
8214 5262 11340 6870 6743 2767 4190 6594 8127 5520 11359 8728 9025 1593 8548 9463 10609 10062 6426 5007 7573 9915 102 11224 10717 10394 9928 10497
8215 144 5711 2596 10943 2793 3022 4185 1182
8216 2434 3804 3369 4291 2286 3277 5527 11305 8536 4348 11181 3531 2137 4642 9077 7944 2866 3435 5879 8432 9806 7917 10553 2323 10785 7195 10510 11325 10574 11613 1162 5851 11222
8217 2925 4691 11369 442 2660 1878 6722 3185 3565 6024 1331 9676 5596 8798 10044 5725 279 7917 326 2995 2043 1835 8779 7512 6707 8694 55 10856 9571 11097 9525 11282
8218 10165 8618 11140 7004 5578 8145
8219 1098 1725 1567 1333 1502 10656 1140 32 1422 977 1390 6426 7381 61 2593
8220 1231 1657 178 7212 3534 448 650 5862 4908 3775 2985
8221 2149 1920 11475 1345 2525
8222 709 716 557 10395 1499 255 378 888 10586 6644 10417 1442 1873 225 1560 1487 1274 5670 1911 1482 2355 1697 1280 644 1520 1049 4923 1218 2981 7950 1664 473 7608 1374 1449 1085 1565 2011 1493 6132 788 489 10202 10339 1440 7219 2233 226 226 2115 1517 762 10169 3464 4344 727 6374 9197 171 3474 10167 188 381 11122 3116 2642 4560 2422 4056 9646 120 3520 10524 9000 7025 9646 1805 3706 10520 3850 2875 8689 7504 8114 5203 7652 7598 3614 8467 8771 7648
8223 4726 8183 7581 7775 8604 7324
8224 5646 7097 10520 9074 9593 10519 11264
8225 3606 5121 8292 8366 3938
8226 7036 7378 3786 8017 11207 10349
8227 11018 5567 5500 11588 6496 5568 11303 8797 8722
8228 5474 11587 9645 9645 9645 6232 8133
8229 7578 1794 8115 7161 10643
8230 9329 3451 3450 9682 4374 416 8626
8231 661 7307 7964 6657 7827 1942 11288 5913 8859
8232 4320 8126 8937 5918 11314
8233 841 3057 10669 7453 2367 7953 8631 7056 8191 10716 8229 9460 3614 9536
8234 2055 5755 1247 2910 9117 7176
8235 8024 1702 9447 7855 10733 8311 3944 7030 6315 9164 3037 9844 8632 9524 7593 9111 11320 10295
8236 3735 3245 4141 3804 3457 3287 5196 5157 9424 2309 8335
8237 6840 6377 4282 8457 10027 9507
8238 4131 2299 11565 2657 2435 3090 1486 3677 983 5800 11399 4543 8508 6006 5465 7815 7714 8594 8932 11104 5438 11047 11476 9153 11130 11130 8094 6357 9340 375 8253 11104 9095 8938 9149
8239 5525 7404 10564 10564 4861
8240 4298 11252 4222 2356 4070 710 9568 9306 9428 11140 10060
8241 9057 11024 8676 9355 10788 10793 11398 2056
8242 7205 3010 7200 11015 10613
8243 10831 2274 10831 10831 11137 8035 8402 8070 11244
8244 5163 7489 5464 6690 3623 10866 7438 6739 6151 9627
8245 11338 1161 3378 7406 6303 3621
8246 3494 4798 4425 5420 4369 7289 6634 5105 9567 11155 976 10545 11049 1320 8360
8247 11509 7402 9786 380 11560
8248 1734 7251 7502 6377 7040 4258 5457 6114 7622 4059 1143 7876 5786 4556 7600 7571 7267 8077 7796 8277 8257 10984 1791 3895 11149 8672 2665 9129 9494 9412 9639 11058 10403 9324 7973 10162 11572 8132 10104 10928 9610 9584 2579 9907 5850 6813 10654 10226 10272 10483 5851 10168 10504 5859 11236 5418
8249 4937 6658 7205 10464 525 191 9904 9767 11140 605 10302
8250 5579 39 9656 2469 3285 3187 3415
8251 1035 2019 660 690 414 10778 946 11217 378 2168 2307 705 6178 4486 1012 267 2791 10819 8022 377 9724 2551 11072 2060 11345 5896 3916 11617 9936 9765 11083 9983 11377 1192 8512 4117 8712 11425 11613 2741 11314 11372
8252 1225 2783 9577 3705 2764 8536 4591 4906 2512 10901 432 2100 5329 2316 5168 710 7146 6301 7055 6949 777 3856 11401 1399 5555 10279 10650 11224
8253 1840 4287 2071 2294 7874 5234 9402 7829 7074 7214 6187 883 5604 8506 7328 5653 9955 7305 10597
8254 2990 2492 3691 3287 11185 3668 11132 2574
8255 2823 3460 9977 1922 3965 8154
8256 5860 4318 6023 11237 6467
8257 5436 7259 8340 8371 8121 9154
8258 1083 5672 7628 8565 10074
8259 6766 2705 7879 3574 928 5459 6261 6776 8058 2920 5863 63 7328 4706 5600 11464 9526 10961 11403 7122 8641 6185 11563
8260 7410 10215 1782 6087 5183 5796 5759 4426
8261 2744 1256 3894 1147 557 474 979 621 5020 1223 2245 951 407 794 10974 2233 1735 9933 8137 8997 10969 5295 11342 2546 680 8667 1742 332 3970 10167 154 1126 1740 2564 2514 4220 6881 4003 2575 5157 1283 6661 1309 8640 876 3136 7980 108 10599 2285 10809 9818 7206 9051 4929 9050 4933 7829 9954 9337 883 7861 6783 10883 8186 7372
8262 3573 9634 10576 7262 5193 6364 6673 9818 4081
8263 4004 8343 7212 3303 277 6577 9645 8267 3965 8222 5958 10957 7277 6064
8264 5912 10971 8479 11018 8078 7473 4757 9103 8363 8755 11130 5005 6571 10358 8253 10537 10164 9894 10451 2238 10131 9202 5007 110 9895
8265 851 2033 1044 2815 2269 1632
8266 3468 6127 8486 11575 9324 9112 10104
8267 3412 6541 3361 10014 5542 2999
8268 2609 10306 6201 9729 3557 2059 7056 5503 4171 4173 3623 4668 4257 11445 5609 8847 243 10765 509 8045 9998
8269 8802 9857 10373 4742 8748 10041 10335
8270 7663 4121 2397 125 10530 3224 7290 2950 2883 3609 5485 10026 10653 5490 7412 3232 8865 8871 10961 7061 10067 9137 10064
8271 4537 5715 6492 814 10605 8337 397 8387 8535 9638
8272 576 11217 1164 372 10786 10169 3060 8992 7481 5147 2846 9186 8591 1355 9698 5750 10109 11506
8273 791 11072 2416 3693 2107 1740 2029 659 11301 11600 9703 6781
8274 8811 2678 8811 8406 3840 4866 438 5 4283 7505 5702 7617 10389 6995 9515 518 1672 10087 6412 11583 4581
8275 1219 5161 5158 5528 5894 5380 5589 5379 8007 2042 6208 4813 1016 3314 2611 10297 10718 10128 5842 10496 6329 6682 8361 6080 8421 4431 11526 7513 5234 3175 3130 663 7495 8926 429 5636 7472 8527 6688 8454 11505 4757 3356 8671 8126 8983 604 9842 10857 9245 7934 8920 5096 8880 9575 6097 7664 10394 2491 10870
8276 5014 4868 4911 10687 7435 6261 9526 11464 7085 10440
8277 5510 514 5105 9765 9610 10158 10597 11421
8278 10943 10879 2177 1279 4291 5761 5557 5912 5393 4139 8435
8279 6019 6536 6552 2699 7965 5989 8921 3487 7630 10277 11207 10452 10529 9610 10431 7959 10572
8280 5235 4191 10611 6942 10463 5440 7609 9073 3281 3104 9187 8957 7114 8659 7473 4757 6320 9136 7475 8728 9152 10137 11130 4010 11476 10332 9103 8991 9865 8906 9582 8853
8281 7050 9972 7836 6487 8073 2574 10443
8282 881 1255 1257 4558 2604
8283 1434 4228 9567 5914 8698 2871
8284 4520 6051 5998 3975 7879 1889 8032 8725 3275 6089 9722 8425 10658 9380
8285 3491 2106 2491 9803 4204 8813 2804 7034 2487 2388 4175 1323 1781 10275 5477 7667
8286 10501 5157 7704 8551 6608 10761
8287 7840 24 9776 6767 4077 8071
8288 8524 161 5022 10334 8480 9319
8289 3006 8631 4119 568 1457 11364 225 815 1705 1564 2715 2355 1175 9933 2992 10657 2639 352 292 7890 5926 7617
8290 4275 841 4327 10919 9645 1712 6041 10871 8368
8291 3953 3309 4587 3186 4588 5461 8495 10095 11246 8636 10761 8453 10189 8742
8292 4575 4342 7389 3180 4470 8282 2393 4284 10728 7060 7065 5136 7342 10410 9943 7430 8538 4869 4599 4480 4304 7060 1538 7060 5614
8293 2325 10090 3614 7747 3649 8782 8638
8294 2158 4647 10590 15 10286 9993 11139 11328
8295 10003 9418 11292 546 9567 6914 8678 10387 8847 10165 8641 429 7422 10371 9539
8296 6785 6329 5634 7600 4666 7514 6929 3546 7628 10250 11426 9650
8297 7395 8302 5177 7106 1156 10986 7499 4467 10011 9726 7938 9964 10123 11622 9097 10252
8298 5595 1504 8909 6050 11582 6975 7189 2644 2510 6480 11181 6463 5201 10178 7385 4382 7693 9830 8053 9136 8402 9133 9129 9596 10905 105 4826 7342 9840 4045 9795 10291 10481 8041
8299 5462 5475 9164 9842 9850 8991 7993
8300 1279 3794 5932 4641 5479
8301 6850 11574 5050 67 9986
8302 7346 9215 5194 10695 2367 10390 1962 2993
8303 1705 2399 683 10586 3653 9430 412 2399 8599 823 828
8304 3591 5650 2052 4180 8953 4935 7339
8305 7634 10733 8470 8064 5720 10877 9164 8271 5071 9276 8105 8918 8563 10574 10702 5778 6767 9866 10989
8306 3711 1226 1926 1395 1514 2212 1113 1107 5282 1998
8307 9608 8303 6599 5639 6167 1637 5220 7671
8308 742 7935 4032 5162 9687 7165
8309 4753 9608 4223 4709 3045 5252 6832 4557 6698 7008 5142 5226 3446 8359 11025 6147 11154 7953 9829 6787 6356
8310 11624 7107 7107 11053 9955 11053 1630 9748 1854
8311 9565 9306 9304 5091 5104 10260 5178
8312 4876 4543 11586 2070 3927 11481 7688 884 8179 10898 10785 10205 11603 8420 9935 10722 10722 8948 10675 8455 7094
8313 10106 4019 5217 3137 82
8314 5425 3020 982 5650 8926 9158
8315 6852 4378 4313 8501 5121 10060 7471 11451 8695
8316 5695 5551 9567 4490 10998 11554
8317 1903 1673 791 1196 9339 5599 1351 3854 1863 1011 461 2094 2129 2918 5020 1782 8271
8318 870 5271 1392 9925 1847 3171 2278 2938 2436 2304 2163 2627 11414 2411 346 1935 5044 4007 2609 3405 9057
8319 11061 1007 5019 3363 5611 3193 1222 5001 5420 2110 7865 6313 4833 7736 9343 10715 3126 10731 10926 866 8087 9739 9409 9373 7938 4489
8320 4424 3289 6625 9097 9784 9898
8321 5869 1929 9273 9052 8249
8322 9632 9515 6229 11238 7027 3786 740 6741 9853 5897 5514 6194 234 11024 10293
8323 3137 3436 3962 875 4440 4130 4584 9410 3777 11593 7575 8511
8324 6512 4232 3526 5971 9740
8325 11641 3529 4055 3843 9469 11288
8326 7999 5239 1765 5324 4026 5979 6099 5964 3393 5185 11521 4320 6107 2885 2400 2034 6396 4873 5683 2036 1238 4209 5828 1781 4587 1608 8762 4532 9718 10866 5809 10595 7662 9421 9021 8477 9190 10165 10165 1505 3631 8636 8529 4750 8121 11518 9397 3196 8469 5095 515 10999 6863 7363 9998 6033 10658
8327 152 1137 9480 4113 3656 1320
8328 5436 5254 5022 8159 7007
8329 8150 3960 3436 5980 5571 5906 7605 11375 11278 3852 10808 5073 10722 8379
8330 522 5986 8572 8851 1367 8383 7790
8331 960 11298 11160 2376 10634 11045 973 3711 9205 2174 1861 2093 3224 1845 3537 1044 2491 3729 1800 1821 9882 7885 10753
8332 6230 5695 5524 4965 4548 9585 5074 9988 8068
8333 3577 3977 3269 9188 8405
8334 715 3007 734 704 808 5054 3780 1742 1844 863 1551 10860 3592
8335 3762 6252 4048 6870 6084 3630 4778 4804 2841 6323 6506 5149 3983 4584 7888 8671 8705 7927 9608 3382 9612
8336 1858 11233 3259 3349 3331 2867 10029 4570 4906 1912 539 10368 3244 2757 4905 9044 5386 11261 7768 3654 1506 9706 11203 8545 11585 11398 11376 10897 11125 10896 10649 11357
8337 5522 2400 5536 4411 10866 4566 6203 9599 11543 654
8338 2735 7917 3469 2921 2186 3071 4507 6819 9100 8539 5947 10831
8339 2257 5558 6537 2699 6303 7251 8323
8340 8216 7215 10546 10314 5296 5699 6405 9030
8341 1044 4147 11140 3722 3972 4414 2423 1135 4964 5168 4582 8045 8100 7140 6942 8099 7558 4286 11292 9267
8342 2760 740 11162 4256 6347 1413 4081 1907 3909 6201 3673 7406 8827 3190 4339 3396 10430 10924
8343 2128 8929 3937 861 1281 3846 4870 3206 239 6274 4482 2757 1093 5404 3962 4410 6066 4288 4645 2294 5536 6305 11588 8163 8191 9890
8344 5269 5265 6308 11001 7135 7884 6711 3558 7114 8672
8345 3115 9194 1082 749 975 2383 1084 10034 2318 3313 1102 10426 4385 889 1261 11011 3877
8346 3747 5130 4873 2439 5412 5160 3731 4018 5529 4180 6450 4416 8385 980 4290 4078 6370 8503
8347 1994 1704 4706 6404 11084 760 8615 7992 8059
8348 7323 7718 8956 6021 2822 3990 9530 8019 8112 2926 8140 8370
8349 6209 8182 2325 7131 4361 4505 4503 10880 4545 9008 11329 1568 7339 1768 9666 4307 9165 4967 11080 10602 9979 3220 10861
8350 2667 10918 5448 4275 1750 4290 4128 7138 7290 11281 1209 7146 650 5611 861 4182 2796 2549 7663 8267 3227
8351 4245 8725 6322 8539 8572 7742 6502 5707 8859 7651
8352 724 1226 573 1412 374 1796 1133 5026 1813 2253 3633 1360 4733 3041 7662
8353 5399 10714 5596 8162 5201 6784 3690
8354 3161 9346 10427 9771 10342 10950 2491 10563 10563 4828 11218
8355 642 10589 857 5337 9042
8356 2492 1601 3029 1323 3729 4 5205 5175 7246 4019 8309 8696
8357 3078 11406 7437 8019 8434
8358 9050 2645 7234 6597 9930
8359 1210 944 9056 11427 9042 1344 2050 9749
8360 4731 10137 8530 9484 200
8361 10057 9713 9560 11139 11174 7675 9173 11309
8362 2976 2616 10530 2925 2174 650 2016 8811 1823 1598 1907 2780 3118 11099 2166 7190 4621 5695 2511 3688 3758 2751 3610 4428 8603 9886 5873 5294 5704 7149
8363 11614 1196 9795 11517 1739 7892
8364 7261 10141 8373 10549 8252
8365 5095 5067 10107 9500 10829
8366 2977 3966 2388 277 1984 7830 4222 3415 4456 3955 9215 4131 2777 11617 3398 4310 3941 1212 3067 2501 7160 11492 449 1831 6099 10714 5879 5252 1075 2216 4979 2211 2214 9644 4502 6789 4336 876 7251 2277 5687 4571
8367 7548 11107 8539 3899 6464 11288 9066 8363 8884 9842 9675
8368 7406 2794 3107 5594 5427 5218 2498 7263 3021
8369 4290 11375 8959 8849 10001 3818 10038 345 11108 11140 1765 8106
8370 5914 8609 8372 8636 9397 11484 7324 11293 10542
8371 7453 6393 8196 3368 2670 4982 6664 3109 4016 4910 9383 7980 10866 3885 6827 6659 8725 7546 6021 7932 9372 6893 7442 10095 7087 6721 7181 8252 8924 11477 8365 9771 7984 8928 1945 10099
8372 5508 10630 8200 7544 9380 4718 605 10588 9584 10572
8373 5282 1400 2329 2582 417 9448 2855 3762 5341 4817 11408 3764
8374 3999 4505 8643 6924 6849 7256 11304 9672
8375 7203 422 1000 998 1923 670 2744 3659 11462
8376 2131 5312 7437 5348 9904
8377 513 1585 7212 8287 2177 5112 5953 9849 6003 7412 9021 8367 9231 7425 9752 7934
8378 6354 8034 8554 9458 10130 10573
8379 3429 325 9791 8394 8722 8287 9400 10189
8380 2787 3217 2002 2521 10876 4189 1971 4519 3723 11636 11332 4127 5210 11489 7501 7876 5780 7743 8683 9743
8381 588 5831 9945 9715 9558 10927
8382 4378 10657 783 441 11105 10004 825 838 720 916 406 855 11364 1094 496 2355 275 668 6099 2834 2875 5009 5978 126 9721 2051 3443 2203 2658 7932 7288 10097
8383 3008 5683 5639 5125 9345 10937 7869 8295 2191 3271 5087
8384 10412 832 10711 11527 5786 7617 105 9843 10473
8385 2570 1755 5178 3664 4117 10831
8386 7300 10875 11545 1157 599 8560
8387 2280 2280 2280 2280 2280 2280
8388 2157 4663 3966 10987 3168 1860 11093 2728 3736 5330 10138 10959 4722
8389 8929 11360 5294 6252 2596 2723 5158 3298 1394 7703 6216 8362 9259 4673 2220 5 9393 5546 3926 10764 5961 8359 2439 5785 7642 10988 10584 6266
8390 9960 4190 7970 3938 6948 9290 8712
8391 3649 8144 10297 6439 5503 3032 3541 7449 7102 9479 3546
8392 11374 7349 6925 4120 6470 7590 8572 10569
8393 571 681 10298 7763 11283 7790
8394 4202 2367 6824 7585 2277 4868 5956 7506 8269 8904 8097 11062 8476 8759 9492
8395 5537 5940 6092 1881 7465 6229 6971 5546
8396 656 2220 7461 5870 3136
8397 1783 2751 7162 5988 10937 8696
8398 4232 5846 9045 5914 4118 7140 4617 6659 9014 3334 9950
8399 1376 2925 3004 4036 2051 667 2755 3698 11093 5006 4697 4547 2858 7219 11274 2823 3496 7890 5879 4329 2965 3949 6582 4235 10044 8429 8642 7882 5875 6672 6062 5308 2008 11241 5000 10944 8725 11205 5616 4877 7504 11548 7785 7987 10905 6562 5435 4801 10863 8031 92 9915 10573 388 10241 8768 7652 9166 8693 10985 6994 7973 10194 10059 11376 11377 8587
8400 3716 10690 5894 9775 5383 2222 10429 10305 2443 11531 10390 6873 7742 584 10687 8326 6970
8401 3180 5865 10080 10788 10557 9521
8402 3168 2818 8929 1534 2875 4376 5617 8429 24
8403 2362 10026 4154 5258 5664 2125 2974 2491 6735 4131 7170 7909 8147 7239 7605
8404 7212 7687 8894 9570 11526
8405 5564 5500 7140 7638 5028 7966 9187 5813 8001 5201 8383 6745 7231 7006 3545 9452 393 398 8294 8828 5192 9668 6092 9413 10967 3351 10617 8940 439
8406 2396 6681 8620 8761 9149 9246
8407 11545 5961 2377 8402 11113 7545
8408 5877 7920 3328 1966 1977
8409 6039 4219 4641 11348 8099 7567 10866 8788
8410 8479 7081 9842 3558 10134 8300
8411 5349 2114 5980 6222 6851 8191 9372 6990 9613 10244 11140 11533
8412 9842 4115 5584 6019 4789 6641 5189 5502 3597 8502 7822 4252 4868 4868 10562 8956 1424 6560 85 5731 8155 8327 258 10516 7598 9967 6112 7196 5914 8265 6787 10107 9706 7677 8323 5747 10667 9670 9776 8729 8185 9915 7143 10997 3626 7713 10635 10057 10627 8783 9869
8413 10745 4042 9417 9417 7254 2432 9468
8414 12 12 12 12 12 12 12
8415 6218 5699 7092 5915 10430 6862 10679 4969 11450 3933 6871 4813 8200 8992 5606 4740 10005 4584 7651 6372 10562 10961 6027 10110 7627 7690 11363 5744 7475 6615 10830 7230
8416 9236 9278 211 5103 8449 8529 10770
8417 6021 8039 8564 11593 8040
8418 7034 11099 242 10589 9178 9236 11576 6498 11333 5526
8419 11639 3993 3473 5399 7509 358 4812 5262 4232 3509 7375 5188 4262 9567 4887 6468 5434 4705 4171 6633 4888 2193 6579 4800 86 6598 9050 7169 6394 9753 3839 10317 7598 11545 7484 6782 11296 9669 10343 10278 8808 8880 9158 10966 2021
8420 8801 2019 3569 5599 10728 5509 2822 3645 2251
8421 5129 10924 4021 5149 3284 9410 10222 5225 2085 10286 9108 8411 9134
8422 9364 1854 10802 11354 10757 9639 10700 9603 1001
8423 4189 2965 7750 8626 11433 2677 5909 5443 2513 6604 5792 7776 7219 7246 2666 4180 5426 7214 3570 7038 114 10156 10322
8424 8161 6128 1966 6321 5823 5909 7300 2491 4210 4985 5021 9645 2929 7074 6107 8361 7903 10752 5906 6297 8838 2299 7644 3993 4709 8281 1996 6455 8272 4824
8425 6501 4280 5622 7625 5502 9330
8426 7583 5226 11292 7406 5886 11450 8842 8041
8427 10733 7904 6285 10463 6544 4726 7887 5769 8651 8675 8547 7878 8700 8913 11202
8428 5986 5540 2473 4869 2880 5134 5363 177 3026 10967 3581 6334 5321 1629 4090 5477 7184 7988 10533 6205 5424 6107 9385 7333 8456 4099 5753 6595 1631 5785 7065 8625 11010 8652 7430 7108 10867 7342 10659 10808 10237 6349 5422 8594 3663 9079 11221 8940 8932 7383 9292 5097 478 7256 9204 7894 8265 9652 9797 1875 9070 1975 8453 7646 8900 8323 9010 8534 8185 8319 9747 10124
8429 3736 6125 2277 11018 10666
8430 7864 4016 4874 8090 5655 10941
8431 1130 407 1492 2056 2363 4125 3409 9479 8373 5064
8432 10064 982 7932 4724 8394 10494 4008 9246
8433 6946 2917 10130 6872 9272 11250 7820
8434 139 6697 4350 8779 521 7406 11514 3472 5146 5953 6201 2675 4025 6303 5897 11354 6019 7465 5823 10669 2828 9818 9644 5886 11412 6956 6928 10836 6046 5883 9818 4789 8340 5517 5523 10786 6642 11456 10684 569 10250 5203 6007 8904 7503 9540 9186 9458 2926 3906 3566 7652 9973 10126 9956 9763 5270 10163 9950
8435 10087 3389 9942 8594 8707 9122 5378 6197 9648 10529 3653
8436 173 3570 6603 803 6797 9972 2482 8191 9552 4736 9502 9360 7614 10470 10316 7555
8437 6388 10560 2593 5391 5545 10307
8438 8478 1974 7985 8579 3614
8439 6791 928 3904 5266 6602 8859 3623 4123 2674 7733 10712 6153 7090 7840 7872 2103 9719 9831 594
8440 6719 6105 7205 10044 6915 7761 8483
8441 912 6879 7742 8006 8821
8442 6208 252 9391 3750 9487 4758 9086 8315 10848 8240 9012
8443 9017 1262 1001 11600 8660 11628 3059 10271 3087
8444 11162 7406 7292 6658 5956 6201 10920 3017 6488 5967 6380 6754 20 4855 10921 11492 6034 10379 9454 9118 6933 7996
8445 5215 1527 11296 6123 8194
8446 6138 6496 7994 2513 10834 710 8736 525 10825 10040 11402 9003
8447 557 847 969 4866 8224 1192 895 555 193 1692 650 686 378 1108 507 506 1560 10417 2740 11215 1235 1649 853 1229 1351 1693 1784 1622 2357 9517 1086 11072 3684 11206 7221 4707 3071 6002 613 4917 5686 4486 10735 8309 6962 7855 6394 8835 3410 8834 10555
8448 662 7588 5933 5274 11050 7933
8449 495 361 989 1258 836 10746 1917 5040 5902 8810 3354
8450 10607 10502 2287 1194 4589 1005 3839 9380
8451 5597 3112 11246 3957 8103 4878
8452 198 1295 2292 3333 3598 11252 1954 3995 4054 11229 3834 992 1005 6039 8852 9030 5795 10179 949
8453 5548 6023 5319 654 7407 8866 9137 10033 10477 4077 9711 9648
8454 6317 3141 3264 6708 7393
8455 4456 1120 10995 6284 4482 2705 4427 6218 826 447 5380 5712 10389 9393 5524 7057 74 7295 8871
8456 10829 7359 7687 7335 4453 3955 4678 5946 4442 8097 3010 10779 9762 11293 10555 10829 10829
8457 1083 8962 9017 6021 1240 7178 1241 5776 10286 9446 11607 10780 5450 7728 10379 10663 5714 11116 5831 9912
8458 11458 3692 10743 4394 2971 3664 3929 986 1866 3696 5434 7370 6720 6348 3189 7879 11007 4617 8383 9187 7806 9676 8521 9513 9213
8459 2530 7453 7220 5768 6143 7042 5440 8139 8313 7765 10905
8460 4773 942 5982 5897 8318
8461 6035 2137 2560 1658 7893 4502 8549 2985 7404 7238 783 6674 5743 10588
8462 10075 1519 2737 2943 8570
8463 1996 5052 6683 6635 4230 6085 7166 7443 7975 8524 7602 3506 4735 8289 10897
8464 966 4472 4991 823 1362 8881 2525 3143 1615 2255 1809 2228 2996 3203 73 6261 4519 4414 4599 2241 1976 4868 3979 4221 3241 4126 5623 8150 3580 9999 3251 2251 5946 6207 3764 8079 7456 3653
8465 608 11448 573 1842 1911 2061 2383 2567 1435 2005 2863 11510 5827 1726 2143 2747 10816 2462 2460 2024 5026 2244 1659 2697 3185 2630 3139 2762 59 2521 10560 4174 4854 6980 4889
8466 761 3040 7138 5207 4015 6038
8467 6801 5604 11104 9998 4073 9712 3351 9945
8468 10982 7335 9009 9278 10824
8469 6832 2772 928 1161 10741 4229 6192 6565 10591 11257 8723 4659 54 4660 5489 1276 6728 4980 7248 3522 3552 5860 7365 7452 2634 7305 7262 8345 8694 10744 10763
8470 4443 5862 2872 4985 3650 6776
8471 2036 5984 9818 3120 6531 10124 11567
8472 4582 4705 4974 52 9754 9073
8473 2448 2277 2277 4019 1661 5440 6554 5548 2353 6062 9131 1056 11325 3653
8474 6808 4520 2641 597 5093 5076 1153 9508
8475 4011 9368 3669 4048 7922 4490 10482 11378
8476 4481 10457 10659 853 2 9119 11102
8477 3330 2071 6261 5728 8841 7904 10291 11171
8478 4857 11336 4211 6803 7327 5789 2491 7896 10462 369 114 11270 2563 10319
8479 7052 11077 6397 7671 6915 8430
8480 5900 18 639 2863 7726 6365
8481 2845 5237 11088 7091 3269
8482 10044 326 4739 6884 5476 5535 11463 4636 3149 4986 8143 8077 5465 5970 6913 6259 7467 6997 11038 8041 10314 8381 7715 6079 7077 7000 4705 4213 8999 11161 9590 9460 8724 5958 9466 9466 6893 5769 6562 3787 226 4746 258 7652 1779 7628 10241 8472 11624 8758 7968 8931 5778 9052 500 10315 11359 9915 7598 7654 5382 899 8693 8976 8759 7814 11038 8098 7106 4769 9503 10555 9875 10294 10833 9807 10169 8836 3690 8792 11097 1778 9097 9020 9726 10111 8493 8156 10328 9914 10785 9361 9029
8483 2174 10530 5667 5670 11533 4049 616 2629 2928 1498 3228 2439
8484 19 966 335 759 1542 2212 5893 6483 7258 1742 5487 2844 5488 6774 5401
8485 11534 9822 10666 11133 8002 3788
8486 7453 4999 6443 4886 7922 397 5083 5082 5061 7993
8487 5282 5282 230 2074 2514 858 909 10728 1960
8488 925 1087 4199 499 2234 639 1327 1416 387 1145 843 4723 3865 2714 1391 2530 5978 7455 7876 7606 5402 5725 4517 4331 5202 2 10817
8489 4192 2768 4443 11400 3882 1370 2670 7915 8404 8929 10384 7656
8490 3786 11268 8486 8830 10749
8491 4257 7692 8251 11545 7473 9260 6615 7551
8492 265 6383 8785 10763 7136
8493 4180 446 3470 5402 10711 3871 6884 5870 9306
8494 266 252 10973 3962 3293 6227 7623 5112 253
8495 4025 4019 4191 10855 5153 6962 3160 7396 8609 8230 214
8496 11 10968 3397 3236 10469 4231 3293 4421 3284 4781 10387
8497 7644 11502 6300 5188 4262 4787
8498 10866 6056 4542 6087 6542 4541 5041 5118 5661 6029 9900 4925 3190 4417 6032 7036 928 7365 5047 5515 6376 6602 5923 6510 5266 1831 6332 5622 4885 8714 6803 2758 6661 4500 4760 7541 6921 6579 11445 7558 7932 7082 6527 2806 8381 8756 8290 9915 8794 7933 10277 11581 8016 10710 11240 8879 8534 2 10942
8499 8575 11329 4566 10834 7420 8477 6655 3844 10897 8379
8500 7160 4543 4574 6265 6791 10503 7064 6926 8921 8894 7945 8430 11386 6100 170 6945 1267 7137 7506 7661 6822 8824
8501 9730 4117 10645 7983 11170 11041 10762
8502 6942 7723 7745 10866 5713 5739 5437
8503 5039 5767 7953 4699 9627 3120 6936 2101 2091 4961 7015 10227 9818 7912 8467 3891 10990 11024 9610 9906 5619
8504 10136 590 585 578 580 10319
8505 9900 6373 4716 4016 4874 5650 7964 6919 8851 7952 8736 8035 10834 11283 2232 10704 8223 7342 6876 6899 8303 9287 7719 578 9370 11317 10238 8880 10319 8361 10057 1990 9232 2075 10057
8506 4501 5773 6916 6558 10611 7108 7024 6708 5338 10670 1056 10068 9699 10121 10328 3391 8317
8507 5262 3623 9826 9608 7536 11104 7734 8177 5115 3350 3270 9296 600 7061 3351 8604
8508 4642 11198 4027 7236 2858 5143 5574 7508 4503 10883 4815 4523 10889 7502 7799 3181 5376 10883 5663 3434 6635 6256 5949 2746 8664 10693 6627 3505 3665 11198 3507 2822 341 8944 10285 7424 7431 2984 5489 5538 118 5136 3234 7527 5482 10818 4094 5693 6960 5856 6964 7437 4814 3032 4862 7112 6411 6747 7466 7710 9737 8257 8643 334 11536 7035 7448 4017 7108 6963 6496 10659 3138 1791 7084 11196 7727 8274
8509 1885 1022 2330 9145 7740 3533 2491 2991 7290 8812 8546 3411 3094 5629
8510 1394 2041 2113 4686 3013 10263 7587 5922 5332 4730 3156 4285 10545
8511 6719 5368 7135 10299 5786 5902 10866 4488 6997 8539 7932 8045 6020 8431 9258 9052 8792 8027 10005 8239 9782 11199 3690 8325 8710 11376 9127 9513 30
8512 203 1921 7783 5870 9936
8513 226 9818 11626 8983 10107
8514 5581 5432 1821 10769 8898 8871 3561 9513 8724
8515 814 4940 919 6032 6566 11540 3998
8516 3750 9583 653 2652 5086 3611 7903
8517 10023 4042 9402 4839 8788 5032 10416 11102 9210 4951
8518 5575 6012 8169 3918 8680
8519 6559 10993 4214 10971 3927 6385 4728 4835 5709 5787 4386 7024 8353 7726 7352 7873 8554 8181 10684 7139 6455 8655 597 8808 601 9297 9273 603 501 8993
8520 246 1497 807 3698 1964
8521 1561 4558 2451 4194 4401 11070 4764 6525 2335 3580 6129
8522 522 10808 11374 5540 306 3180 3811 6884 3392 8358 6749
8523 2223 1601 1559 8546 98 4465 8059 3245 3821 871 5307 10844 4798 4529 6293 4457 8788
8524 5679 10301 7453 7235 8403 7785 9627 7386 9788 11534 9816
8525 3363 6425 7398 9055 6107 8001 7962 2941 6471 8157 5950 7758 10678 10190
8526 1817 7168 7389 9473 8027 10980 9797
8527 1488 755 1960 1257 11463 10271 544 2000 4908 7890
8528 7034 6833 5516 7049 6028 10589 5083
8529 10466 9013 7657 2491 9338 7035 7180 10690 7344
8530 4118 7294 6062 9073 7614 9812
8531 10513 11378 10123 10145 10931
8532 740 3532 7027 8577 7648 5005 301 8301 8710 9098 7960 8231 5338 6684 9052 10846
8533 10967 7335 6829 5375 5392 6936 6794 5773 8077 9728 6455 7956 7362 10209 8540 9765 6007 5087 4551 8323 10373 9317 10146 8447
8534 664 11278 5814 9874 10057 11348 6801
8535 4394 6896 375 10379 10282
8536 3227 4689 7170 9418 6801 8551 7548 8609 6146 11398 8772
8537 7950 3093 6353 7618 2955 5342 7088 9076
8538 7999 2055 4255 4848 7783 7303 9178
8539 9073 7667 3839 10569 2882 10761 9813
8540 7335 5031 4890 7086 6554 6409 7489 7043 8316 4644 4373
8541 4379 1921 6535 7341 4945 6463 6430 4073 5709 7215 5610 10808 6877 10866 6135 4622 8955 518 6838 6995 5173 5097 8728 8365 386 8745 100 976
8542 480 1046 816 6113 3641 1041 974 331 1522 7735 434 10107 1066 180 1074 690 1165 10069 921 195 192 1904 1266 1291 9194 775 822 798 799 1229 1173 1477 4472 1678 10117 1539 1348 9681 1346 1214 1687 9461 967 6342 1844 2346 1716 1349 2262 2150 1695 4643 1023 880 11011 7071 10426 2061 2060 2410 383 1745 475 2156 5599 6886 3042 1390 1963 9517 860 3236 5026 2244 2464 5972 11072 11044 11185 2253 2594 2520 1339 11093 2246 3711 2269 722 205 2626 2155 8022 70 1809 11290 10703 2144 1360 5513 2048 11420 1559 4562 1860 3039 10616 1137 4592 282 2112 3230 1668 11046 5733 5006 2972 3450 10995 17 178 10946 3267 2275 10866 4128 9338 4212 1444 11191 10831 10831 5866 3929 2823 2858 5009 2887 9832 10831 4900 10784 1828 4111 7465 5771 5254 7283 7157 4337 8162 5904 4924 6709 9073 5333 2712 6942 5354 4781 7085 8099 8309 7352 7003 1029 10387 11288 10678 9334 5691 11534 9781 9798 10033 11258 9324 9807 10831 11203 10798
8543 616 2623 11115 10809 2480 811 2480 2112 3167 3161 1279 3265 4002
8544 1769 4197 2661 9059 2728 3430 11229 7604 3736 5281 4689 1524 7509 7687 2220 11400 4669 2785 6572 7146 5269 2600 10133 1704 1057 5358 3728 7681 5329 11018 5150 7248 7700 4574 7114 3268 3960 3206 4738 11530 6694 318 5385 9064 4282 3709 4804 5475 6400 7708 2232 11047 7775 6571 1669 8899 8442 11440 10690 9344 8679 10664 7689 9289 5061 501 7239 9451 2270 11377 9010 10107 11376 9880 10073 9810 9640 82 10777 9614 7643 10310 10379 4748 2579 7310 4368 4618 5002 3536 4731 4334 3494 7132 9853 9452
8545 5478 7067 6402 6725 3568 10902 10258 7239 6421 8650
8546 11396 1132 494 411 1317 1058 1374 7250 842 860 10604 2583 1571 10918 10916 10916 1839
8547 916 1215 160 1340 158 64 2599 2010 8182 2930 3136 9944 146 7505 7417 10678 7813 10441
8548 4219 8361 11090 7355 8339 9998
8549 5912 4144 5549 5522 887 4378 7543
8550 4400 2943 10136 8284 7730
8551 2617 5922 7522 5047 1434 6484 7166 10651 8669 10797 9909 11366 8934 9068
8552 1731 8479 10344 1929 4974 9530 8714 10813 7043 9494 3215 7044 9530 3175 4915 4916 8354 8577 9395 8495 10182 7790 3588 10761 8834 8809 10072 10829
8553 767 3981 3887 6217 11336 11020 8976
8554 761 6745 5564 5500 11588 6671 8427 7574 5028 10733 6682 4420 7873 11632 11607 7930 9392 8828 8771
8555 7212 4897 5215 4764 6043 4738 6536 6089 5811 5458 2733 10774 6472 4032 4324 11029 10905 9054 7042 5616 9157 8947 11359
8556 4118 7738 3269 5863 6367 6102 8559 8422 10112 3653 4301
8557 2179 3831 5780 6801 6162 1240 4114 10925 8300 10753 8537 9367
8558 7875 10241 243 5087 10451 9957 9910
8559 3014 3518 5221 4605 8893 8528
8560 2753 74 2851 6827 6139 5917 3438 10197 5862 3074 6428 6336
8561 7519 6265 7726 7486 5655
8562 7441 7700 5355 7194 5070 1593 5069 3350 10358 5059 9202 9152 8423 2914
8563 6224 5769 7811 7970 10643 6356 6171 9236 11104 6670 7372 8011 3366 3207 200
8564 2072 3 4312 6700 3694 6701
8565 892 7005 10778 2051 1214 1046 1228 1880 3850 1747 10604 4041 5512 9530 5662 1725 7093 10498 4486
8566 3834 777 9842 2252 10016 3301 9828 6481 9008
8567 1427 269 421 225 10728 8331 9551 2011 6132 2139 8305
8568 6344 235 7141 6062 6408 6399 1934 234 8387 10333 8389 7894
8569 6110 5212 7928 1056 10722 6801
8570 3412 3789 3555 10298 10530 483 9735 87 3254 3711 5667 4215 10911 2949 8022 2573 2494 2630 10560 2967 3054 3056 2334 2030 2391 3803 2226 4383 2081 3256 10883 8554 8318 5867 9435 7743 5201 1177 6638 7579 8925
8571 8827 4986 7134 7746 301 8622 7395 8761 11300 7322 8507 8395 10967 10421 385 10366
8572 9480 6435 10155 8652 4766 8313 9499 1790 3272 11285
8573 6126 7879 8482 4903 5189 10180 5524 10721 3753 4545 5892 7042
8574 6786 11165 4823 4802 8450 7984 1375 9805
8575 6549 6058 6407 5989 5883 11008 4683 8387
8576 4509 5035 5259 6352 10242 3045 5842 4604
8577 6151 4673 3927 7024 10529
8578 5008 9800 430 5672 3287 10616 2137 3185 650 2354 1339 2607 2406 8546 3261 2031 2030 3164 695 7177 2747 1679 2740 7830 5695 7830 10807 244 5135 2531 2669 10668 9417 4522 9547 5396 9527 3925 5796 9394 10655 7855 8004 6730 111 5730 4458 6826 3104 9132
8579 5541 2570 6339 7298 5556
8580 8953 1907 7045 5299 8234 8691 11185 8183 8078 6298 6529 10590
8581 6189 4141 2907 4612 913 3091 10564
8582 4276 3608 9478 2380 11505 11303 9947 8092 2267
8583 6074 9695 7475 7413 7463 11013 9838 9722 10147 8046 3626
8584 7609 11279 8013 2179 7672 3741 8107 6517 10736 8761 9116 9998 6356 10999 11104 10616
8585 3519 9345 3126 8376 10988
8586 437 361 9842 2676 608 922 1467 1422 1692 4296 11508 1911 644 218 1128 2083 1289 2573 11298 5020 4894 11130
8587 6680 7463 9871 3126 10362
8588 6244 6261 7335 6261 7248 7965 4108 7489 6089 6461 11185 8851 6261 5819 9932 8574 101 7066 10738 4045 6748 11359 7089 11451
8589 6301 6794 8644 6401 4959 6222 6220 8508 6693 7125 409 8125 9740 6034 8805 7063 10857 8031 8605 9271 9326 11359 9523 11528
8590 5326 4633 6731 4601 133
8591 3795 1061 6217 4293 4652 11374 6095 6100 8865 8866
8592 11491 90 4962 7148 7327 3251 7214 5665 4567 10605 6596 6773 7567 5443 9987 8788
8593 2634 2813 5808 10030 10264 10649
8594 6603 5332 4957 8013 8169 4696 6451 7355 7351 8148 1124 6020 6517 10045 8762 2085
8595 3043 7771 2789 4534 8172 3957 10395 10332
8596 2158 11328 11336 3927 9410
8597 3894 802 563 480 838 302 374 4991 1799 1719 2343 10767 2123 10577 1809 9426 3341 4401 4371 11137 8859 5699 9819 11146
8598 2603 7756 216 4481 2051 6212 871 5459 10994 6634 1554
8599 8793 10897 7817 10386 7107 9746 1778
8600 6865 10711 7552 5909 8430 7761 3145 9406 7793 10383 11107
8601 11512 4571 10848 2009 7852 10379 9218
8602 7852 9267 9958 8515 9439 11366 8325
8603 6300 6784 8004 7459 10937 1631 11329 8632 9694 7986 8696 7894 10978 10107 9950
8604 5723 4339 2378 4245 6178 9949 7239 2776 6699 7505 2891 7035 6922 6455 4964 7367 3570 6859 9393 1370 6229 8894 516 6172 5075 5105 514 6753 1521 11118 6686 7014 6382 11049 9674 542 8826 9894 10379 9876 9212 11343 11604 7803 8676
8605 4342 5380 6032 6029 4395 8681 3242 8681 5512 7799 8386 7031 4705 8340 7546 6237 8058 11438 4588 8629 7169 7217 7063 9136 7872 8724 9191 7297 10152 9955 9433 5801 9046 10868 2276 8834 10662 9358 3787 8412 10765 11030
8606 5922 11586 8810 7165 10718
8607 6861 2197 4406 790 6105 5196
8608 4915 6741 7067 4071 6249
8609 6757 10562 4655 5609 5784 9915 11376 8098 10129 9915 9821 9097 9825 11325 6109 10011 10907 8513
8610 10222 5527 5927 9179 10670
8611 891 10117 1384 147 10314 5596 5737 4126 8099 5300 10323
8612 1421 1278 9104 3957 5324 4219
8613 6149 3203 3292 3744 6212 606 5474 6793
8614 9077 2395 2870 2484 8691
8615 9251 6934 7644 2421 6956 7489 9363 5695 5805 6949 4209 7305 7897 3162 6301 5996 2929 6243 5909 6709 8309 6628
8616 4386 5553 8154 9669 10068
8617 5839 2132 5695 9645 6847 7422
8618 5242 5051 6483 5023 4443 4057 7849 8259 5772 10463 5338 10482 7648
8619 3473 5288 6561 7024 835
8620 7709 5529 4059 7898 2712 803 9179 11592 1100 8577
8621 6201 8440 4556 8120 11077 5568 6451 6446 6830 11329 8727 10334 11477
8622 10016 7604 6612 204 6288
8623 3520 7406 5596 2277 382 2699 5681 3162 4257 3088 3151 7681 5000 5204 6232 146 10584
8624 5960 2137 6841 8052 5906 4888 5546 7035
8625 2493 5553 3201 6875 10687 2830
8626 2079 728 4592 3331 2504 2556 4178 2321 11423 5425 7776 11529 2326 10879 9044 216 1419 4433
8627 7036 6766 9598 4291 3640 2349 6371 3558 11248 3556 11130 6412 8627 10763 3524
8628 4986 7299 6261 2007 10493 5247 6261 4811 2733 5983 235 4458 7604 8479 8427 4816 2738 7490 258 9038 9050 11432 236
8629 4038 4547 2172 1528 6251 8574 8502 7247 5813 7259 7483 7382 5691 8268 10262 10342 10658 9998 8925 7437 8494 7386 7606 9932 10649 9196
8630 10134 5568 7788 6910 56 146 9628 10462
8631 5813 8734 7339 8265 11207 5077
8632 1806 9121 4412 5487 3908 5550
8633 19 11074 2190 4469 5488 6386 8624 2931 9224
8634 8052 5961 362 6768 6139 7671 9740 5091 9232 9541 3760 9758
8635 5682 11158 6344 7076 8621 10678 9613
8636 253 3284 8140 11632 7543 5085 5106 9288
8637 2262 6258 1071 3140 7727 10721 9396 6885 10056
8638 5512 6879 9414 10574 8946 7902
8639 6249 7736 8471 7305 114 9842 9041 9384 11266 237
8640 3322 3018 9077 201 11257 2494 5940 2137 7468 7399 4687 3461 2491 8551 9100 6637 6521 8706 258 7923 9791 9074 9201 9594 9356 6288 10015 8376 11326 11537
8641 10222 2326 5633 4830 5388 1994 5266 7798 4278 11531 7433 10696 7939 7649 7940
8642 5658 5253 6552 3530 5398 231 6596 6548 4567 4635 7301 4458 9357 5410 7108 11445 10329 5764 4242 8876 5177 10678 719 1950 11451
8643 4698 6839 5581 7723 8267 9694 6136 6749 9132 8302 7499 9702 10398 4307 7938 10066 6769 4748 10398 10732 9106 8885 11174
8644 3140 6789 10143 6322 6089 150 24
8645 1716 1215 732 5271 11614 4708 4181 2655 2395 11157 5651 7093 4865 47 10747 10295 9217
8646 6339 2367 314 10664 10821
8647 4323 3413 5006 319 6008 5313 11220 3961 5027 11134 3364 3531 4749 7251 6503 11260 10743 7452 7489 3958 7882 9999 6204 8506
8648 1099 494 1689 10489 10832 3442 2940 2725 221 11145 3098 9860 2427 10604 10604 2375 882 472 2953 2015 9671 3771 4100 3199 9481 488 9486 3966 3411 4597 6788 2835 3915 11093 4213 6363 4214 6837 5157 6551 5622 6178 7607 4342 9781 10030 9070 8674 10857 10857 5106 5798 5797 6197 5378 9295 399 5598 9010 5801 8320 10421 8475 8521 779 10677 223 10354
8649 1317 2987 1062 1870 2013
8650 3986 7299 4004 132 9187 10893 6851 3109 8635 10926
8651 6559 7312 4973 6018 5573 63 6467 4227 7940 10976 9456 760 8578 5750 4034
8652 6436 3613 5291 5537 11250 4067 7799 1063 5554 11250 3305 4683 11401 5458 4849 824 5275 6243 8081 8180
8653 5597 472 3036 529 2119 3464 2293 4387 154 3637 3531 8909 5997 261 2785 4418 5601 2344 5998
8654 7140 9008 3104 10389 9272 10110 10532
8655 2398 651 9437 6721 10184 10926 10661
8656 6316 7292 5229 9383 4988 6514 10866 9021
8657 2892 9860 7359 10767 1576 3443
8658 7465 10873 5149 6305 3882 11584 5894 6871 6131
8659 8910 5915 6477 10456 2158 6391 3746 3190 2295 10764 2582 5347 6039 5521 1100 3600 5014 7334 2809 10961 651 5648 11520 4099 7843 5464 1034 8013 657 4800 7653 3515 7230 8073 8105 9148 10854 10003 10280 8404 9179 8362 8341 7998 5895 9404 9506 8111 7689 3394 10067 10892 8520 11484 9783 11326 11321 6798 9784 7402 7179 10210 9927 11208 11286 11321 11542 9997
8660 1041 11193 7624 3585 8074 9167
8661 11209 2137 5783 5052 6012
8662 7623 6639 4217 8644 8319 11568 8748
8663 6720 6534 5847 3946 8683
8664 7146 4321 7137 6153 6021 452 9160 10233 1832 10379 11537
8665 8338 3671 3871 6257 5240 5701 4401 9480 9818 5891 5779 7735 1724 6241 11271 11297 7777 8828 8846 8755 8786 5747 5068 6191 11526 9750
8666 3601 7054 2640 4153 5289 7255 3766 10644 10716
8667 3678 6436 3886 82 3359 1330 5888 9238 6254 3329 7051 3919 7412
8668 1867 4038 3758 3327 5163 3246 2681 6715 3398 6554 2650 6206 7665 5333 5151 433 9021 10150 8380 9726
8669 8575 5162 1734 5000 3509 10133 10959 10959 4452 10791 3957 4071 10133 8412 2195 10821 2056
8670 10883 3206 5998 3773 11587 11586 6119 3704 6185 8749 7777 8091 10985 8876 9175 10015 8376
8671 8681 8681 10016 6709 7856 6037 8316 10616
8672 11069 1592 3283 6147 4286
8673 1213 2772 1736 4933 9479 8104 9743 8489 9047 9428
8674 10503 7016 8016 7383 5086 3989 8332 1765 5382
8675 2530 3290 2805 4649 2997 3036 5149 4661 11360 6730 7450
8676 8544 11329 6391 11161 9740 4916 10877 6973 657 5037 7415
8677 6732 4824 10866 9073 7475 8464 7602 10459 9574 7009 10171 9047
8678 3701 3116 4280 6653 5638 3725 3367 5728 9724 5316 3520 4920 7453 1913 4440 3226 2295 3017 6353 4366 10963 7127 10907 9036 9764
8679 5515 8462 10005 10178 6012 7277 7831 4935 570 9759
8680 9442 10575 4398 10576 10718 8340 7340 9353
8681 6054 5436 8238 9319 6798 401
8682 9667 10984 1163 9816 10665 9620 9873 11361 5647 240
8683 795 2019 677 1468 8174 8996
8684 690 1168 1870 10604 2951 2873 10987 2606 5232 6712 3470
8685 2803 1767 10321 6149 728 3262 3414 5396 4508 5160 5412 10799 6536 5368
8686 8807 652 4762 465 5893
8687 11424 7281 3321 6738 8424
8688 3508 4858 3707 6275 5739 4429 10653 8609 7840 4722 7191 10315 8611 11220
8689 11179 4569 10618 9114 11549
8690 7453 2396 6226 9942 5220 8827 6841 8091 4190 11163 9567 7614 10160 9341 11293 10050 9122 10722
8691 11336 9867 597 7186 6798
8692 7453 4969 2674 6329 10005 9598 6196 4678 3558 6755 8806 7395 10821 7957 5096 10213
8693 11018 4588 266 5744 6875 9540 1241 7415 9367 10967 1006 9005 10793
8694 7521 358 1558 6427 5553 6536 4336 854 2872 6481 8050 10905 4951 9657 10421
8695 1552 1646 568 1367 1682 1726 1969 898 8109 1618 2711 1784 10336 1795 1409
8696 2677 11198 7863 11171 8758 9143 1950 9224 3653 10722
8697 4371 8972 4400 4399 5183 6894 7009 5022 10587
8698 5282 3233 1478 2605 2189 2843 1815 633 4246 1984 1524 4256
8699 5314 9743 5319 5561 10937 8651 7187 10926
8700 2507 3306 2064 3229 1846 2756 11145 7917 11458 5423 7657 6332 3155 5187 8166 8090 9086
8701 6725 7618 4382 7012 38
8702 8103 32 7854 2148 9438
8703 4053 2223 1446 2354 2234 3331 10686 3133 4195 4288 3242 6645 4863 5140
8704 3292 8087 9902 10208 9792
8705 161 9502 9466 1154 10803 168
8706 2071 16 8430 4254 112 7089 343 8882
8707 11187 7190 6045 1650 3817 2558 850 4440 7170 8275 3214 11183 4365 2511 3046 4715 3925 9977 2705 3408 4353 3747 4399 3436 11332 3231 1890 6766 5174 1198 7031 7365 5695 2137 7251 4856 10904 8283 991 8160 3538 11591 8980 5426 2491 4594 7882 7882 7882 4230 5554 7882 4117 5960 4716 5125 6814 6279 8147 2860 8016 10704 7217 8290 3145 10569 7606 7484 8524 11035 10829 8432 10209 6455 6151 6834 8557 7872
8708 8340 7262 4971 6431 7613
8709 2179 7372 5108 5099 7869
8710 1584 2148 2676 3722 10391 1118 11349 4906
8711 7066 9054 11559 9457 9528 10663 605 7363
8712 4461 5160 11489 3653 10529 10672
8713 617 7373 3093 3629 3156 8899 8974
8714 4643 1982 1314 2646 8062 556 1869 1228 544 2032 6448 10448 3355 2155 11172 329 6008 2859 2740 6390 1654 7872 9244 11082 9676
8715 1787 5455 11140 6290 3374 3213 7034 1950
8716 8572 7615 7685 8299 7505 885 6855 9164 1942 5672 9050 8556 10237 7134 976 7846 10327 8490
8717 936 265 10044 5869 6220 7988 4710 6139 11238 10905 105 3614 5323 8976 10589 11626 9036 8322 899 9439 3204
8718 5380 6138 5956 7405 5405 8073 9460
8719 4219 7858 8348 7887 101 7936 7888 5938 5809 5600 8841 6858 2089 10834 7144 10058 8757 7689 10686 8252
8720 4241 10245 3923 5368 7259 10215 2611 4980 7460 54 7684 2089 7804 9507 8891 11159 9370 4237 10434
8721 10242 8603 6788 4495 5473
8722 1265 11275 1406 3493 2515 10489 2515 5444 4089 6781 1008
8723 10678 7535 10654 9855 10529 369 9191 9917 10343 8617 2529 10942
8724 3469 10612 1607 3721 6870 1271 7208 6615 2099 9852 7504 8126 4334 8922 10290 11620 9625
8725 1008 7243 5225 8072 10797
8726 6791 6549 7419 7398 6991 7580 11489 6110
8727 5459 3610 8233 8038 2201 5319 7714 6550 5729 11545 11113 6356 3741 10265
8728 2165 3589 5527 7406 5728 3085 4647 4080 1 5907 5897 5147 7446 7333 8127 4875 5357 8639 7951 4759 10314 7006 9853 11363 9237 5438 11586 7133 11351 1882 11352 8585 2098 9200 8969 11341 9839
8729 3020 5433 2817 740 2101 10962
8730 337 1133 1070 2945 72 11455 3674 3848 10810
8731 2705 4158 2494 1731 7942 10209
8732 5566 3091 4993 10967 6083 6509 7496 7601
8733 3134 3090 11565 10970 10147 6250 2616 5959 10263 6296 4357 11305 2705 8343 5040 7526 4848 3959 5459 8508 9260 2738 6240 5637 11193 6977 6272 8436 6204 6954 11461 397 5895 7659 569 10250 11494 5072 9583 595 5077 9550 500 243 7288 3752 8026 9279 5106 5138 5090 5064 5068 4644
8734 7671 8267 3611 9288 8799
8735 4358 6296 2405 4435 5498 4240 4831 4610 7587
8736 4940 4812 4676 10866 3385 2723 4070 6768 3438
8737 7031 6208 5459 4783 9943 5842 6675 8041 1536 10722 10648 11306
8738 4702 7735 2690 8075 370 5782 11246
8739 2768 2541 5625 2291 8953 6843
8740 7212 10180 5862 5228 2817
8741 7897 4818 7259 6851 2335 6851 9515
8742 6833 2204 11247 8502 10314 6749 5099 10988 3741 10109 9985 7886 7819
8743 2298 650 650 11233 6297 4368 1769 3030 3065 2057 1125 661 9705 4001 2603 6691 9290 345 6753 9274
8744 863 9703 2863 1323 3460 7625 10788
8745 7604 7231 7897 5784 8912 7991 4746 4998 7454 11333 7814 9425 9373 8925 10314 8164 9590 9595 5279 9764 4732 9875 9468 8700 7127
8746 52 2956 5456 4346 4595 11148 8123
8747 9100 7729 7429 9744 10815 10815 7321 7322 2893 9655 9752 9161 9812 7361 10952 10952 10316 9706 8991 9864 8255 9144 8311 8256 6071 11034 9625 7724 7724 11017
8748 3378 3988 3203 8660 4246 4072
8749 3228 11018 5010 7623 6425 5788 6857 8531 9380 4587 11023 9454 5005 9230 2191
8750 242 6317 6707 4944 6139 10643 7975
8751 11352 7716 7252 6497 10857 5327
8752 4925 2092 2252 7177 3400 2883 767 4639
8753 7277 5208 10128 6721 4758 9137 9549 4551 9111 9614
8754 3031 3621 3745 1159 4753
8755 4217 2473 5321 6287 7629 8180 7779
8756 3852 5965 4486 5854 9062 597 7627 4644 10616 229
8757 9074 605 11309 6356 7957 8615 8481 10189
8758 2959 5596 5735 10807 7011
8759 5880 10932 4299 11268 11386 11315 11022 8400 396
8760 6940 2916 6938 6511 8866 11392 9482 11509 10780 8880
8761 3493 1223 11507 7995 1086 2489 1968 1900 11284 7683 3905 3872 5199 6181 11565 6164 5389 2809 5985 3278 8118 7640 6638 1950 8717 10189 10265 10186 8615
8762 5501 6383 6133 9753 10844 4750
8763 1297 11533 2923 3345 31 1915 3323 1129 3367 4028 3260 3238 2418 1744 10971 11436
8764 8856 11246 9731 8087 9247 7602 4551
8765 6578 5959 4065 4753 3481 4525 2738 6396
8766 1853 3586 4610 4025 1782 6084 10128
8767 5044 6296 10881 3813 5482 5329 6949 5521 4122 8060 8224 5885 8373 7191 7575 10038 7841 5315
8768 3255 6785 4938 10712 7035 11464
8769 5629 2105 11521 3375 6423 10644 8371 5562 9702 6012 5550
8770 4571 3045 11410 5040 5607 6680 6090 10866 9071
8771 2753 11523 1936 3670 7370 8061 4333 10223 11238 4981 6087 4350 3984 4336 10430 5618 10791 4024 10569 9424 5416 6949 6079 11437 8839 7637 146 5631 11531 2947 8544 8116 9600 1153 10795 6270 7662 6546 10110 9181 10796 584 580 11299 6529 10379 9745 8152 10353 905 9906
8772 103 7131 7008 11225 6188
8773 9398 711 9551 557 2150 1903 9459 2928 7025 7025 3084 1169 10917 5912 776 6339
8774 54 2611 7490 11287 6776 2110 7716 9011 41 9277 404 8780 8520 10013 9884
8775 750 1192 1076 1603 1880 641 646 1525 689 1548 5466 217 1114 3103 3426 2119 3027 8478 5003 3940 8322
8776 813 2375 7128 9863 2551 2340 4347 2806 4620 10107
8777 2639 8022 10118 5382 11084 9988 11474 10295 7566 9850 9845 11495 10440 10146
8778 4984 4686 9900 10314 11337 8614
8779 2739 9297 3273 596 10179 7143 8249
8780 6708 3860 6737 5204 4699 10314 6926 3130 8933 9986 10429 3561 5654 9947 578 9978 9390
8781 6022 3629 6401 6957 6729 9151 8798
8782 4568 5584 3818 7636 8115 8704 6869
8783 80 3154 2467 1806 8283 1878 1861 4147 2654 1562 2069 3745 8567 2977 11327 11357 4775 831 3152 9418 3419 5985 9488 6166 3308 6707 11271 11193 8877 356 11291 9721 5964 5435 6371 8177 9324 11365 7188 8002 9984 9571 7524
8784 10733 11456 5583 11589 9483 8096 6569 8922
8785 2586 166 451 5649 9466 3826 8111
8786 4202 4016 6626 7398 7308 7489 4501 7718 8309 1718 9073 11368 9643 4002 2482 10379 10991 586 10623
8787 1723 1192 9440 4260 937 1477 1270 1705 589 2063 1717 2370 10841 4104 2898 3398 1650 7251 266 5025 8538 7195 11497 69
8788 4495 11209 5095 8965 515 1462 6002 8111
8789 1964 1698 1762 2182 328 3164 6261 1103 4897 5700 5174 417 5577 2491 2417 11329 11151 8441 7230 10961 6786 7979 11312 8847 8368 9489 8611 8751 9138 10014 8289 9084 11118 9137 7902 11461
8790 5503 8206 8769 8891 8540 5605 9034 9233 10002 10831 8928 9739 9317 3383 10513 6454 10431 8124 10362 4828
8791 4932 90 3782 7679 7651 4669 2920 4868 7304 9785 9428 3653
8792 5818 6470 5252 6792 6539 6430
8793 3837 1714 5514 3623 6399
8794 5751 4917 6980 11134 6936 4877 7874 8149 6696 2826 6064 6827 8309 9437 8337 9163 9998 10349 9963 9616 10829 11128 8709 8958 11526 8316 10507 10517 7711 8985 5612 5138 6882 9052 7669 9930
8795 1335 2484 7741 5700 9458 7861 883
8796 9611 2092 3497 10936 1801 2631 4045 1383 7370 10029 1918 2137 5001 7137 11513 8611
8797 9527 10993 6247 9436 10467
8798 5786 7140 6550 5552 4958 7861 10096 11084 8543
8799 5994 4471 7908 1832 2393 4755 7882 9743
8800 4985 203 4826 6311 8532 5939 7174 11152 7700 10242 213 5266
8801 4661 10004 10922 10535 3926 3686 3747 2795 2535 5304 2653 6063 5504 4443 6991 20 10415 8150
8802 5540 3999 2473 2365 5926 8282 1746 8456 7515 6521 546 6853 5526
8803 7277 9628 8733 8192 5055 9628 2236
8804 6623 500 11042 11296 9633 7456
8805 8416 5221 6377 24 6309 6725 5066 343 6607
8806 5672 2928 408 5474 3011
8807 7027 7367 6330 8591 10761
8808 2444 2067 2892 5481 11236 1458 2828 11445 3197 7663
8809 7980 6951 4612 6151 514 5064 7447 10319 9409
8810 4028 3163 4209 7569 9722 9753 10715 10716 7645
8811 1912 11301 9000 4735 5836 3765 8771
8812 6173 6641 9424 5363 7058 3163 3718 5312 5247 3265 11007 3314 6204 7964 6847 4888 10871 6869 6157 8539 7443 9596
8813 2128 5168 4323 10717 10961
8814 8125 1431 8051 7876 6015 10738 3510 5702 9049 6094 7538 10069 9676 10678 7902 6191
8815 1486 8552 6627 2527 5806 2456 4459 4916 5983 5883 5426 10743 8383 11450 10005 2215 2808
8816 5802 5551 4446 995 7431 6879
8817 784 2039 293 4836 4175
8818 11617 10569 6900 10727 9666 11256
8819 7879 5503 6980 7584 7011 4929 7983 4933 7060 10090 7907 8032 9454 4769 10005 9855 8979 7598 7834 11039 10583 1759 9003 11046 10013 5468 9052 8730 11113 7305 11375 8906
8820 1855 10616 1677 10662 151 10749
8821 266 4027 708 8028 2687 5186 6428 3336 7629 6037
8822 9045 6285 5786 8714 9885
8823 3981 5922 1323 6060 6588 5701 10957 5695 2421 5945 5512 3127 5305 115 3570 6015 6401 10544 10834 258 4272 9791 5795 10705
8824 7547 90 9340 8700 3799 11418
8825 5629 992 5350 4624 10764 10834 11108 388 9418 8984 7228 10546 3126 10831 8854 8417 10821 6546 11071 10328 10892 11106 800 1237 10590 10064 11442 10504 8311 6238 10364 8934 5789 2830 3952 8102 9608 7198 4620 5178 5619 6814
8826 2410 3115 11516 7021 11011 1902 1207 3535 2146 2725 9459 2759 1232 2129 10461 11046 3638 1650 9556 9093 8830 9821
8827 11278 934 7706 7682 11625 8293 536 10407
8828 1563 11594 6374 4516 3648 8564 5023 9818 5864 11093 1323 8800 7663 10668 5331 449 2283 5603 846 10894 2378 7190 6645 3699 416 8411
8829 10844 6248 4683 7357 11425
8830 1414 2814 7034 3029 6650 833 4562 4217 1195 2313 417 2333 6369 2435 4869 1974 2663 4480 4554 5070 5099 1182 4414
8831 626 53 723 1644 1036 6483 6026 5060 10278 7712
8832 5792 7976 6598 9035 5830
8833 4521 5898 11336 4108 4117 3990 4262 5830 7007 8791 9720 7362 7852 10765 5919 569 9537 5722 4334 8762 1521 8588 9677 10474 9531 10078 8726 8903 5177 10793 10666 3196 8260 10065
8834 8702 5996 1093 3577 4922 7212 3591 4861 1054 8666 7704 8441
8835 4704 5681 3418 6269 4015 2822
8836 526 8479 9121 3648 3651 3566 6396 3720 7460 5833 7277 11492
8837 2422 277 3646 2069 10075 2466 2519 3583 2847 2217 3116 6374 1233 4863 4854 3892 10901 3339 5399 3373 9576 9576 1835 4333 2224 3928 4703 10422 2956 6542 11502 6190 5231 6087 5235 11369 11450 11162 3120 3367 6201 3708 521 3823 5146 6501 2888 5596 9918 7687 4922 2542 5661 5370 4339 3101 2220 6282 7053 5159 3066 9686 6226 4889 3336 5710 7901 4286 7406 3849 6942 7584 7558 7410 4933 7451 9657 6521 5138 10991
8838 1021 951 699 985 958 555 1192 19 1187 1449 11011 371 732 1345 2752 10321 1774 3141 2942 7034 7830 913 912 10232 3174 11463 4662 1233 5184 6584 3860 8034 234
8839 4116 1311 7105 11639 745 5485 6710 126 4630 10192 10977 2724 6099
8840 6324 3298 10533 7667 138 9578 10906
8841 3199 9717 3507 2141 2787 4073 10894 3005 1407 3565
8842 1210 1483 6844 2043 9743
8843 156 264 1326 155 1235 263 184 1173 6564 2265 39 5579 992 4591 2714 1486 6963 2492 676 9998 10730
8844 3843 7917 5250 2627 1543 5185 11279 178 8739 3769 3144 11088 2373 4782 10531 8354 6461 7503 9722 9690 3626
8845 6087 9073 9932 5672 7228 6869 10574
8846 6045 2194 6149 912 2341 11143 4676 2889 4387 934 6092 2070 10493 7465 913 5823 5482 11336 10257 5289 8238 6721 9565 10332 10470 9239 11024 7336 10504 10332
8847 5922 9682 8902 3509 4594 934 9372
8848 3201 5400 5611 5019 5886 6956 4160 10548 3619 3658 5193 6664 3239 107 425 4043 6898 6504 11140
8849 11374 4678 10855 2646 2470 11251 7671 3334 6827 11246 11046
8850 1488 1870 5670 1036 1116 2296 7021 1258 1727 6740 879 415 2314 2196 6836 4036 7026 2923 9495 4051 3237 10922 4912 9736
8851 11209 3826 438 4918 8551 9187 10704 8934 5688 10365
8852 4834 4455 6249 4420 8715
8853 1608 3750 9552 8553 10164 8491 10164
8854 4328 5257 3947 6014 7205 4929 7259 5048 8408 6373 7828 6737 4832 9923 8091 7182 4987 7863 546 7569 2786 8771 8872 10087 8458 9231 8887 10140
8855 2613 2741 2314 2686 4534 1730 347 4427 3804 1161 814 9375 8304 846 2916 6162 3343
8856 11142 5892 9164 6695 6151 7852 7837 10678 9334 4839
8857 5873 9961 3669 4721 7259 6612 5546 8303 8498 8163
8858 3796 9886 4290 5261 2999 2751 1434 8338 5843 299 3418 8688
8859 965 1038 2022 2121 1383 10321
8860 3942 2773 2432 6320 5550 10225 10731 5033 9880 9834
8861 2137 10616 8812 2286 6189 8813 2283 3497 3164 2844 3972 2615 2362 3939 9719 2530 2772 2674 3852 5980 10413 7903 7299 11235 7783 2763 7843 4624
8862 3211 3100 2508 11044 2322 1823 4600 7914 8446 9490
8863 1719 2065 2329 3100 3453 17 329 2859 9527 4081 3673 7980 7629 11129 11129 9753 4947 11246 9074 8521
8864 4484 2945 1540 3474 3300 3929 3701 4063 4833 7481 7039 4559 1056 10461
8865 10971 4908 5404 4579 23
8866 2783 2283 2283 10668 4570 3778 3983 3469 2532 3312 3594 4403 4876 4932 4657 9489
8867 8593 6041 7153 6857 3567 8771 2082 453
8868 2657 2456 7679 7452 5350 4451 2294 5410 7216 8788 4833 7764 9972 8198 8392 9153
8869 6285 9576 6029 3680 8930 834 4705
8870 9480 767 3384 3419 7735 4883 10810 11032 8336 5042
8871 1723 11215 3601 9966 1075 7531 8089 2826
8872 8719 1728 1337 1131 1869 1001 1344 901 2750 4735 10653 2112 2847 5275 3258 5137 9416 2282 4578 7173 5133 4177 9480 7190 850 166 3896 10815
8873 6650 5864 9721 6099 8469 11308
8874 3585 3757 903 4570 8305 11261 7399 3130 9242 10764 8163 8425 5605 9874 9162 9831
8875 7926 7262 9466 6931 11544 6905 8115 9972 4559 8547 10333 10588 10613 10584 10319 8742
8876 2126 5706 7446 6997 10389 10546 9887 5519
8877 1007 3986 7341 7378 5021 4352 4631 11157 4800 10136 10478 543 5212 7574 7604 4682 5028
8878 2713 6080 8304 6652 8038 8611 9348
8879 10608 972 1387 6170 1184 1388 1870
8880 11182 2286 2381 392 4662 7406 10762 9995 2961 10461
8881 374 641 706 865 9681 665 775 822 925 1531 685 2389 2206 1376 1918 3646 2080 4546 10971 11454 11445 2096 447 826 2278 1454 10008
8882 8128 11152 9853 4319 7672 6657 6689 8728 10250 7970 10451 9120
8883 6505 6697 10346 8168 7079 10379 10802
8884 5247 3947 9961 6143 5925 3215 7716 8436 7922 10937 10937 8843 10992 9093 5298
8885 4833 9608 10793 8804 7616
8886 6012 2325 4554 3321 9665 2745 8211 5697 8272 6662 10999 6030 7787 4675 7866 5801 9673 10379 9974 10171 10754 8185 7808
8887 10841 9495 3833 3958 10182
8888 4592 5513 5733 70 11571 353 9412 650 2887 4189 3019 2798 9464 3236 4068 1137 11172 868 3871 3413 10313 1125 1859 206 2079 5006 3692 2415 752 2291 6212 5866 3061 2186 2931 9966 4923 2458 3451 6091 4196 10743 10460 6056 5601 4691 2638 1971 11234 1873 5250 3500 1690 1688 2006 9719 1077 4775 7026 6526 2351 4550 2029 4291 7830 3364 4212 11527 6114 7489 9999 3440 6913 6327 7366 4258 4553 4850 3869 2558 3400 4711 3960 5394 4308 6567 3600 6059 6063 3664 4814 11438 6463 6480 743 5875 3462 5398 3530 5701 2894 3258 5538 6174 8217 7214 5364 10883 7241 2180 10883 7057 6013 1441 8013 8241 6747 4534 10463 8452 6400 8275 5957 7636 9124 8665 5978 4038 9247 10112 9556 8459 5390 976 5471 7973 2850 5172 8467 7971 296 9667 10048 10654 4745 10483 10840 7890 7892 4922 7769 11502 7687 5853
8889 4439 3079 6230 3133 10912 4698 6696 4886 5863 3178 107 3151 5196 5776 10005
8890 2202 7212 4646 3908 3024 5996 11046
8891 7513 10128 6973 11329 6179 8633 7450 5453 9014 9810 10295 7363 5831
8892 6206 6383 7673 9502 11590 8045
8893 4140 1599 119 1199 7789 3015 1438 7619
8894 306 6341 6063 4450 6792 2707 4354 2960
8895 1477 6654 1148 1097 8719 1500 956 1046 1191 998 1525 607 79 471 909 8331 1205 4306 1819 882 4084 3081 328 1358 752 4494 8564 5365 6580 2255 2729 1011 4252 4333 4275 2399 2340 8313 10605 7036 928 10476 5097 8275 10942
8896 7220 2286 1976 3031 1335 1967 1473 3551 5207 11387 3616 3231
8897 10875 6348 7301 9499 2563 8364 9180 8173 485 8971 7649 6842
8898 2346 894 7657 1414 2182 3943 4012 9517 10438 2244 11135 1892 2253 1949 2307 11411 2119 1599 2312 2076 2272 3808 4319 10261 2858 4417 3494 8314 4790 1305 6177 5589 6789 6322 6593 6618 4171 4705 4337 9562 4974 5925 6921 365 4924 6560 8629 10866 9722 11050 10574 10529 10798
8899 2352 3472 5412 6837 7367 5870 8060 6386 7261 10551 11489 9513 7814 10897
8900 10693 4342 4190 2365 5507 10496 5788 4918 6954 9031 8570 8684 8580 5059 11130 5919 9781 9725
8901 1827 3657 3909 2177 7067 6013 5953 7201 1907 5955 2820 4572 6433 5878 52 3064
8902 1920 10412 11191 202 6021 376 11350 10750
8903 7247 8091 301 9722 1237 9878 8872 7198 10533 10649
8904 9581 9598 5286 4033 5622 5454 713 1399 7594 5245 8247
8905 11374 6200 10245 3517 8130
8906 7013 10825 7120 4490 11312 6905
8907 1049 2741 11215 2490 3433 3317 4401 7879 10730 9722 10069 9094
8908 5366 7138 4089 7917 2261 5349
8909 418 2543 9017 1235 3291 5987 992 4346 5484 5483
8910 1198 2970 7058 5508 6976 5063
8911 633 4880 2861 3697 6645 9818 10367 5723 2850 5543
8912 9736 8362 10966 10208 7812 10897
8913 2081 4238 2163 4576 4215 5745
8914 6107 7131 4496 3600 4980 3985 7615 10815 5457 5093 10057 3653
8915 2509 7190 4456 1598 3974 3189 1022 71 4907 10531 10909 9588 6065 7976 2646 9547 8698 1704 11522
8916 225 1200 679 5929 1894 839 2388 4314 7092 3980 5425 3138 9345 8651 1212 9033 1350
8917 4372 7963 10871 10866 8309 6398 6148 9358 5437 10644 11016
8918 3257 6063 2719 6445 7048 4659 10736 9674
8919 5113 2096 11159 11232 3517 9190 7495 6320
8920 5825 4488 10623 10808 8998 9180
8921 5311 2938 2876 297 2903 6306 3361 6005 10692 3240 4365
8922 4004 5695 5922 6538 1120 6031 4327 3409 8081 2491 6821 9644 10937
8923 3091 539 3101 11352 11315
8924 5723 3526 6159 8674 9418 6645 4557 7522 11380
8925 10541 6435 8810 647 256 5000 9411
8926 10267 1283 3668 8254 9095 9512 7943 8390 3528
8927 7665 6896 6615 7249 5138 8025 342
8928 4990 10245 5459 5040 4060 6299 8196 7122 7135 6463 5833 8575 3530 10754 4671 11438 6009 7157 7350 5948 7501 5709 1536 10866 9391 7617 10544 7671 4622 7544 4800 10277 10085 7986 8420 9738 10710 4034
8929 4400 4494 7948 3856 4755 7679 6548 7068 7779 8643 9627 5105 8233 9491 1854 8831 7749 9893
8930 3808 5500 6682 10733 3689 4173 7966
8931 3517 4726 8747 6141 8643 9596 1986 8858 9204 10250 8289 10398 3653 9835
8932 11191 2755 2852 3767 1912 2768 2580
8933 5916 4451 11323 9521 5606 256 5785 6037 3885 5465 10961 8544 10389 7420 8352 6489 4958 7217 8874 9167 9126 8362 9352 8904 10967 8108 10967 10967 9559 2236 9589 11436 11436 6798 6314 8375 10596 10594
8934 1052 10352 849 9044 6023 10332
8935 3487 6435 6433 4495 4677 10016 3405 6269 6618 3860 6991 7397 8851 4289 10849 11619 6315 8827 21 7607 9915 8952 1709
8936 11225 6982 11034 11307 9437 7673
8937 5912 2560 3933 8544 8788 7629 7626 2851 4250 7860 5789 7759 8250 4451 10701 3750 3765 8498 10961 6027 3515 8377 7230 6404 7218 11493 7423 673 9190 8919 6458 9406 10392 10392 9395 10222 9810 10830 10392 3950 10052 8390 8518 10366 8901
8938 1072 965 288 2049 287 2189 10979 1329
8939 8287 5349 852 8681 10344 5370 2034 4854 10764 8545 4457 6810 5546 9406 7178 5201 10905 8211 8788 8070 8295 7939 3011 8368 8017 7998 11144 9413 11210 11264 9651
8940 10912 9260 8572 7196 9260 6907 8540 8929 10549 8794 314 10085 8530 8466 9087
8941 3965 9882 7092 4266 5292 7868 8821 10672
8942 5960 8408 3016 6330 10095 9534 1891 8293 5555 7707 10937 7920 7835
8943 4113 3544 5682 5924 7590 6567 7303 5085 312 2513 5851
8944 9065 2438 4126 4454 6177 4804 11248 11047 8713 8755 8492 9454 9221 9131 10173 10183 10853
8945 6051 7882 1921 6458 8296 7003 11377 11053 5216 8803 1630 10070 10554 11110 10522 9040
8946 2015 3939 79 6122 1069
8947 33 61 4390 7801 7382
8948 2292 2676 2283 1614 4406 2283 3662 11284 4737 3928 4412 11281 2989 3373 777 7008 10834
8949 10995 154 3847 2081 2542 6176 5736 6282 4041 3298
8950 4047 4780 919 803 8203
8951 6612 4705 4429 9035 7498 11015 5245
8952 6279 4337 3074 9534 7396 8309 6054 4693 2091
8953 7322 7361 8582 11294 10952 10952 8450 5033 8255 9610 583
8954 2033 1581 11246 415 2923 10560 2499 2633 993 7034 5369 4699 11529 206 4348 1061 513 4542 11143 5922 4424 4949 5692 10340 5789 8051 7780 9499 9401 10332 597 9902 1158
8955 4932 2179 980 112 4441 6850 3740 3703 2670 8259
8956 2421 7251 7625 9527 4245 5134 7224 2674 6301
8957 2894 5188 7281 11021 6487 9627 6929 8805 248 10315
8958 11011 1716 2646 1508 1317 723 1640 11614 5972 134 7657 1897 437 1784 1849 109 2383 10604 943 2047 1825 1721 1435 2024 1205 1811 1001 3254 1813 10767 186 1862 3069 2223 2269 8811 1952 2837 8812 2369 2755 2852 2134 10616 4215 3625 8660 3004 1496 2664 3892 8546 8546 4857 3261 4045 4193 3416 11445 1668 3637 4300 3804 3998 3061 3294 2283 3164 4401 2898 2286 752 10946 1738 1125 9416 7034 7830 2796 3914 4104 3562 2669 4344 1543 451 8564 4218 4965 2695 4302 1121 1747 4067 4128 7917 4155 10831 3137 2394 5343 10831 1890 7286 3226 9067 6341 8972 4709 10831 4941 5874 10270 876 6147 9458 1161 4764 6111 4070 5845 6796 6073 2117 7489 10831 6606 8561 5602 5822 5826 2922 7558 7984 11218 10759
8959 1362 8599 823 160 2097 9514
8960 2378 6645 4157 4055 3557 5183 1765 5289 11194 5651 5124 9811 1881 11547 4230 6176 6435 4425 10064 7655 6020 6689 6688 5759 10383 10796 9975 8198 6185 7139 11444 9744 10000 9384 5192 10731 8376
8961 6035 6039 10961 675 5604 10877 10848
8962 3908 5377 6518 4241 2617 4804 6029 4579 7799 215 9562 4612 163 3832 4924 8554 7667 7945 6320 8056 85 6048 10248 5245 6684 4551 8323
8963 1198 5436 3986 854 6019 10909 3984 5563 4773 4623 1535 4892 4370 5113 6344 11437 6370 7171 8198
8964 6051 4059 8403 6441 8148 10866 7099 7448 4792 9728 11386 7999 4294 4266 3810 5860 5984 6757 4834 5921 8894 8199 9188
8965 4073 1095 4063 5626 11414 71 2862 5280 4394 7368 11545 9902
8966 6247 7243 4972 7165 1871 3264 6829 8430
8967 10501 287 2876 285 9392 7652
8968 4770 5144 6649 4804 3811 2646 6502 9408 8136 6935 7110 10805 6938 3391
8969 10022 10022 10022 10022 10022 10022 10022 10022 10022
8970 6068 1271 9200 1736 1512 5320 853
8971 3994 6477 7510 5648 9313 11405 7562
8972 7150 6235 8944 7921 4862 6351 4139 8956 7766 7214 9476 10315 11014 6240
8973 5894 3716 5163 11593 9525
8974 1907 9818 11108 9855 9822
8975 8719 1251 978 2656 5972 1451 9632
8976 2750 3422 4143 3785 9391 10544 5285 8865
8977 4218 6542 1907 4459 4760 7754 509 8795 8771 10986 8840 1778 10264 10507
8978 4707 10541 7570 11310 7363 1056
8979 11172 9795 7236 3755 3628 4506 7236 4031 4464 2773 7131 6182 11259 6279 10194 7244 10964 9342 11534 11280 5911 516 10295 10955 10972 7183
8980 9260 6215 1399 4789 5332 5656 6784 7387 4952 5279 5551 7270 9247 9272 10154 8828
8981 7756 4531 5019 5549 6810 11577 10100 11022 2813 8695
8982 6316 4115 9842 6589 2637 8019 7852 10069 5084 5091 5104 9842 8973 10777 8165
8983 5972 4699 4339 10564 6007
8984 6019 347 215 4972 347 1170
8985 5467 7146 6754 8856 10273
8986 7864 710 4273 7369 6853 6183 7174 7979 7417 5214 7092 8883 11074 3653 9258
8987 1112 611 10607 10692 3153 7669 11355
8988 9544 6483 3853 4350 4379 6582 4439 5237 7251 6049 7211 5751 2491 4256 8179 8266 11094
8989 11076 11342 1999 619 1258 45 11072 5667 11598 2573 1894 2020 1197 2131 5560 1329 10816 3666 2629 6844 1967 3253 11488 4639 1024 6814 3151 4386 10382 4776 6102 6865 4046 4078 7476 5324 5581 5993 9687 8788 6756 7932 7228 8209 10165 10003 10486 5729 11184 10332 11505 7989 1779 8913 9083 8562 10980 5382 11303 9802 9649 8228 11391 10357 8583
8990 10194 8318 5640 11465 8717
8991 6032 8681 6029 4940 10920 10920 7160 11492 8394
8992 2968 3015 8634 5594 7119
8993 5215 11229 1447 6466 4504 6934 6609 7258 5053 8175 10724 5057 9232 9431
8994 747 8860 2439 5531 2070
8995 3288 2630 8010 4186 2480 2593 3966 5168 4865 3777 4891 4794
8996 11611 4473 4198 9046 10050 4967
8997 1946 7037 6766 4678 5329 6397 1486 8686
8998 4621 2612 3650 4150 2527 8314 7320 9238 8340 11090 7390 213 7051 10866 6579 11050 3611
8999 2177 4117 10653 10391 10476 7305 7211 9302
9000 4502 7105 6592 887 4330 6952 4486 7994 11556
9001 1890 7365 3419 3575 9949 8683 419 3548 7780 6386 8224 692 2611 7586 6513 8102 2491 10374 5821 2193 6440 8180 7023 4062 6592 5442 10827 5202 10486 1947
9002 11354 10725 3700 3298 2275 2036 5357 10764 4812 3957 6695 3716
9003 4811 6446 5897 4835 7202 10044 5982 7651 7281 5671 7446 7618 7754 11431 10491
9004 5686 5335 7752 9429 10107 9269 5747 10517
9005 212 333 10638 260 2565 2043 8501
9006 7332 7671 8495 7338 9327 11353
9007 3484 5427 7882 7882 4890 8577 6860 6750 9186 7272 10277 10058
9008 6851 10005 9722 7595 10036
9009 7370 11103 7459 10143 7562 4073 4283 7505 9923 10902 8377 2009 8034 8547 3523 9463
9010 4865 9480 5592 5417 6499
9011 8660 9517 3333 10399 2283 3767
9012 10071 10631 9992 11029 5246
9013 1245 1274 3917 3892 3164 2330 4469 3132 5399 4180 10565
9014 5179 5860 7897 1955 1979 10763
9015 3762 1057 11634 5601 4141 3529 4548 11538 10558 624 8214 500 9146 9663
9016 10704 9676 10473 8782 7747
9017 8714 6561 9886 9886 3904 10871 7126 7720 8547 9228
9018 6332 6303 2476 4890 9949 11339 4606 10044 5889 5658 10565 10721 6322 3623 5989 5147 3215 5897 4636 6998 6822 5968 5813 8798 5970 7704 7715 4488 6750 899 9177 9020 7814 9825 9684 10176 10988 9183 5323 9184 10169 8964 10507 10294 7155 9839
9019 7023 4188 8340 6703 6044 8209 9732
9020 5704 6464 546 6418 6721 11055
9021 3242 9949 7008 6492 4647 5198 5836 4886 6301 5663 3279 8022 6936 6596 8347 3314 6430 6945 7505 8238 6023 9743 9357 9049 10508 9744 9744 9668 10229 9340 8395 11309 9594 9003 9523 10529 10897 9365 9076 10458
9022 5597 10910 1721 1384 10412 1452 1339 7452 8517
9023 4496 5594 5789 5437 9448 4766 6974 5450 8872 11303 5572 9874 8046 8401 10504 11453 8315
9024 10223 5399 2177 3486 4311 353 2705 9238 4395 5164 5280 5269 5589 6116 3680 4443 6270 2738 11103 6371 2574 5476 8293 9372 7848 9583 10866 8973
9025 8798 7134 9540 8116 9668 116 6355 605
9026 11056 2611 10701 11118 10613 6464 485
9027 8487 7359 10044 6435 3093 7285 7796 10314 8147 8661 8328 10529 9257 9996
9028 6785 464 4887 6514 6507 4736 8788 8063 10286 8438 7477 9596 7989 2683
9029 10904 4978 6585 4626 11528
9030 9808 4329 6222 253 5357 8400
9031 9260 7038 5213 9372 3818 4445 10250 8323
9032 5294 7619 3841 4582 4081 4256 10133 4312 3586 7681 7823 10389 6133 9975 8688 10358 8318 9337 8491 7494 9388 10383 8819 10865 68
9033 3562 517 8921 4331 4863 3729 449 3813 2556 8338 2780 5994 2538 2549 8044 7345 6253
9034 11140 6715 5626 7508 8609 5657 10241 10005 6346 6529 8882 3818 2227 8449 7754 9331 7348 10060
9035 11138 4193 4152 4906 5488 10937 952
9036 3405 5475 5568 6393 2891 7615 4881 8454 8078 11047 9152 9565 8133
9037 3338 8627 3366 7186 1142 9074
9038 1182 3018 2958 1606 9547 6274 3013 2776 7274 4909 9842 8237 787 3505 9905
9039 5983 4111 5595 7879 6906 252 7709 3487 6051 5426 6249 8383 10866 4886 8345 1694 11619 5381 8045 6298 7301 7064 7826 9052 8398 9403 7471 5245 9094 9261 580 9911 9679 9600 10555 3788 11566 7019 11282
9040 1619 11192 3103 1295 4517
9041 11068 4165 6832 5522 2960 6154 10857 9824
9042 4293 6881 6195 5828 4359 8306 8163 7533 10972
9043 4771 2494 3107 9814 7508 2596 3141 7219 11209 3015 5922 4941 6578 6913 2817 5439 5892 10044 6584 6364 9830 7505 6585 4944 5610 11383 1803 2276 7906 8809 4366 7106 10319 905
9044 4030 6440 1088 844 8487 10355 251
9045 801 975 1087 1911 958 2051 2628 2639 8667 7034 7034 3400 2907 4450 10881 7206 5287 3469 7138 8287 8224 343 9034 5066
9046 4202 5340 7734 9842 9842 3068 10362 8836 1965 9147
9047 11288 11546 10989 11336 7909 6314 10826 10887
9048 2834 10465 2722 5186 3784 2448 10147 2683 4272 6931 6372 9404 11506 3951
9049 3036 11252 3294 3497 10936 2139 1952 3138 7663
9050 8502 5602 4286 7405 3501 3860 7367 8898 9630 9419 7020 4750 11543
9051 6295 5362 3002 2482 7339 10892
9052 4488 9722 8987 8744 7382 10986 9024 11509 9796 3366 5742 10105 11265 10954 10828 10445 10475 10828 10253 10348
9053 974 1150 950 1151 3346 709 1417 4827 10921
9054 4755 5699 6818 6000 3305 7990 10093 6801 6003 9740 9406 2089 8157 7321 10952 55 9386 10005
9055 6806 7511 7585 3899 10837 11283 5100 5096
9056 4680 6551 40 5728 16
9057 6956 2929 5412 5160 3163 6546 141
9058 11551 94 2664 3378 10668 3688 10286
9059 699 298 637 363 1591 5243 16 7042
9060 10047 5341 7790 9684 11566 8324 10796 10732
9061 7432 5519 8220 5138 9388 6571 5438 2103 8592 8219 10137 10729 8754 8253 8876 9221 9246 9741 9824 8819 9300 9230 10173 8654 9894 10317 9025 8423 1945 9575 6359 10065 11017 3299
9062 9863 2536 11571 11550 178 10088 526 2672 2112 3769 4341 7001 166 6635 4481 2180 457 2210 5926 5563 3961 8187 4531 5794 1887 7465 5145 3778 8008 7413 11161 8488 5435 8588 8994 4530 9429 8789 9342 3271 9306 8960
9063 5700 6792 7131 4985 127 10937 7850 9868 10398
9064 4141 1769 6056 5922 4216 4985
9065 4858 4684 3508 4011 4018 5838 10270 9949 3792 6253 6279 7447 2394 3520 4539 8889 10574 8965
9066 806 11101 8536 11195 1222
9067 2092 2613 4215 3970 4484 3432 9645 4819
9068 6274 10389 3332 8544 10655 7151 8549 9791
9069 1499 7620 226 1622 2146 2506 4589 2672 3998 898 2621 4508
9070 4793 6472 5150 7513 3319 7985 3793 5583 8715 8937 7020 8253 30 9454 10595 11130 4277 9531 9471
9071 7544 101 10837 7551 10241 8365
9072 10367 3884 3285 4015 4685 4262 7225 3515 9552 9753 9254 7878 9500 10358 7315 10998 10853 10040 9714 9815 8045 2164 10568 10587 10649 10028 8941
9073 4371 5700 3276 2194 278 2801 3610 9437 3308 5296 9727 9214 9796 11391 5742 9708 11071
9074 3963 10866 7521 7406 3160 4874 4065 4027 6032 2137 6491 5786 11095 5761 6141 9791 3382
9075 3475 2559 2221 6702 8442
9076 7773 6398 7999 11126 11579 6597 7265 8965 8952
9077 3826 8552 9450 5954 8954 1986 11119 2199 10583 9714 11243 9842
9078 5230 6353 8758 6517 2276 4490 10829
9079 7452 7976 9645 7243 4130 7396 8068 8919
9080 5236 5844 4882 6862 8498 6458 7415 9367 9413
9081 10623 6751 4455 10005 6931 7834 9549 9245 2563 5053 10730 6853
9082 10623 5817 10546 9330 5941 7549 8792
9083 8551 7261 8564 9164 3611
9084 754 9107 867 973 5008 5146 7376 10415
9085 2057 2141 4589 2050 3745 1125 1444 4144 5121 6755 116 10736
9086 7976 6150 11287 8248 6922 1803 9904 10536 9058
9087 3888 6611 4509 4268 4482 6635 4261 7508 3419 10751 5949 5509 3912 3969 11379 5538 6742 4419 1252 6819 8524 7924
9088 11357 7204 6111 7050 6968 8816
9089 3531 7522 6436 4586 4843 6772 8411
9090 5611 3785 4713 10241 3391
9091 8348 5083 3272 3270 8754
9092 7825 7380 1100 10643 7813 10986 10129
9093 8063 8573 6664 9580 11288 7769
9094 3193 7865 11354 3344 767 982
9095 8895 3282 5411 9687 10297 10937
9096 5320 127 1866 5510 11584
9097 2838 154 1118 4083 6347 7825 6336
9098 463 6140 2768 736 508 2670 11577 11213 4832 11102 10821
9099 850 8275 10543 3594 7697 9977 928 3816 7879 7138 541 742 5622 4709 1198 2643 5613 2839 8930 10016 3814 5224 3070 4325 8909 2885 877 7251 6897 6307 848
9100 5679 3647 3086 11142 2315 9347 8909 10764 7892 7117 6507 11181 8438 9014 9810 9791 7336 10034 9783 10710 9587 7167 11372 11321
9101 5145 6294 7090 8711 11108
9102 4245 4090 6009 6980 6845 11185 8055 8851 5787 6249 10866 5072
9103 4394 5527 7056 3102 5419
9104 3115 532 9882 2276 9910
9105 10320 2277 5946 3256 5779 6348 5714 1093 10576 4827 10044 6141 6626 7160 3329 7824 10920 2727 7855 8079 6744 4209 5982 7141 7899 10346 6884
9106 6477 151 3298 10305 8575 11328 5014 455 11022 4917 10877 8544 9179 8904 11102 6970
9107 3681 5730 4246 9195 3010
9108 3998 3949 1800 4180 2929 5796 10379
9109 7663 239 2263 3090 2204 8500 7550 10776 6794
9110 4806 6101 4244 6471 7225
9111 10905 7238 7477 8070 10147
9112 3773 196 3786 3730 7424 4641 5345 4918 5234 9573 3952 163 8143 6481 5775 5539 4183 10416 10201 905 10163
9113 3731 6135 6217 6584 5211 7142 9868 7129
9114 5065 9409 11404 11413 11306
9115 3443 10659 5167 4058 3460 1092 7116 6488 8187 10959 11197 10047 7431 5954 7243 6504 6090 6815 7843 8163 10214 7021 9204 8692
9116 8220 6261 11363 7685 10815 8489 7321 1756 9434 11359 10729 5074 8754 10173 10183 8320 9118 9485 9120 5976 11294 11618 6546 11111 8971 7881
9117 4229 5489 5029 1267 7316
9118 2114 9358 5722 10482 9683
9119 2744 1579 2829 171 11301 819 6591 2412 7798 5406 7708 11331 9842 10005 9566
9120 6536 6559 5780 8827 9972
9121 86 11207 7271 11509 9777 9105 9771
9122 4177 4994 6681 7133 8413 6383 8849 8847 3252 9312 9084
9123 5447 8842 10866 7159 10233 7011
9124 10374 10808 4190 7633 6511 501 10724 1320
9125 1187 4643 192 10448 8213 11600 4862 2135 3755 11075 10182 9126 9565 1163 9002 6498
9126 4868 3827 7604 2817 5658 7300 11410 8561 10733 5969 5792 7259 6839 662 7948 11640 11340 365 4507 2855 7325 5167 7302 8220 9838 8929 5022 5110 453 1843 11371 7391 5111
9127 9961 10883 5197 10387 10050
9128 6422 2584 5649 10886 1624 8849 161 5988 9950 7557 8145
9129 1191 6345 3523 7647 1342 686 2939 959 1758 1742 519 1982 746 44 3401 8881 1533 2865 1745 5599 813 1071 544 1350 2281 10438 2102 1864 2153 9486 4387 1941 6887 320 5020 11382 2351 8338 2575 9006 2913 2313 11529 3734 492 2872 2556 2650 3908 6483 10600 4 4734 2051 5565 5160 4869 10844 3062 3064 4497 2527 7644 2779 5252 6304 2645 9999 3848 74 11311 7979 5333 2517 5663 347 8388 4526 2917 5 7108 9665 8274 7764 4291 4567 8312 7415 6372 7496 2926 9429 11177 9499 8707 8894 10670 11446 8591 1875 5177 6030 11130 7889 9219 10008
9130 1800 6261 5487 5490 5488 2724 5221 5164
9131 4241 2494 3656 4917 9644
9132 7135 2341 11056 6787 7787
9133 8172 6128 11478 7956 5022 8808 1759 10039 8857 8663 10230 11199 4799 9171 10675 8455
9134 807 3006 1492 1235 2060 10634 3422 10632 2087 2785 5725 7190 928 7748 3597 5925 10783 6268 9785 583
9135 9440 888 226 1697 6228 4093 3997 4423 11463 73 8762 7586 11497
9136 3622 2054 6722 3981 1608 8752 6421 9690
9137 4674 9949 7703 8361 7295 11246 9057 7602 8367 10761 6012 9040 8951 8712 3037
9138 5433 3648 5239 5189 5266 10490 6508 6214 7489 6842 949 10289 984
9139 5512 2920 3710 7821 7199 8358 7455 5546 824 1934 11471 3765 7718 8373 8788 5351 5699 10001 10623 11304 2561 8868 10536
9140 10739 2603 7034 7034 4414 9160 8812 2393
9141 2754 3511 2008 8149 7665 8455 10483 10672
9142 10399 1597 3851 1559 2190 728 9063 10901 2803 5331 9044 2995 6328
9143 7021 2814 2153 879 4569 11167 8280
9144 8978 1047 1500 1398 6341 5202
9145 7259 4111 9383 1828 8080 4660 11289 9193 4951 6931 6905 976 10124
9146 10543 1818 7733 5348 9402 7576 9997 9690
9147 1284 2586 746 1967 4735 3270 3272
9148 4908 7578 10676 4980 1629 6514 5772 10893 9136 5069 5070 5055
9149 441 957 7891 11526 5450 9852 9552 8553 10379 11303 8045 8045
9150 9775 8972 9900 10490 6283 6376 6192 4494 5308 3648 5927 6214 9598 5700 5992 4523 7398 2137 3856 7036 4424 11026 5458 7285 7052 7431 6781 10180 7093 6896 6142 8606 7563
9151 4453 6085 4200 9124 4878 7148 6674 11590 9541 8072 10759
9152 6138 4067 5262 5966 876 5877 6845 6730
9153 5723 4051 9942 2518 4276
9154 3355 4156 7258 2815 3993 143
9155 462 11233 3533 4576 3606 3061 362 8060 8402 6755 5092 5084 6758
9156 1351 495 1356 3211 9465 170
9157 4016 4428 7864 10831 6619 8994
9158 1557 257 3659 7900 1467 1514 1478 860 1339 2076 2077 2078 1048 9941 1469 2672 2525 2090 2381 9703 2829 11550 11435 10577 9486 650 3170 1823 9241 4469 4045 10653 3580 4175 4822 10808 676 211
9159 8714 6508 2799 7021 7406 3468 10866 5591 2826 6459 7218 7042 6761 5817 3750 6888 9515 9627 8136 7752 7442 9958 8675 5315 6382 11258 9340 9785 9176 4277 8262 8323 10667 9690 9310 9386 6004 8916 9750 8173 9745 10113 10572 8762 10835
9160 7722 5431 1607 347 9528 3410 1142
9161 3601 7377 5133 2613 3320 6262 6398 6408 6401 3463 10876 4833 307 511
9162 10445 1142 10140 8360 10913 10606 2477 2477 1718 11400
9163 7034 7034 7034 7034 3889 4118 3717 8503 9664 10726
9164 3111 7453 5570 2799 8073 11038 10905 6979 10667 9975 6133 9049 11624 1029 10001 9871 6900 8876 8876 4769 10309 11580 8975 9425 3690
9165 3955 5412 2707 6879 7892 4924
9166 6178 5760 5258 6909 4837 6788 4523 2646 6894 1734 4230 6875 5811 3689 5333 6821 3179 6823 9338 8609 10424 9391 8962
9167 951 11192 1483 3576 3221 9206 9501
9168 7184 8038 8391 1608 7495 6511 8269 8006 6982 5138 10937 6133 6064 8819 7577
9169 3503 6413 8779 3701 5899 7327 4636 6851 10044 5756 6642 1378 4739 6062 8154 5769 7757 6064 6997 5775 7715 7987 7767 9380 9944 6133 8384 10643 7652 8585 9848 5323 2529 10926 9256
9170 5822 7269 4415 8706 7777 9392 8940 9967
9171 11042 9192 10260 10675 10755
9172 7086 7721 4938 10429 11315 4457
9173 5748 6802 8827 7153 5438 8940 7529 5858 8924 8974 10583 9592 8712
9174 7589 4722 10110 9081 9014 11453 6094 11595 8646 8349 10831 10939
9175 1248 10632 1715 2182 109 10246 6063 8161 3706
9176 4806 4287 1271 1054 7050 11545 4988 11481 5643 11095 7541 11498 8114 8577
9177 1182 4505 6263 7903 7163 10659 6429 4217 4528 4640 77 8643 7108 4825 10659 7872 9357 7752 6194 8272 2720 5395 6030 210 9513 844 9223 5081 100 386 5073 211 8836 482 5797 9822 11562 545 7850 309 8428 10070 502 9673 9554 9511 69 10217 6882
9178 5228 4379 6218 7216 6506 2779 3522 4976 6548 6784 777 3380 7263
9179 4508 8198 9633 7993 8087 3764
9180 1798 3038 11135 2028 1578 475 461 11093 827 3426
9181 1917 6540 2956 11468 2184
9182 7009 4269 10905 10150 8040 8517 7582 11002 9988
9183 2921 4222 4599 524 993 5396 871 10623
9184 6246 364 300 704 1575 7623
9185 10845 10767 9703 1605 3904 5317 4903
9186 821 10023 589 2710 1127
9187 5282 1798 10560 2685 4103 1370
9188 6346 4776 5120 8896 676 8698 2813
9189 8408 6361 5760 3617 8408 10718 10718 6592 7876 6849 6849 8303 10893 8071 10295 8262
9190 6564 4042 655 3784 158 65 2598 64 1221
9191 11156 8205 796 5272 8917 3102 9999 6254 1887 3520 3737 4682 4853 8859 7062 9809 4554 2982 6995 7085 4766 7727 7836 8957 5435 9133 8414 248 4675 9561 9906 2276 9037 9033
9192 2664 8771 11610 2928 2292 2589 4797 11338 5401 7732 3670 2222 912 5456 935 5515 5524 4790 4903 1767 3908 5549 40 7261 3558 6730 6911 8293 1042
9193 9494 10291 8488 2665 3791 6755 6172 6753 6365 6670 10445 10750
9194 13 11450 3156 8639 7961 4567 8686 4451
9195 3450 3878 2332 5975 7160 5811 10932 10764 10679 5124 6399 10389 8955 7238
9196 3256 2889 2888 11405 1871 1929
9197 3291 5434 787 2335 5829
9198 9634 7300 7092 7516 7465 4813 5815 525 9227
9199 9655 7973 7971 10206 1945 5890 10108
9200 4462 5476 10286 9391 5552 8633 3334 9458 7420
9201 4875 4332 4926 5035 4574 5533 6323 7398 3556 7238 11619 8892 9025 8728 9454 8012 9103 8754 11318 1515 9741 3108 11294 8969 10822 10991 10091 9135
9202 3421 2768 4226 6919 596 8559 10252
9203 5908 6276 7248 6304 4915 10712 7455 5863 2561 7540 7605 4017 5782 10549
9204 4825 3102 4833 7680 9565 10663 11035 5115 8236 8651 8254 5830 8170 8123 11130 8659 9648 7296
9205 11387 3619 1604 4773 4123 6349
9206 3594 5447 3717 7560 852 6922 7039 7989
9207 6410 1486 2034 9414 11225
9208 3813 10128 8684 8279 9493
9209 5786 7564 11161 6194 5138 953 10857 5059 6426 11244 3653 10193
9210 10568 10802 8721 4637 10168 10330 6115
9211 4055 4647 8551 11186 3163 7604 11010 11637 4349 10385 9870 8475 7374 4098 6878 9352
9212 6468 8508 3985 3155 3160 7584 11150 7869 4098 11297
9213 6795 3458 5474 1820 6793 9241 4414 50 2926 7800 8904 7813 10107
9214 4072 1222 10916 5122 5940 6928 8632
9215 3221 8544 8666 5506 9014 2404 8822
9216 10284 2628 2058 1591 2989
9217 5178 11490 3047 2391 2062 1770 1628 1918 2861 2800 9656 2766 6057 1004 5721 3457 353 752 4007 4550 1077 7398 6151 3782 7191 9074 4823 4038
9218 2013 2744 430 2385 2594 7227 4603 3152 352 1774 2388 2588 2776 174 4772 7698 11191 7356
9219 897 706 1193 929 733 7468 2440 11342 11298 11138
9220 4899 2858 2823 3082 3436 8292 1538 5551 6208 5571 4749 2260 7145 8865 9782 10009 10572 8260 9704 6801 6546
9221 9442 10197 6261 5862 3686 2943 9493
9222 6483 4097 3805 5053 8683
9223 6058 6973 6226 5822 9466 9983 8971
9224 6664 9665 8639 7196 7961 9744 5194 6801
9225 10368 5833 5161 5516 7123 8004 11338 5606 7703 5736 2294 7592 4446 3564 9248 4391 5159 2670 4055 4684 5959 11523 6912 5625 5307 10263 3703 3327 7738
9226 942 4154 8561 6046 5896 4789 6022 3824 4887 11238 1252 5883 7109 3088 940 896 4826 7406 4710 5805 5340 740 6324 10769 6497 6881 5983 6784 5514 3149 7953 7686 7527 4555 4636 5147 4844 6413 10044 5392 5769 7757 7141 6913 7849 6377 6797 4447 5476 10738 5411 5319 6575 7920 7720 8089 6750 10796 5913 9259 9092 3644 5469 8509 9915 7654 8696 7968 10570 9425 4769 7374 8045 8826 9468 9097 9821 8320 10169 10111 10328 11425 5155 10011 2743 10934 10958 10887
9227 4926 4190 5475 7907 6938 10867 8127 6939 9889 4411 5788 8594 6231 7863 10508 7383 11624 1643 10096 10897 10897 9355
9228 6917 5658 6105 10128 6207 10808
9229 841 8446 3375 5368 7876 6892 6268 11034 2537 11451
9230 6890 6517 11039 6289 9178
9231 5347 10844 8288 5452 7453 8539 8081 9740 1308 9400 10095 11408 11303 10085 8481 8777 7969 8548 9828 11324
9232 932 690 227 1259 1411 880 8331 962 1489 1581 9933 4012 5338
9233 3758 3480 7604 3109 5626 2885
9234 8338 11402 6572 11227 5998 2745 5910 2034 2179 6760 7528 6179 5300 8226 7216 9650
9235 3024 4015 3363 6417 6823
9236 5582 1293 1475 556 1537 3401 1732 1727 1468 2197 671 1344 1070 4141 11539 7917 9329 3160 11598 4051 3630 5196 3527 6853 8779 4823 7582
9237 1769 82 4778 4273 5608 10133 7726 8215 8460 7322 9119
9238 7789 3245 2658 2424 9205 3432 1896 6978 7255 5848 6814
9239 929 1623 2797 1202 1228 3041 11252 3612 2320 5175
9240 10743 10655 7642 7720 514 5173
9241 8508 9728 8508 8038 6188 8233 11565 5227 6673 6184 2195 8279 10389 8478 3950 601 2040 604 5102 5094 10817 4701
9242 5461 248 501 9214 3998
9243 5039 1965 7143 11049 914 7912
9244 8702 2448 9588 2541 4085 4533 8347 4549 11143 11395 7523 10482 5
9245 1723 6246 557 2740 8807 10020 9402 817 1180 8305 9538
9246 612 11215 2120 2770 1072 3646 4866 7377 8812 8812 4178 9486 7327 5937 4875 213 5802 8746
9247 4332 4932 4908 4676 5317 4320 4876 7641 8788 1751 3631 8294 587 9905
9248 5478 11405 4645 6734 7523 2716 8787 11140 11518
9249 4950 77 4883 8704 8649 5797 5801 10078 6677
9250 8719 437 9860 3417 1001 1089 4392 10336 4744
9251 182 1763 1430 8213 2656 2938 10469 10693
9252 6806 7356 7342 10569 11177 9958
9253 522 908 5836 5768 3115 2398 11338 4080 5678 7174 7865 9526 8680
9254 1338 1997 372 1175 705 8062 4193 3917 3197 2441 3183 3881 10321 3784 7287 9649
9255 4775 5265 5832 10051 9809 6924 9476 8601 10001 10194 9579 5647 10665 844 9843 11572 7297 8990 8875 5708 9453 9578 10610 10086 5495 9873 9927 223 10393
9256 5736 3115 10215 6797 5376 5872 7099 7092 6281
9257 6083 10344 3947 6042 6601 6373 2960 5662 7277 4913 6780 4486 1654 6544 7994 8502 10460 10425 10893 7475 6761 5609 5702 8121 6298 8411 8027 7582 240 10967 10125 9915 10991 10991 4006 10950 10950 10225
9258 2977 3664 10668 3566 5388 11220 9495 5577 6331 1534 5910 9363 8568 3040 7455 3549 10984 11149 11086
9259 7392 3073 10943 5324 10306 7258 11239 11440 7623 132 2745 5227 4421 9488 4839 91 7299 7334 5790 6162 2809 8023 8788 7114 7139 8015 7006 9332 7985 3463 8451 10172 8914 10137 11558 8857 8790 9024 8816 11175 11365 8390 866 10238
9260 9450 5368 6998 8430 213
9261 8630 5454 6697 8779 7453 86 9601 307 9540 102 8424
9262 5689 647 7415 8520 9078
9263 1898 4305 1881 8393 1074 822 938 1692 11364 25 3052
9264 9634 9480 7137 9493 10008 8511 10672 8493 10862 6842
9265 358 4549 5475 3181 5589 6337 6909 3597 5751 370 5138 7800 11310 8579 10937 7628 3034 10173
9266 5983 6966 7410 8933 6738 10516
9267 10728 4329 6870 9200 7729 6909 4183 7171 6815 3280 6504 8141 9119 5086 9452 8991 8654 10005 10137 8755 10854 10295 5007 8045 10722 10991
9268 8206 3380 8327 9796 2622
9269 4126 1419 11639 4926 4402 10580 5002 358 4334
9270 4735 11467 854 508 3886 4234 4276 3949 4088 2792 1690 1688 820 7478 11064 7949 7942 9081 7685 8473 1947 10815 7927 10815 7322 10952 8582 5245 9144 7361 8835 10952 10316 9451 976 976 11199 4956
9271 5723 8688 8033 8865 10937 4136 9884 10068
9272 6061 8383 10905 8019 8088 7674 9700 9606 10717 10697
9273 341 10605 11075 10182 10182 10162 9432
9274 3395 3110 9077 9251 7289 7540 7060 6964 6592 6868 11155 10810 6124 10793 8270 10504 9578 9477
9275 3711 9145 3695 3855 6996 3648 3217 8811 3634 10578 446 5482 6307 4228
9276 8004 6399 6680 7258 52 2194
9277 4740 7137 8196 4338 10295 3749 6801 8879
9278 3996 3329 3305 3517 7175 10107 9747 9746 10244 10675
9279 942 4029 4839 6973 9845 6367 7887 7760 9415 5605 6194 9010 8589 11208 9029 9654 5178 786
9280 10372 6126 11463 7042 9950 9074 11515 10732 8244
9281 4613 1971 2666 294 7882 3731 1828 3991 11026 8644 24 370 367 7020 9208 9934 10387 11421 10777
9282 6286 6323 4188 736 5904 6551 4520 4927 11064 5138
9283 4240 7623 4884 7428 3993 5433 9568 6257 5177 7849 3896 1865 10666 9350
9284 4132 5869 7459 4455 4617 8243 2238 9655 8254 10379 9566 9884
9285 8652 7095 3999 4002 4503 8796
9286 1632 8860 561 4812 4204 4897 5377 5269 10422 8163 10164
9287 1484 770 7359 2805 9533 8800 2694 392 3096 2334 7830 4697 11338 5978 935 7201 11513 4627 5440 5214 10877 146 9944 7456 10550 10550
9288 5927 5783 3944 7341 7511 8968
9289 6873 7248 3163 3746 6224 9108 7829 9958 5359 8252 9987 586 10381 10848 6036
9290 5260 1061 11154 4687 4457 7140 11255 7338
9291 744 1533 771 1483 154 9533 65 3170
9292 1193 1002 816 507 1475 1266 920 1165 9017
9293 4343 10772 11026 7262 6494 4086 10663
9294 7432 3837 4257 8181 7407 9167 9744 8591 3989
9295 4726 3689 4726 6671 7842 8094 11015
9296 6173 5325 9338 8120 11481 10905 8088 8365 8098 4010 2192 8927 9716 8569 7172
9297 1938 3242 9611 2163 2647 4694 10876 3847 1095 2629 198 3574 3221 199 3973 2356 4049 1022 3224 3181 3326 11598 5425 3182 3071 8338
9298 10912 7489 1777 7505 9590 4673 8898 8361
9299 6922 8962 426 4045 7983 7999 6162 7082 9332 7826 11015 9722 11024
9300 2501 7259 4887 7189 5792 8058 7982
9301 3046 2650 4491 1527 3530 7277 2947 10679 6440 10651 7739 8780
9302 680 1633 2530 2594 3655 2626 5579 3655 2729 9563 4243 2228 4376 5504 4215 4282 7299 4951
9303 331 64 6138 8293 1080 8232 10332 2529 10831
9304 9960 4749 1512 11029 4759 2826 6902 6741 6415 9448 10383 6615 883 8243 6007 8519 5105 514 9452 8480 9425 4551 8991 8754 10060 1056 8518 10986 10319 10295 1993
9305 4650 10943 9417 8020 8020 9193
9306 981 1010 1342 45 961 4413 276 7439 1467 1686 8986 10484 1037 1009 5038 3790 1251 1621 5479
9307 964 842 6426 1422 7381 3003 11411 1016
9308 5744 9376 6739 5922 7635 8031 7986 8668 10459 9400
9309 161 10573 9693 11398 11497 11465 7654 3760 8975 9317 10119 2579
9310 1607 6160 4778 4587 6666 1267 9743 8609 6193 1761 7793 11518
9311 6470 4097 1866 3809 8838 4386
9312 6398 5096 11359 8872 10869 9613 1272
9313 10745 9533 3527 6339 6836 328 3936 2538 2504 4764 5313 5130 8456 6542
9314 2177 5269 3494 6116 4087 9499 10107 10379 11230 8323
9315 10336 2834 4786 201 4327 11183 4469 11454 3766 6771 8287 5019 10967 3436 6327 9948 7303 8549 1198 11445 7363
9316 6084 6978 5326 11022 5508 5926 366 256 4624 4740 500 10470 9216
9317 6625 8692 10470 9379 8492 9911 10542
9318 3327 1240 5757 9744 11161 9035
9319 8800 4317 2583 10530 293 2001 1900 4412 9248 5985 6164 4948 5729 1950 9185 9026
9320 520 1819 589 1530 3635 1732 959 2554 8907 1362 10581 3964 3081 544 2465 2015 1834 3098 11151 3513 9006 4084 4 7745 7383
9321 4224 113 3433 3665 4697 2859 11181 11183 2705 1922 5548 7534 4309 8463 8557 7169 3782 7267 8080 11181 5623 6045 2869 2008 3544 4791 4274 7057 7031 4110 3312 7138 11305 5346 6567 3309 10883 3848 4354 5879 6643 7467 6268 51 8436 4829 11185 1143 6991 10143 5426 3315 10166 7576 11582 6057 6554 5621 5357 6215 6757 7965 6505 5308 11026 6596 2491 7316 3530 7058 2894 7399 6275 10194 7665 1268 8347 6570 6443 8691 2308 3314 6321 6370 4556 7763 5191 9378 1267 6507 7084 105 5698 9426 8629
9322 4210 8588 8386 2556 10355 11497
9323 300 851 1539 3035 1000 422 7203 999 1705 1214 6335 6132 10657 10767 4275 10918 1571 5513 10915 4735 4735 10918 7657 2050 384 6339 4212 5172 11019 5171 5474 742 6476 7212 3279 5029 8187 7467 1631 7637 24 11010 10569 7991 8793 8789 8767 8789 10418 8768 10050 9207 10577
9324 288 615 2046 11427 1352 744 2281 392 2580 10461 2124 2152 10600 1702 5431 2890 5204 4138 5218 10900 10343 597
9325 5617 5720 1704 6302 8269 9567 7934 207
9326 8777 9820 9998 8854 10770 6811
9327 2141 1407 5011 2140 3871 9924
9328 4032 4834 6343 8476 8589
9329 6034 6301 4459 2767 5991 7095 662 7513
9330 2335 6173 9929 9157 9157
9331 4714 7700 5736 6323 4969 8576 7513 6469 318 9260 10389 8034 6571 11501 7260 6691 11023 7569 9812 6010
9332 2132 4721 7976 4776 9383 5424 4002 4872 9311 4958 7911 10286 8618 914 8836
9333 4016 3669 5783 7546 9521 4719 8506 4581 9983 6607 8760 10360
9334 5823 5909 5933 6206 5749
9335 4980 3694 4827 5312 4713 6034 9886 6087 6963 590 11018 9438 4692 5676 6805 5567 8162 4742
9336 302 631 1327 4593 765 920 1457 611 1032 468 6667 2939 947 714 965 689 8439 9495 1802 1220 486 1018 10025 1530 1638 134 10967 2343 2328 1745 186 6448 2245 6261 7359 812 1363 2744 332 1892 939 9860 135 1106 10885 722 3139 2998 3445 1755 2762 10311 1679 3603 2283 6140 902 3061 1628 3664 11514 7830 4281 695 1103 4187 4291 6472 4221 3860 2985 7438 3781 4039 8353 2918 3172 11317 8313 3671 4125 5123 5879 11531 6685 3104 2723 7975 6876 6916 9644 8110 5375 9349 11451 5819 9372 8175 10131 7575 9396 5018 8465 7692 11472 10666
9337 8762 11214 10144 1935 2619 11342 1571 1750 7100 1360 987 4264 11403 6014 11095 9528 10980 8068 200 5089 5110
9338 1668 7403 7580 4286 11398 8018 7887 10482 587
9339 8807 3377 3883 1927 7003
9340 5393 11025 4685 8770 9518 10773 8729
9341 10916 10912 4454 872 761 4574 4449 5823 2195 7783 6267 5928 6352 6743 7194 8220 5880 4607 4875 6726 7211 8596 11130 6926 8180 9954 1026 7956 1080 11023 8489 8592 8491 5438 8236 8755 9742 11351 7471 8819 7314 7136 5067 9261 9640 8946
9342 208 6051 362 11591 4316 3016 425 7618 3568 5720 10684 6890 3275 8105 10208 8797 7443 402 10122
9343 1663 849 9891 1958 1483
9344 816 7735 3780 6358 513 3326 1760 5563 5360 2607 6250 8208 4861 5449 7339 10037 11302
9345 4459 9318 4326 11329 7625 3950
9346 3778 4389 3987 1840 4074 3850 11492 7824 4336 10095 8779 8779 8798 7962 6022 8229 4559 4636 6997 9739 11562 9819 9460 1626 10672
9347 4573 10560 2577 9319 10765 10391 2384 6840 11599 4186 8106 10563 11402
9348 10298 10740 9215 2721 1747
9349 5301 8788 9482 7295 601 5064 9268 10309 2021
9350 4895 5986 2365 9823 9943 2473 5153 7042 7487 7672 2917 5950 2871 11246 8537 8994 8036 9801 9706 7401 8729 9074
9351 2289 10422 4235 3630 6300 7168 11287 7870 10160 8880 5060 9483 9236 8993
9352 8863 11236 972 6440 1633
9353 2767 5159 367 7967 9331
9354 983 9007 2315 2872 8739 8408 6378 4641 5966 7626 5903 6778 1536 3632 10286 11505 8029 8472 9812
9355 1502 7900 9369 10414 1627 1422 1836 2250 3003 2249 9800 2242 3453 2259 2668 3979 8345 10866 4705 5717 2043 7752 9958 5585 7713
9356 2317 5377 3728 3013 4804 5959 5139 7427 5259 9238 6696 8149 4112 6442 10374 928 7504 7540 6902 6901 9244 3787 8785 5801
9357 557 715 9430 10539 10029 6752 1501
9358 1561 10908 4478 11401 761 202 7160 2034 5752 7419 270 234 8940 8033 9567 10379 10529 8481
9359 4985 6290 11332 7799 7225 6432 8303 7418 7568 7994
9360 2265 5366 4141 3015 3399 8142 10823 9633
9361 5263 4811 1733 7628 11389 11023 10164 5612
9362 11163 4370 6209 26 1907 4624 6370 6433 6334 6845 7764 5889 5050 8683 6136 5571 6507 8550
9363 1537 720 3943 1232 921 7071 3881 2368 3929 2755 8161 352 9576 2244
9364 10599 1862 450 11596 6844 8172 6670
9365 5896 4545 6318 6678 8696 10237
9366 11342 7034 1915 11012 5594 4945 10215
9367 7367 9448 8788 8787 10222 8847 7829 953 8844 9487 8696 9791 564 9736 11592 9613 10295 9641 11484 8788 9612 9310 10445 15 10505
9368 8292 6248 5 9337 8445
9369 7501 3179 9391 8829 9596 7475 4277 9075
9370 2547 3164 6554 8277 3338 11104 7088
9371 8697 1409 3531 5301 8844
9372 4663 4706 11039 10060 8507 8915
9373 1354 8907 1881 1510 1205 2011 1586 61 11138 10786 2912 4344 1853 9800 10641 2829 2942 2986 3004 3164 11000 11046 8564 2124 1770 319 9925 10982 3520 6156 2059 8102 7676 10009 11431 1056 8530 9211 7370 9218 10318 10362
9374 7343 10449 10988 10068 9758
9375 5111 9305 7657 10521 8806 5082 9386 4747
9376 8909 7784 7366 8196 6344 6418 7562 9410 3175 8586 7195 9911
9377 6433 3142 10314 6338 3284 7123 8340 5204 6741 5535 8703 8615 405
9378 6575 6890 2576 11477 8064 8826 11641
9379 544 1059 4977 1049 6620 3862
9380 1934 8034 8629 5211 6687 11464 8740 6688 8490 10857 10857 8170 1759 8764 2380 10854 8105 9420 8938 2563 11307 8215 8530 11509 11104 9236 5911 9510 9048 11578 3880 6529
9381 9480 7403 4989 6254 5492 7278 6896 7726 11302 9825 9915 10293 10398 9097 10142 10338
9382 6654 851 245 937 3035 5599 1469 4047 2621 4505 9394 3700 11399 8859 9665 5952
9383 4326 10715 501 602 9297 5084 3273 9304 9298 342 5092 9284 345 9302 8472
9384 10295 7705 11348 10983 485 10771 11328 11328
9385 3322 3317 7392 10490 4543 983 5459 6250 3840 3841 6195 6790 10994 4834 5478 7299 11629 5039 8912 7194 3818 1977 3196 8771 11509 9192
9386 7259 7589 4330 8051 7344 7780 7631 8147 9462 9693 9062 10441
9387 11003 6572 2291 1744 1775 11107 5993 5580
9388 3004 3362 5177 3381 3776 5529 2617 6107 8568 4868 4510 11481 4952
9389 5260 7453 452 7435 6313 8478 7780 7139
9390 4520 4975 5052 4415 8091 4935 719 9170 10942 4105 11218
9391 3960 8917 6159 6465 10655 7734 5856 4671 7097 9214 10349 9838 4807 6779 8165 9842 1157 11243 8703 296 10569 8171 10792
9392 6842 6277 5931 6105 6447 8495
9393 7536 9367 9657 10185 7477 11218 6529 9274 7370 10161
9394 3601 10860 9863 2488 1599 2668 9721 6182
9395 6129 5172 1954 8539 6506 3180 1277 5143 11102 4098
9396 1061 11565 4302 4303 353 7170 3311 4903 1275 5143 5164 177 1 9497 6559 5661 7268 7015 9975 8828 6933 11303 3911 7827 2882 5472 4809 3295 10277 8092 11532 7598 7645 10212 4467
9397 4672 2096 11450 3824 3380 9975 7136 10878
9398 464 3824 7816 7186 10512
9399 7311 4926 5334 4391 8416
9400 9440 10283 685 10921 5448 6483 10919 5059 5115 5069
9401 266 6126 6612 6544 7546 7962 5925 8436 5353 9077 8115 8698 8629 7281 6144 7922 8833 9590 6637 2985 9460 9460 10211 6320 8661 9429 1308 8708 10549 11159 8155 5469 899 8913 3644 2276 8646 8693 9655 6994 5110 9842 11102 8795 4366 7425 11431 10107 9468 7820 9973 9020 8854 10123 5178 11485 11462
9402 9077 6222 6633 6107 7491 5811 8051 10415
9403 5440 6459 8444 6857 1672 5441 10848 8192
9404 6894 2518 10994 4129 10866 4377
9405 4241 10834 6859 7954 10926 7984
9406 9007 3362 2801 2692 1606 2959 3536 3428 7789 10842 8667 2272 3055 11449 2317 1236 121 9931 5112 1748 3490 3883 4206 5240 7683 5659 1558 983 1800 6076 4126 3620 1769 4319 11037 6061 11093 3067 4456 278 3906 6469 5589 2201 3308 11545 5710 6593 5367 3380 5803 6579 7714 7228 9190 10165 8295 10516 8708 10964 10681 11272 7985 9727 11113 9904 8755 10781 9260 7242 5445 6779 8981 10555 10991 10991 10585
9407 1073 1027 10453 2459 2854 5488 2922 4343 11335 4865 4456 5137 4953
9408 1809 7358 2638 3217 650 1774 3692 1183 3970 3929 2509 3339 9617 4873 10669 6303 4449 2646 4043 8725 10044 1378 8609 1056
9409 4508 4112 4161 7335 1629 5584 7072 7465 6834 6064 5419 10678 11532 11289 9555
9410 2026 7925 2606 1562 7578 11327 2538 4405 1498 11608 8369 6727 8636 3989 10583
9411 2262 11307 1713 568 1328 10426 3233 1289 10888 2821 2827 10004 2265 7740 2613 3989 11486 1203 2717 3492 5586 8667
9412 6250 3511 4597 8896 9590 5729 1748 9268 11202 429
9413 3215 1460 10389 5348 3512 5668 1505 6983 9765 8138 10812 3423 10450 10056 10960
9414 6342 6014 4882 9242 10482 6804 11199 10797
9415 478 9384 10179 9738 10043
9416 6210 3683 2800 4081 8462 7234 7962
9417 665 10148 622 4347 8688 3740
9418 7277 8603 4245 6692 10276 6067 9941 4721 6806 5575 934 7917 10044 6502 7840 318 6991 7626 8539 4499 10738 7857 3765 4611 9997 5486
9419 3777 2448 6297 6284 3169 7522 1776 2956 2340 7742 11512 8038 7827 7572 6669 9983
9420 3658 5619 11531 3926 9366 3933 5461 11493 10834 7506 9366 9402 9108 7217 10383 2236 8694 8520 584 1320
9421 7453 4599 2888 4447 5970 7263 5671 6963 7284 5808 7194 6859 8547 11166 10666
9422 6084 9330 8404 8883 10564 10590 9950
9423 3717 7378 6692 2891 7625 4324 6290 4396 6447 1198 6680 10859 4677 9882 4607 5789 5333 5772 7511 9826 9466
9424 9417 4246 4802 10184 1056
9425 4357 6975 5363 172 4600 8058 7161 10834 5134 7932 4511 4567 4671
9426 4230 4268 6803 4133 3632 3334
9427 3044 4328 5493 11328 6771 5953 6031 9534 7294 464
9428 5977 4932 6244 6814 9588 6923 10533 8078 11403 10286 4714 7081 9330 1694 7184 9260 5564 11352 6061 6594 10404 8577 7547 10164 9116 11532 8092 9233 11581 3588
9429 696 4657 4635 7682 7066 111 3934 9728 8788 8209 11246 8295 10854 7899 5359 8362 10664
9430 9417 2787 6347 5542 7825 9079
9431 6395 1177 9460 6135 7872 11140 8547 3950
9432 857 6448 1695 5185 2607 4291 3436 8567 3925 4018 2335 7668
9433 1458 10943 3206 11597 8211
9434 7335 6848 11445 9330 9482 10810
9435 1736 7114 624 10893 7870 500 8692 11130 8515 9246 8458 2893 9095 9161 11240
9436 10738 7303 311 317 11624
9437 10873 11468 4944 6648 5544 1746
9438 7116 5822 6898 8462 7101 6826 8849 11297 7977 10334 8942 11451 8946
9439 3850 3689 4933 7011 11626 8878 9967 6749 7498 7374 6994 9655 10353 10353 8854 9812 10206 9857
9440 5357 6622 10532 8912 10241 4363 10251 9669 8011
9441 6060 6829 6556 6398 8077 980
9442 1903 5599 2951 4053 819 3245 3795 6257 8200 3354 8025
9443 3823 6137 3503 2220 5575 9918 11629 5536 5354 4636 7082 9570 10317 1882 11589 10857 10333 2893 10664 5327 6356 9640 7640 6638 8045 8612 6426 11505 9780 10265 7724
9444 6416 9187 10716 8186 2720 343 5061 10358 11526
9445 8234 8192 7110 6231 11039 10682
9446 7161 4020 5623 2325 3314 10093 1122 8956 10893 4205 6900 2720 6112 9046 1941 9490 5743 10798 9678 3653 7107 8803 11244
9447 5366 1782 9017 6832 8228 8184
9448 4275 10886 5252 6521 7977 6482
9449 626 9398 11069 1551 791 2061 11031 2386 1863 2883 811 2428 3050 5494 1213 11411 2305 1599 5121 7789 4344 10325 5240 3883 3267 2577 4126 1199 5169 4621 3219 4332 5331 2612 3146 10668 4549 5269 5460 7389 7300 7427 7049 6021 7318 8141 9852 3350 8755 10185 11304 11155 6357 9231 9141 8845 10671 1154 9514 7494 9894 10788 5117 453
9450 428 2115 6137 226 3647 1760 860 483 254 839 3921 2038 2033 5271 6005 8533 10703 2133 7227 7227 2680 3854 790 1160 6836 1892 1966 2873 11234 10935 10866 1859 5171 463 10819 10875 10875 7748 5308 6072 4814 7651 2919 7467 4212 10854 3512 365 9208 8626 9639 11616
9451 10866 4622 9753 7986 9668 1521 11421 7820 8158 8837 9597 10983 4107 11586 10017
9452 885 5213 11077 6724 6971 8607 10788
9453 7034 7034 2668 11539 4602 595 597 602 603 598 10243 5073 5068 5111 5076
9454 11029 7417 8473 10815 7949 9228
9455 10604 6290 3141 8206 6846 5476 5620 6584 5892 10733 4458 3828 7629 6249 1177 4455 6748 7911 10361 6318 7293 953 8878 8519 8239 9003 8360 11219
9456 9900 1827 4780 5974 6275 4927 7305 4258 7062 11117 5130 6107 7215 11563 8605 10092 8176 11575 9412 11280 9476 9622 9751 8848 7484 8751 10810 9444 7021 5468 9168 7244 5691 9587 10448 11276 9520 9214 5296 9075 9070 10966 9523 9084 8905 9550 8796 5298 11118 10097 10829 10777 10086 10104 9843 9324 9207 9873 9805 1941 11621 8380 10742 8459 8887 11572 11570 11256 11082 11455 11082 84 11461 7602 9876
9457 7838 339 11393 237 8375 10706 10644 11496 10177 9065
9458 1918 3719 9724 377 4191 3826 139 8582 9842
9459 6560 6623 3791 6831 7906 7582
9460 2275 3670 131 3023 5215 2830
9461 7277 10320 7076 403 604 8361
9462 7156 6279 2040 5292 10644 10103 10947
9463 6492 9972 9195 10067 375 9076 8009 11169 10497
9464 9717 3685 3000 3907 3151 4866 3306 2642
9465 6852 7483 9694 7363 10569 9021 10060
9466 2074 5344 5420 7489 9932 270 2297 6094 8692 7812 9422 8950 7984 8289
9467 2363 6024 5215 2911 4892 3294 824
9468 547 10224 257 1758 698 2550 9671 10438 1985 3667 3521 4528 4 4642 11547 1645 6741 10665
9469 1924 10716 8453 9766 6573
9470 7455 6892 5206 10047 10335
9471 10490 5158 5118 7023 10384
9472 2776 3625 4735 3031 3142 4904 432 6844 5864 2400 284 8830 9343 11108 11246
9473 10368 4928 6245 8346 4427 4261 5396 8564 7563 9989
9474 8309 6980 7670 7840 8293 5 10831 7889 9431 2882 10001 7158 6767 10675 6853 9836 10770 10066 9664 3523 4786
9475 8275 7706 7775 11035 10663 7717
9476 4273 4587 6375 5188 6443 6913 9100 6832
9477 10893 11042 7943 9880 10776 9142 11362 7421 11613 11606 10975
9478 6369 2969 2428 5264 4904 6483 6116 253 3975 8573 10785 9125 7989 10587 10741
9479 6577 5622 3730 1881 6733 7410 9576 9576 2201 6711 10937 8462 6494 8607 7674 7344 5319 3751 8211 5802 3350 9273 5382 344 8624 9288 11155
9480 1457 4588 9489 8322 7183
9481 5792 4510 7323 8544 4718 6695 6937 8034 10038 10243 10831 10046 10260
9482 2934 4827 710 5785 3623 7629 7463 9237 5296 1319 10212 9878 9957
9483 5043 5557 9442 2713 7759 5914 8444 2809 6142 2449 645 8527 9195 8525 11104 2648 9722 10377 8914 10857 9236 11576 7563 5327 6583 11104 5742 8888 9169 10109 8742
9484 10114 115 6768 8442 7226 9482 9084
9485 3975 5379 5546 673 6973 11601 8430 1881 5506 10222 10761
9486 901 1541 1202 7439 880
9487 1427 6889 6889 629 9842
9488 2958 7821 8571 11326 10347
9489 9207 8963 7645 9214 8942
9490 8704 90 7305 4823 8952 8795 11231 9076 11264 11445 7183
9491 7453 7665 3127 7990 11422 3558
9492 1837 1614 2610 6252 11022 3332 3336 8630
9493 6258 5532 6785 5564 6408 11034
9494 6261 7359 6101 4651 6891 4913 6507 6845 8851 8237 8299 10755 11036
9495 7455 10871 11185 4165 7602 10589 10966
9496 10831 5003 5505 3165 4456 8972 4128 2501 7979 6848 7855 7876
9497 3083 711 715 1574 1623 668 275 774 2347
9498 4867 6952 8176 8528 8913 3738 5033
9499 1255 5311 1044 6880 1538 6869 5802 7888 7829 8788 2023
9500 7882 4606 2733 9460 7635 7986 899
9501 2291 3868 7865 11227 5194 3873 3710 3509 2584 2195 5904 4511 7506 10764 3631 9319 6983 8753
9502 9164 9338 4800 10678 401 9277 10107 9324 1594 7183 9426
9503 5796 8433 10044 10005 7141 5756 9944 146 10546 6062 5556 8224 8915 5350 10967 9926
9504 3684 1967 2029 7406 2450
9505 457 1907 6616 6559 6641 3402 4903 2137 5030 4892 7799 8482 2738 5401 5367 7016 9932 8633 7021 9419 8449 10549
9506 3249 2975 7034 2186 10823 4650 1524 11387 4167 5551 2193 9333 8688 6049 7703 2930 5039 6666 10147 8964 8521 10731
9507 9961 5396 11547 2788 7452 9318 5956 11121 2681 9368 7525 2958 6016 4090 7885 11309
9508 7489 5991 7601 8663 10831
9509 418 685 11195 5481 10690
9510 8496 5973 6696 8149 4983 2260 6636 4107 9482 10952 7689 7503 7949
9511 2692 2662 2320 3842 11065 912 6167 5530 9744 2895 9493 10369 9111
9512 6299 7033 8856 7340 9330 7270
9513 2344 4263 1331 2393 11191 2706 3892 5865 5136 4700 7604 1093 10901 6161 2787 3505 4433 2533 4058 4115 10285 4580 1495 5828 5663 3990 4090 4521 8058 6210 6596 7350 2498 5869 4626 7060 7060 5665 8867 7735 10093 4530 6395 9665 7232 6971 5569 7060 7108 2089 7752 6194 1643 9057 11244
9514 3660 6400 1746 8661 10045 7852
9515 8167 5308 6814 2915 10769 9383 7115 5886 7141 4774 5767 3660 6640 3676 5728 236 6133 7015 8686 8146 7982 6738
9516 4073 8022 3803 3929 3692 4240 3716 6777 3794 9917
9517 336 10974 2235 6261 2979 280 864 5312 6456 598
9518 5003 6525 5643 2955 9521 6616 10529
9519 10433 7367 7887 8683 7699 10031
9520 4435 10187 10807 2632 7427 5908 5627 10382 7864 5892 3530 1271 185 4347 5871 1733 6833 6728 1895 9335 7504 10866 7639 10389 7238 2089 7228 11498 9871 5844 141 8252 4656 9356 11046 9162 9445 8098 7242 11391 10874 10261 8879 10616
9521 4593 99 1290 8719 573 1188 227 10019 154 3416 7586 8762
9522 3022 3020 1661 4117 3658 4176 7086 7277 5459 5051 5985 6434 6188 7849 2491 7761 11104 5719 9379
9523 4886 8060 9457 8646 5612 11361
9524 8052 8867 4162 5050 6315 7897 8273
9525 373 4117 2418 5042 11009
9526 4681 8567 3353 11284 4091 4048 9818 2757 11022 8281 11382 9608 3152 10764 8550
9527 8955 10387 9101 9452 10572
9528 11483 7393 4945 7672 7920
9529 3621 4065 9382 8408 3703
9530 3342 11162 11522 8385 2541 11450 4028 11369 4480 2815 5303 993 4329 6635 11162 10044 3939 4599 4575 4342 4470 4412 10751 3694 6913 3808 2984 6371 6224 4580 5278 8652 5435 5958
9531 5402 4342 3026 5232 9900 5046 9856 4494 8558 3505 5499 5663 7882 9665 7157 7036 9523 8587
9532 5195 4443 5529 5947 7709 6329 6126 1170 5177 6292 5939 6567 2894 6072 6585 4209 30 8809 8675 7558 9869
9533 6389 2257 253 10633 10794 10973 5558 532 530 6184 2800 5916 11547 5705 6494 11531 11103 4252 6862 4313 3215 6781 9366 11009 8498 4618 5550 2682 8097 6222 6107 6738 8652 1757 5443 8410 5861 10964 6220 2841 6161 8785 8475 7982 602 11130 5032 9108 3558 9555 9987
9534 8590 10808 3387 3544 6539 8497
9535 5548 4916 8255 5105 7171 10815 10383
9536 3520 1899 5328 9753 6801
9537 3140 3360 252 6952 3161
9538 8160 11374 5926 4989 8386 3882 10659 10659 5663 5134 3505 8643 7430 8839 9470 7473 7305 7322 8037 9847 9061
9539 7093 3761 10831 5132 3436 4450 11251 10543 3766 6138 8359 9393 6121 11631 6200 6207 11336 10791 5660 4457 4809 6935 5904 4617 8238 7218 7151 6699 8442 8441 5552 8500 10546 419 6748 7765 5202 9954 6914 10277 11623 3644 8825 10334 11432 9312 8168 10480 9915 9825 6989 8349 237 7649
9540 3387 2920 5150 8552 7350 2561 8707 4935 10534
9541 21 9941 513 4080 4339 10299 2482 10678 2404
9542 4690 6308 6463 710 10291 241 11276 4971 2665 9412 9591 6268 7185 4581 1123 211 4675 7826 4342 10741 8961 6597 7850 10829 11244 9950
9543 7095 11186 5588 5395 482
9544 1168 5546 10866 3145 546 4349
9545 805 323 1663 1705 3092 1766 1542 137 3771 3653 3523 520 1758 11435 842 257 1580 2770 3401 1467 2189 222 7974 2197 8533 1458 2656 1633 1001 1872 4047 1829 194 5295 472
9546 9534 7135 7670 9523 8464 9953 10567
9547 10767 1792 1472 9426 6886 1473 10556 1825 3408 3022 5127 7009 4770 4776 5260
9548 2664 3154 3989 10616 8660 442 1437 2466 667 446 6844 6273 11252 10341 11229 10875 3620 10875 10935 10875 356
9549 9480 7190 3469 10831 10831 10831 4177 5557 5679 5380 9251 5796 7248 5260 3392 242 4069 8340 3305 7443 7606 11505 9958
9550 5150 6851 4868 8955 11623 7176 9628
9551 11633 10875 1816 267 3164 10248 1461 1079 5733 5308 4760 6389 10786 6363 9382 9975
9552 950 1723 716 1427 1476 1068 1663 1589 691 608 460 2296 10414 7021 8366 27 10488 1760 10877 472 81 9402 10873 3790 817 11044 1391 5020 10010 2575 3259 1490 656 1959 7034 7034 281 2027 11531 28 2650 7080 5956 6034 11142 7086 11375 7773 8128 11152 5151 6853 6378 10222 6338 101 11126 9810 5116 5556 10854 11308 248 5090 9404 604 9276 9360 8586 3394 11451 8578 7656 753 10170
9553 3520 1277 2705 5889 5682 7453 8539 8001 6241 3552 7033 5608 10433 6946 6418 8051 661 4917 4530 4554 8005 7431 4127 5885 7344 7637 7670 4330 10093 7016 9596 8815 9118 8970 9500 4490 11109 8836 8836 8045 5338 9881
9554 6694 7196 9050 9051 7897
9555 5300 11453 9159 9143 10388
9556 4927 2727 8530 8437 9284 5080 311 8014 10408 10771 11337
9557 6444 6178 7149 6803 7307 5713 2652 3904 284 7723 5300 10866 6145 7477 10678
9558 9811 6207 6881 3142 1889 9343 8495 7484 9507
9559 2513 201 2768 4434 11209 8058 9368 5922 854 3965 4982 5134 7092 7452 9728 4176 6093 11591 4514 6344 8125 6242 7909 7211 7166 4209 5276 6915 10258 7695 5119 3153 6058 1955 7211 2284 7639 4987 7685 9818 7800 8621 719 910 11264 4561
9560 10021 1165 1467 608 2228 332 2134 6388 11115 3590 677 3251 5590 11340 4188 6433 10300
9561 3242 5020 10010 3492 3095 2599 924 11233 11382 3682 2791 11467 6212 2922 1323 4194 3176 5009 2494 4676 1585 1212 9044 1995 2767 6052 7655 7328 5037
9562 4016 6252 10728 3823 532 4539 7072 4475 5367 6936 7486 5982 8550 10007 6272 9335 6513 5646 5116 7134 9601 6543 5952 7503 8454 9744 8371 7846 92 7291 10045 8591 11015 9235 11230 1843 2910 5747 9902 11015 9550 10107 10856 10327 8903
9563 1960 413 1589 2619 1425
9564 300 1474 1256 7845 2337 979 900 978 1635 926 4296 10339 1085 1665 2060 10723 10321 3452 10875
9565 777 6206 7748 7086 7963 5187 6209 4868 6845 10730 7459 6370 6991 4532 6354 1777 6451 5333 9375 7874 10409 7215 7216 6646 8683 3145 9737 7632 8539 6907 7920 1 2985 8510 8081 10623 6748 150 2806 8016 11297 270 9315 7806 8998 6474 4935 8744 11207 5691 10966 10038 8328 9523 9086 8915 8887 8507 10059 10415 10512 10872 11421 11453 1545 1596 10616 8375 8600 10706 10777 8775 6493 296
9566 10900 10503 1765 9192 8494
9567 5690 1881 3986 3689 7350 536 7931 7794
9568 3752 6368 8312 4340 7408 9539 11421 10706 9174 10722 10590 6801 8788 11353 984
9569 765 4148 623 974 4991 1014 1920 2697 2442 2123 4054 3803 7660 7790 9165
9570 1216 3478 10389 3600 2947 7892 6595 2825 4978 3376 2800 7693 10774 3284 6222 9372 6875 7990 9999 8788 236 9402 7486 5210 5186 6297 10772 4729 11630
9571 2607 8674 7146 10841 2503 11135 8564 10886
9572 5475 4113 7120 6926 8220
9573 4392 11357 2272 7789 2540 11185 3411 2775
9574 9417 3590 6156 4043 6336 9448 6004 7555 7593 9822
9575 4179 4414 294 9977 5042 4849 7251 11185 7345 9178 2289 1524 10160 9213
9576 1007 4830 10496 3330 8220 8755 10065 8461
9577 4132 177 10774 6726 7619 3812 11090 11193 4507 4249 4311 6204 10653 7049 11237 6594 7344 7211 7211 108 7848 8269 2491 7208 6253 8034 7069 5610 6888 10893 9234 1554 8592 8141 11444 11270 6684 8713 8692 9742 9640 8254 9741 10451 8515 11273 9141 10183 10173 10173 9434 9606 11130 9862 995 10609 10635 6243 8510 10822
9578 2062 2905 988 987 3164 3955 5931 5624 11278 8685 5431 5946 5440 8430 5546 6207 5188 11502 7687 4840 198 4699 6580 4817 1008 5600 10067
9579 6981 4615 4669 2101 6203 6560 7584 9391 8753 9599 11406 9179 8664 8126 9016 2103 10164 2910 8761 9579 3524 8773 223
9580 8743 8692 8770 10609 8423 509 10067 8786 8814
9581 3419 11052 8482 10299 4254 7257 9338 7837 11476 1308 8628 7529 8914 7061 9291 9286 8828 9134
9582 9338 4707 8827 8540 375
9583 6645 8637 5832 5207 6539 4090 3074 7761 6020 6963 7187 6607 9490 9449 1158 5098 10572 6344 4754 6139 5713 5550 605 8929 9289
9584 3360 4400 4541 66 7465 4397 7276 10110 8207 5206 5300 8622 9043
9585 2133 11339 7766 7661 10615 3614 11494 11310 8959 11607 9761 10162
9586 5221 3221 6883 7623 7660 5434
9587 4659 7356 9882 5555 9478 8650
9588 5176 4339 5291 6672 9466 4555 6375 7703 6640 8089 7671 5521 8090 8852 7444 9874 9034 9915 8825 11515 8131 9625
9589 1231 462 40 3929 5366 903 6138 7663 4965 1444 7212 11033 4124 432 329 6590 122 11107 9870 7543 5957
9590 1861 4204 3362 832 4772 2801 3669 1900 3721 6452 4565 11444 11199 9436
9591 132 6433 11416 7540 4130 7831 8043 9774 10616 11041
9592 5238 5903 4446 4548 8490 10107 9827
9593 5228 6484 4886 5218 5631 5822 6240 3234 5789 9785 3286 7820
9594 226 3150 4866 4691 3566 10547 10404 6232 10990 9468 3423
9595 3759 152 10881 8972 5200 7344 3791
9596 8058 7673 8404 7245 9341 8490 9291 9286 11218
9597 5257 5362 4717 10141 4797 6470 9962 6075 9466 4983 4722 11483 7544 4929 4622 10404 5714 6839 8954 7694 7011 2380 5984 2377 4834 1170 8300 8212 10796 2193 8994
9598 5437 8340 10637 9164 8964
9599 5389 8061 3155 7422 6356
9600 7718 6467 9972 4944 6305 5381 10834 8199 8866
9601 96 765 2046 1107 1989 2388
9602 6658 7398 7078 10315 5058
9603 2970 6785 8909 5956 9790 7433 5905 1431 6787 8661 9341 10241 3175 4800 7070
9604 2797 3333 3843 4628 8290 4948
9605 887 3608 4205 89 11035 8341 9167 10060 11365 9987 2874
9606 8800 1465 2925 7311 1614 470 3851 3847 11154 11046 1878 4193 1980 4343 4182 2849 11443 9244 8106 599 9373 10555
9607 6138 3138 2274 3262 3462 2956 11380 7116 9315 161
9608 10284 690 9109 563 10380 10107 631 427 1164 10674 1032 730 920 4515 1960 1641 193 1114 568 286 874 3780 926 10069 9509 765 10480 1138 9891 1476 2169 160 225 5181 1226 1560 1513 2853 1479 471 6345 977 1278 1354 2981 10636 1187 572 1136 232 965 1489 3535 45 494 686 6564 1911 1338 1685 11011 4524 1359 217 1039 104 230 1903 1696 1365 7974 1717 5599 1727 1732 2383 9860 226 2182 6280 2847 3910 2319 1418 1363 7159 27 3081 7146 3240 10368 146 9944 10793 10788 10788 9155
9609 3040 4244 7858 9057 5087 1153 7859 3271
9610 8681 871 662 11309 10369
9611 5239 4428 5191 3074 5193 11023
9612 5528 5634 6950 7539 5646
9613 2022 3969 5720 9888 6753
9614 6138 5791 6950 4282 7553 7199 10834 8104 8527 6093 3566 8627 133 4875 7132 8391 5640 1536 11140 1016 7006 8078 7725
9615 617 4536 4868 4789 3623
9616 2744 1192 5309 10786 2133 1209 3795 2123 3518 1809 400 4130 2464 5158 9363 2311 17 4209
9617 1504 9586 3291 11332 8308 4420 7806 6225 5784 9550
9618 8811 2713 10541 3441 5437 8303 6288
9619 3857 4572 6522 6334 3102 4825 9391 7214 10623 8267 6857 10780 9518 9548 8900 191 10856
9620 10217 69 9902 1709 9439 6076 10160 9633 7832
9621 3877 1715 1825 355 4199 1036 267 1039 768 10819 2850 10503 10644
9622 7042 5817 8211 9009 5005 5065 3626
9623 854 4088 4261 3718 5119 6119 6411
9624 1094 496 1586 4042 11363
9625 6504 10653 9628 11077 11296 7132 10477 375 9861
9626 8801 747 183 2555 1772
9627 3876 10575 7075 438 5792 9164
9628 1688 2003 2016 3164 11467 7657 5632 5331 3311 7029 294 5995 3144 4364 3520 5423 5724 9472 2435 4642 6766 11611
9629 1686 1387 2981 568 1214 1226 1641 1531 10832 842 2037 3057
9630 5836 11338 6636 7707 8690 8531 8519 595 8900 9161 9658
9631 6047 6443 7848 7699 10568
9632 3847 11502 10883 5912 11302 10747
9633 39 3293 3973 3167 11003 4450 7066 7097 9904 1990 10208
9634 8415 2045 685 2797 267 3106 1912 7796 7540 9487
9635 1429 1262 1914 9925 2143 5310 2483 3555 2649 3784 4181 2850
9636 7240 447 7965 1821 5432 826
9637 10541 3388 7833 5978 10192 10831 4513 8910 3960 2443 10831 7366 8954 11323 7879 8788 10286 11444 10404 9407 4756 9273 8262 10385
9638 1388 10653 2413 2640 5695
9639 5670 10845 1531 5972 2168 2550 106 194 544 11533 882 267
9640 5606 5752 647 6058 5314 7562 9627 11165 7636 7582 9268 11453 9887 10672 8804 9597 9941 9467
9641 765 1726 2427 10933 3041 3112 3442 4498 3955 4221 7733 787 9590 2021
9642 3696 1495 6996 5725 3767 11279
9643 2885 6506 2036 5634 8209 2620
9644 95 1028 319 3008 2945 4589
9645 11074 2383 1255 6886 1299 837 973 10641 1395 472 1605 11195 2647 2013 280 773 10691 9564 3357 2619 2466 3650 5912 2876 2424 4095 5310 2948 3902 2634 10271 6276 278 5586
9646 7406 2829 9504 297 2077 11166
9647 7102 3989 8770 10815 9752 9712 4334 3690
9648 2069 2266 2429 11291 4476 3559 5939 7347 4996 11152 7468 5709 3880 4947 4946 11337 11371 9677 9935 10302
9649 5473 7453 6692 5909 5906 8303 3151 2830 10762
9650 5955 4221 8992 9818 3121 6433 5288 7202 4810 7199 10383
9651 6243 7194 3749 1981 8735
9652 2430 11260 2705 4491 6627 7882 7453 8590 2681 7882 9999 5962 10612 5052 3389 10864 6552 3911 6322 5860 6418 5510 4797 6935 7467 9695 4227 7922 10808 7303 8022 5924 11478 7630 1120 2137 11129 9722 9466 7251 8557 8768 369 9362 7435 9557 6652 2482 9314 11072 10760 3523 7847 10824 7649 8721 10672 11244 11222
9653 8788 10404 8980 10796 8133
9654 4417 7509 5622 3155 367 370
9655 2038 1062 406 2591 486 3854 5617 7953 5984 5535 6631 5768 6037 5886 4699 4626 5488 2532 3858
9656 8479 1143 5508 3186 8557 6507 533 503 5610 9193 7956 8700 9175 8925 11039 9353 10439 7992 9264 4561 10008 8361
9657 4925 4570 3855 6212 616 6156 3992 539 3450 4965 5369 7286 4476 5179 5996 2763
9658 388 1111 3006 11069 10608
9659 1165 1333 9551 1582 6426 2797 1656 1909 2592 3043 7381 2781 2803 3536 11533 7485 10839 9205 2428 1765
9660 11401 10564 7069 9884 10534
9661 212 3377 3171 7098 4398 3872 2513
9662 62 5178 3105 2080 3152 11291 4555 10008
9663 993 6297 1092 3689 2788 3911 4530 10868 3316 7107
9664 7036 156 617 4698 800
9665 10968 5231 4297 6661 4030 9424 6119 4470 7890 4868 7577 11009 6711 8538 5314 7388 5753 9576 10883 10867 6021 6496 10866 8077 6980 10733 4045 11375 7060 8100 1804 8397 7231 7264 7734 10528 6560 7268 5556 9693 9738 8320 10697
9666 4647 6865 6283 11103 9330 5649 4611 7207 10834 5952 4073 7676 7556 9979
9667 638 628 1406 1564 2181 1187 10480 1405 906 2051 732 1522 2235 2290 1716 371 2770 1478 1784 11447 1742 837 813 2475 1848 4047 11510 10768 9481 3637 2174 1432 9426 1906 458 3619 7205 4044 5870 1555 4316 6253 1702 7275 11456
9668 10288 3695 1183 3302 2507 8022 5144 7816 10075 11237
9669 2622 9833 6546 10119 10442 9745 11400
9670 6904 6668 5496 5922 7615
9671 7259 6443 3305 8669 9232 8615 10074 10865
9672 10400 633 3637 5487 5488 4765 5125 5153 5151 5740
9673 3374 10029 5625 5402 10893
9674 9941 5899 5519 1913 10546 7481 5952 5335 9460 8779 9590 9975 5776 7607 10250 8876 7654 4366 4349 9875 9689 11325
9675 9402 4420 7346 10644 6162 4958 9380 9201 8212 8025 8273 11336 11297 7970 8263 8608 7712 169 9143 3034 8453 8265 8021 3108 594 4034
9676 4210 4211 8652 4205 146 7503
9677 3623 5933 9391 9391 7012 8847 5095 9124 10057 6010
9678 177 6147 6720 11410 11438 5748 7800 9206 10795
9679 6742 5946 5626 5938 4282 7783 7528 9338 2891 9011 10673 9282 5104 5092 9276 9862 69 11176 584 11104 10135 9015 516
9680 9842 6839 284 2201 595 597 603 9196
9681 10827 7890 9645 4165 6820 4635 7952 6253 7460 11586 7688 10644 5292 3750 9790 6325 8698 10415 7097 7800 8017 8283 9397 11074 5058 9904 9702 10060 8913 10926
9682 8209 8722 8003 9640 9230
9683 5912 7873 8594 7744 9429 6233 8471 11453
9684 6754 1512 7406 10541 8532 8771 3330 3926 6429 2500 1326 5761 8061 7406 6468 7824 10920 5757 8896 4262 6125 11479 4183 8314 5462 6969 5788 9700 11221 7549 7878 162 8492 402 10698 5101 404 5067 5070 399 11104 5654 11371 10856 10829 10186 6426 10226 7881 5059
9685 3776 7277 6524 3015 6535 9853 6381 5656 10049
9686 2951 3823 6535 10653 6532 3162 4832 9350
9687 3935 4054 4547 6842 10893 9049 10996 10332 11255 10131 2790
9688 86 5952 9126 10670 7222 11612
9689 5624 7965 7679 3782 5654
9690 4167 3720 3723 10199 8082 4805 7976 10060
9691 4464 9961 3872 5260 3871 6508 7403 4264 10766 6119 8858
9692 6092 7201 4437 235 7873 234 10058 4665 2404 8328 1709 10249 9649 9739 10722
9693 5695 4984 4226 5409 4194 5874 9961 3841 5658 7403 5353 5388 1645 5247 6713 6891 8169 6386 6123
9694 5343 6832 1907 5041 3842 5421
9695 5426 9899 10593 11081 10529
9696 8986 10144 819 992 7726
9697 2265 11291 3566 5293 9719
9698 9049 2276 440 9763 11218 11080 9658
9699 7212 7212 3516 4168 3645 4169 5143 4981 8558 5825 3026 10889 3180 4090 3581 7903 6237 2096 4521 10659 5682 3649 4304 10379
9700 9949 4901 5532 7498 8706 11509 5461 11359
9701 414 2697 332 9703 2143 2146 10592 2481 827 2638 2305 2387 9717 8746
9702 6536 6218 7453 5724 11625 7169 10463 7920 6895 7586 7406 8827 6215 8040 9693 9527 2707 7623 5340
9703 850 5412 7965 6837 2687 2430 5661 4835 9424 10682 5397 2480 5246 10594
9704 1074 192 665 4472 889 864 1720 1187 1842 9723 2197 2656 505 4708
9705 2282 7935 8896 9567 10769 3619 3175 7516 3356 5072 5090 400 8789 502 309 10942 9915
9706 4482 4410 3819 5175 4117 4553 3696 10464 4327 5553 6084 6535 9942 6035 4774 1598 8342 9818 10889 4554 10389 2294 10949 7409 4631 7527 8630 2773 5963 6305 7672 5705 7003 141 4566
9707 5293 8348 9942 6044 8005 6499 8787
9708 7897 5380 6469 4827 8427 5312 10444 5631 4276 7615 8788 10937 7321 9085 11133 8319 10335 10107 2248 2270 11119 10763 10865 7169 9106
9709 4259 2209 4192 4481 37 11636 4214 4975 4285 112 5482 5483 5104
9710 3020 10490 8340 7289 604 8111
9711 6201 3392 5886 7650 10110 9137 10445
9712 4819 5926 9424 1921 6127 9378 7398 6269 6370 5906 7612 6910 9627 8354 8452 6325 9627 9627 8216 4622
9713 4289 4754 6416 8023 2985 9590 10905 7498 9308 8998 9722 10512 8040 9341 11356 9904 8511 10059 10239 7188 3391 7337 6191 2914 11568 10991
9714 8859 6115 7963 5764 9570 6482
9715 1962 32 6378 7854 7854
9716 4070 4067 2320 1775 6066
9717 1187 9723 11215 915 1174 1175 10604 5599 2593 1464 2375 2635 1758 2273 2496 960 2931 2329 6369 5394 5638 3664 4459 1881 10149 7459 6082 8018 6301
9718 666 11277 1223 1580 5597 10025 3921 1171 11076 9402 324 833 11072 2094 1980 11486 1024 4405 5629 1356 4616 5415 1933 9646 1127 2106 11046 2001 3654 5627 11527 2070 3897 3785 4933 6700 10087 9248 5822 5811 10093 6679 10696 6145 5609 9047 1521 1505 9848 10060 2 10824
9719 6196 7196 4588 8698 6892 9462 10893 9521 11297 9740 5409 6338
9720 10493 3724 4969 4998 6571 8447
9721 6303 7822 7009 5303 5981
9722 5593 1264 1265 523 1001 1683 1896 3820 5667 591 8339
9723 512 1907 7663 742 140 4684 10466 2216 3916 6518 10957 1777 7093 4890 4979 4456 1161 1120 5812 7387 10270 8568 5889 6720 5571 2214 7339 8918 7496 6418 7791 8970 6094 8108 11207 779 10214 7142 9262 2236 10059 9365 10831 9138 11220 9263 9321
9724 2494 3320 5613 5247 2384 4567 7788 56 5081 9915
9725 2984 4230 5136 4470 6514 3581 3990 4017 6193
9726 4325 3658 6149 6121 10880 10268 9674
9727 79 1059 1089 800 6
9728 1089 10351 2074 7946 11322
9729 6511 7848 8478 8752 5699 10343
9730 940 4789 10844 5134 4699 5182 4447 9066 3663 8553 7475 10164 11263 8185 348 7677
9731 3709 1883 3065 9646 3306 2324 3259 5304 2326 1323 3296 7192 872 1267 1656 6292 5725 2862 2330 2332 9423 3235 4563 7604 11293 11633
9732 4903 5199 4534 692 518 7986
9733 2048 4298 6588 4768 11615 7042 10411
9734 10778 2106 2453 2772 7021 4660 2227 9501 9449 7242
9735 3969 10834 8926 6023 10744 1240 6318 9425 10667 9698 8947 10788 9726 9858 9209 9158 10468 10293 10874 11585
9736 11052 3773 9769 5214 9268 9359 7902 7708 5537 5916
9737 10540 6478 7396 11326 11362
9738 6585 11416 9372 6584 4458 10513 8124
9739 8275 8972 4291 4427 5417 5879 5160 4067 6578 616 8634 3919 4677 3494 5188 4396 7246 6499 6447 6515 6430 7405 7413 1684 6261 2380 4750 10101 9499 10107 8620 8540 9613 11231 8009 8323 10829
9740 4199 2494 10412 10911 9338 708 2405 2374 11215 3302 2144 3583 1755 10399 3917 924 2741 2804
9741 3871 2915 6871 6213 6378 7435 4571 10388 10346 10763
9742 1032 1349 1494 1839 3139 1777 6616 1911 10794 6734 2445
9743 7013 4273 10826 1142 4490
9744 6624 5211 9216 8857 9245
9745 7359 4773 4579 7486 10930
9746 5634 5792 10034 4588 8348 9127 9990
9747 11315 3545 4129 8684 9392 9742 10964 9741 10164 2236
9748 10608 27 9417 392 9417 3262 3354 1474 7404 234 4847 10332 1319
9749 4452 11018 2277 7577 4139 9448 7529 4483
9750 3409 10916 6348 6058 8510
9751 3560 7843 8500 8486 5064
9752 9681 1349 759 837 280 1785 1343 6005 10271 1480 4735 987 1601 4405 11597 1584 9692 5531 10391 4597 4851 3247 7830 2148 2125 10580 2785 239 9251 2578 872 4416 4654 7409 9233 4237
9753 7897 5452 7744 7069 8031
9754 5389 2321 3511 11565 10476 9960 3140 3531 8689 8972 4177 7251 4333 8508 6087 6081 4854 2809 9515 5636 8038 6021 10643 9316 9983
9755 390 4031 1331 3117 5575 7273 10165 9016
9756 4091 2234 2842 4876 4123 2105 2871 9919
9757 2934 6392 1370 10730 6608 4183 4809 8091 8335 10937 9019
9758 11641 5739 8196 7075 4624 10725 4081 4133 4176 5738 11154 647 8318 7184 6270 6973 6200 5374 3660 9380 5734 8064 6318 4462 5782 7175 10197 8017 2529 6750 9286 5110 10160 9848 10097 10942 3799 10467 8320 10623 11528 4117 9253 7819 10365 9542 8814 8941 2491
9759 3995 11609 5554 4421 4219 5149 6252 10482 10411 10682 10221 10590 10788 10892 11499 8131
9760 1730 10703 3733 3075 6084 2646 426 8681 6014 6087 5908 7576 5236 1832 7308 3167
9761 946 945 917 941 259 10778 709 10674 716 10820 1907 2715 893 930 10778 288 1032 748 2744 10489 481 10850 499 2460 2747 2814 472 378 9933 11551 287 290 2319 10024 2769 3188 3497 892 1072 855 880 8331 1023 1411 1038 1459 6132 10202 1581 5827 2122 10713 3139 10914 4275 1553 4056 1750 2998 7311 4650 2388 2154 224 4812 2177 11291 2728 126 10580 10915 9941 9059 3430 5019 5030 7824 10919 10919 7390 5437 4209 5188 3703 4311 1275 1276 4924 4336 5832 7780 5039 5616 4210 7618 1702 7855 7352 7945 8940 8877 8684 11129 5061 5077 393 8261 8808 8924 10965
9762 650 6827 7420 1424 9298 9192 9246
9763 3921 10814 11045 5248 2158 5576 1858 3435 3970 2387 5725 2757 11583 9593
9764 1765 2638 2521 11223 11140 3607 2535 3317 6708 10653 11267 1853 9689 5847 10044 6092 2404 8535 2164 10102 10755
9765 8930 5231 4030 3395 9943 4959 6463 7265 6801 10302 10642 10646
9766 6466 3977 7054 5294 6445 3064 7687 5894 4729 11491 6799 7940 8868 10590 7179
9767 11228 249 4079 488 11206 550 3500 8338 10578 11172 10945 11089 7776 5402 3274 4473 5471 5849 4341 4323 11527 2180 1092 4963 5679 11185 4224 3599 4506 6235 5364 6051 796 1887 3315 9598 5376 7150 2990 6475 7710 7214 3301 2919 2775 8338 7534 8698 2738 5120 7552 6346 5753 165 11333 4735 4874 4776
9768 7086 150 5675 2806 6135 9340 8294 3009 10379 8809 9240 9990 8782 10829 3523 9974 1596 8158 5853
9769 9119 9120 10420 10717 11017 10585 7711 11409 6569
9770 7864 662 6329 7655 6179 11619 654 7110 4735 9201 9349 10357
9771 5837 6842 11068 7021 5570 4959 5990 3447 3017 1 7892 5776 2699 7455 10871 9402 8839 4455 5058 10788 4745
9772 1461 5177 5824 514 8086
9773 5998 3681 1700 7949 4205 10815 9528 9812 10034 11293 9189 9690 10542 9142 9793 7616 11112 9820
9774 5864 1561 196 2521 7073 4031 3577 10531 10775 4440 7604 1971 4473 4312 10866 6940 8120 6128 8063 8042 9601 7239 8100 5809 1733 7066 7671 8412 9164 449 6353 6020 9335
9775 1931 81 1984 2575 2512 2112 2571 2937 9402 3323 3099 1501 5121 3847 5894 5964 10268 9393 4720 2443 6378 10734 63 5561 10052 11237 7415 5493 8868 10121 9757 6614 15
9776 11227 9527 4754 7547 11177 8891 8648
9777 2809 8073 8498 3110 673 8740 397 6914 5078 5087 5082 2641 5414 8283 1153 10201 395 5104 5111 10371 5628
9778 3900 3770 5601 9547 6119 6572 4230 871 4553 2815 11611 4218 5926 6462 6293 7776 2712
9779 9588 4312 7988 6745 3797 4917 8345 7842 7888 6660 10141 11233 5338 9627 5697 6239 7477 8031 10486 270 2276 3653 9571 9813 11244 7107
9780 2740 10973 5670 2345 3076 4862 10503 6723 4139 6478
9781 10348 9968 10062 11111 8989
9782 2063 3261 3200 283 2760 6137 4715 1182 3581 6635 1092 4364 8237 10890
9783 1345 2811 3334 2838 472 1281 5362
9784 8877 692 8120 3996 7285 4702 8039 9728 6075 452 8771 11293 5382 10204 10080 9080 8185
9785 3569 2467 10570 3113 2792 2815 7453 5191 8699 10676 3887 2449 7447 6459 4818 5293 10696 7985
9786 662 4657 11640 7211 7211 1170 1568 11081 11624 117 10428 8165 15
9787 5299 6452 3368 3837 20 8381 8035 8962 3371 10883 11297 2085 9801 9902 7597
9788 9808 6084 8655 8025 10678 9651
9789 794 8075 2499 215 6452 3837 8075
9790 444 1073 5597 1003 717 1573 10503 5734 577
9791 10873 6824 7220 6862 11632 7837 9254 8624 10470 11265
9792 4989 5134 4678 4273 11056 5731
9793 10379 8468 10702 9935 3624
9794 9446 7897 7723 8631 9460 8301 10277 8380 5245 10542 9684 9924 9981 9834 9253 10507 6523
9795 10889 5346 5881 7516 7909 5779 2524 1879
9796 3518 1535 161 5099 9759
9797 5144 3419 3715 4523 2096 172 3119 6806 8408 4685 6291 9585 7963 8051 6816 5713 7704 5381 7084 7085
9798 4726 2132 5424 7525 7345 7893
9799 7305 6311 8001 8539 5535 10544 7514 2432 11038 7677 8335 10684
9800 4914 6072 6895 4580 11408 8876 7787 9824 11624 11104 11474 8888 9348 8650 10682 7982
9801 10857 8553 9057 11589 10857 8194 9904 8627 11140 7640 11532 9733 8845 10388 8836 9127 5165 8888 8233 405 9232 2480
9802 4888 5751 7446 5514 150 8089 7987 8632 9460 10866 7874 5769 9186 5776 6749 9565 5506 10564 8176 6261 9744 7628 10846 7754 569 8219 899 2808 9995
9803 7237 5723 7480 7119 5363 5963 9364
9804 6138 9942 8050 8430 10243 207
9805 3685 4231 5748 5767 69 10217 8513 11562
9806 998 1136 1291 614 10586 10355 11244 1766 257 4413 1009 6132 44 812 1493 4413 4047 678 11435 1851 992 9069 1358 7746 7751 7744 6632
9807 6061 6104 4727 7465 8220 9049 6688 8126 9647 9471 9174 9759 11337
9808 966 8083 756 1152 946 938 716 1150 1206 1217 411 1427 720 881 1557 9891 1097 2628 717 490 11277 10023 2254 668 3437 6965 10910 7389 4044 10019 3894 4950 2186 3403 4157 11045 2332 1798 10971 3256 261 5307 6037 5670 6165 10575 4378 7606 7158 726 11079 3488 387 7238 3143 6914 10576 9076 3816 7794 5750 8443 9747 8298 10827
9809 1774 3373 2198 3310 6446 1233 3593 5177 3034 4274 8363 8771
9810 10242 6364 8192 9043 1162 10103
9811 3206 4670 2872 6076 4608 4018 5260 11450 5340 5908 5193 6692 5053 5287 4081 4180 6754 8787 6496 5204 3392 4432
9812 6851 5003 1527 6301 5434 5650 4909 3162 6851 7505 10715 1379 10201 8464 9212
9813 2193 4813 6430 8078 11363 8671 10334 395 11350 5007
9814 9417 10237 7781 7313 10208 6382 11355 8897 11469
9815 5695 7221 11271 8696 9300 1515 314 5064 9199 9500 5078 10673 6528 9305 8780 1156 4107 6832 10689
9816 9339 2046 7608 1440 2233 2115 2254 2121 10167 3168 7227 788 10311 381 59 3474 297 1540 3646 2422 3056 4215 957 3125 3692 5178 11093 9743 5828 1817 7115 7842 4772 3566 3678 4091 1650 3418 5521 7508 5411
9817 3167 4419 3871 10728 5436 7687 10867 6971 3996 1744 7036 7672 9507 8694 9501 6239 8106 11128 10788 976 10788 5081 5073 3195
9818 170 10061 8540 8772 6010
9819 3981 5644 3974 5524 5622 2624 955 5608 5458 3189 5275 4176 7041
9820 11414 5721 3245 3699 417 4240
9821 5582 2239 8890 765 2744 1265 246 362 2433 8430 444 332 6763 2073 2407 4232 2860 10682 8888 10304 10518 5418
9822 8909 6110 8237 4061 6285 5786 7648
9823 1907 6019 4812 3212 5998 2763 40 10764 3629 9515 6216 11022 10764 10764 4687 5785 9534 5867 3661 4066
9824 11059 6906 10053 6664 3835 10994 1324 6120 8280 2193 8859 10127 1535 10374 5465 8605 9343 6188 11246 10060 8770 5486 542 11113 8221 9813 9869
9825 3386 463 3936 4240 3594 8921 6296 10881 7830 4308 8462 948 5866 3019 4920 3076 4582 5164 8432 1120 7251 5771 7397 10711 6187 6668 8023 5691 9872 11169
9826 1731 6111 6214 8502 4952 6739 6031 6895 8829 9181 2247 8611 5103
9827 6453 3026 8778 4161 4674 4647 6229 6263 10285 6535 7624 7116 5478 4289 5665 5643 6152 5772 5819 9462 5435 9590 7178 10510 8353 8472 8574 10342 7971 9157 9062 11169 7195 10538 7812 4675 9835 9361
9828 7686 5469 9693 90 8328 9850 7581 8146 7618 10796 7719 9819 5776 8249 8152 10840
9829 549 1196 1871 3841 3840 10891 5416 11504 9406
9830 5164 3680 4974 5162 8478
9831 5891 7058 8198 10967 11309 10978
9832 5541 652 10489 782 3159 1572 10020 10019 1258 1708 1139 1043 124 1011 4305 2097 1674 3043 3901 797 2073 1402 2387 2330 9941 2077 5818 187 1727 1732 1175 1850 7578 1582 2091 9190 5162 8188
9833 9644 7988 2584 8032 8644 5643 5819 8683 9743 8166 9782 11228 10858 10345 11330 6659
9834 1496 2759 2638 9533 2219
9835 11525 11059 10053 11549 11452
9836 2421 3678 3677 115 3276 5387 3079 7644 6181 11027 6164 5400 2306 4778 10919 4645 7824 11492 318 231 10921 3308 1267 8218 5716 4792 2277 7681 4883 3278 4512 5729 10377 11389 10681 7518 9640 9185
9837 7776 3795 7259 6818 8383 1424 1921 8768 6872 9837 7808 10196 9748 8982 9621 4745 9553 9639 8789 9594 8554 9070
9838 5444 10842 1747 2823 5489 7101 11104 7581 9220
9839 10476 2969 1769 3721 5399 4926 7918
9840 11486 5243 1878 7034 1221 9428 10319 8742 10468 9155
9841 5136 5986 11574 5707 6834 4568 6086 7734 6809 8793 8598 4342 9112 3161
9842 9205 7741 2467 2317 4170 7830 2989 7619 3030 3267 8921 11070 1234
9843 10498 2283 10935 2996 10875 2485 5010 7211 7569
9844 10623 1308 1778 10074 6677
9845 7865 2110 4638 10660 3273 3271 5087 6017
9846 3465 3585 4678 6832 5566 5322 6803
9847 6906 8863 3387 2920 4721 4669 7865
9848 9478 8999 10058 9567 8286
9849 555 259 2100 3421 5232 10901 5043 4833 9139 10650
9850 4544 4645 8154 3983 170
9851 8567 11458 3227 1773 4406 4358 3716 7248 3848 5647 10322
9852 3468 7490 4626 7615 4671 8369 8030 11297 10815 7321 4136
9853 5695 9458 9568 2866 1194 6496 6146 8887
9854 9527 10733 2934 5984 11591 7633 9561 10172 9760 11306
9855 1625 1468 845 788 1315 527 3943 954 1176 3080 731 1410 1820 3357 2630 9318 4424 4880 11009 3295 7586 10449 9915
9856 3237 2367 7146 11204 9270
9857 1413 4761 3629 11339 11492 7824 4606 10921 8725 6701 8089 8258
9858 11279 5914 9986 7986 10059
9859 2213 5186 6591 2598 6815
9860 3737 4848 7375 5781 10129 11244 3879
9861 572 4305 2181 3042 7865
9862 10618 8280 4569 11549 11452
9863 7701 5119 8345 5561 4653 1637 7340 10683 7781 11317 9298 9230 8946 9653 9714 9708 10787
9864 1578 2133 10634 722 8739 986
9865 5789 11438 8430 4318 7998 10346
9866 4906 3592 11360 4344 3572 4737 7209 2440 2332 11070 11154 903 1837 3887 6252 3766 11344 4993 7695 11520 9766 7370
9867 6763 2856 2588 1865 6510 6394 7918 10164 6948 11046
9868 1190 2688 7381 7381 2249 11411 2242 2250 1909 2428 3050 4926 4180
9869 6245 4585 3655 3678 7683 2016 2425 767 8771 10524 3870 5482 5207
9870 4980 4755 5321 7487 4895 7605 270 8686 11144 7817 10030 8349 10953 6118 10677
9871 1761 5091 6932 9908 7296 9256 8823 10289 7903 10398 11285 5246
9872 3329 11459 7745 7479 9842 7111
9873 4624 5300 3461 7815 2491 9630 9420
9874 6536 4508 4631 3086 9527 6218 6214 7403 6537 6508 7398 5872 4465 8408 7116 5796 6317 6664 2349 9961 5473 5678 10880 6843 7384 9008 7625 6580 4132 6720 7075 5673 7285 661 5420 7706 2222 8502 4612 7246 6499 7360 6903 4988 8561 6737 6447 7052 6515 4773 6991 5635 10843 6472 8223 8430 4390 4041 7174 6432 7586 8736 2279 10687 7718 3048 4719 7590 5546 7580 6253 11536 10834 9073 4386 9372 10738 8610 7423 1672 6699 8609 10961 11292 4114 7139 8017 5441 11126 9308 10100 9179 9499 9418 9352 7529 10095 9411 3938 7635 7790 5691 10266 9216 9214 11084 7603 10251 240 9666 10529
9875 5356 6352 4050 5810 2229 3040 3805 1736 7132 676 6346 3600 7050 5880 8739 7855 4671 2025 7891 3549 3319 7929
9876 10911 3058 2638 10894 17 3253 7358 3065 2431 9568 6341 4469 4876 913 11513 10640 4061 4683 5429 240
9877 9469 8207 6456 8670 11140 9557
9878 3161 261 8234 3190 4714 10430 7055 3330 4944 6780 9262
9879 11639 9205 980 9790 4944 6302 7786
9880 11209 3676 16 4839 7450 7328
9881 617 7953 7858 6570 6919 6899 7876 8223 8209 9954 6217 11126 8139 7987 8999 4746 5285 9049 5784 11190 9545 8040 9722 9847 9427 10379 10762 8998 8646 8751 7982 11350 9262 10510 8915 8515 10966 311 8450 8228 240 9939 8620 9755 9782 7902 9340 10277 10229 10455 9165 9157
9882 1200 6564 2047 171 11363 6267 6968 10060
9883 6778 10866 8120 8747 7856 8309 6882
9884 4495 3621 6274 3982 2773 10533 4571 1866 4669 6908 9332 9838 11163 6382 7089 5562 10781
9885 4262 7893 4368 5462 9606 5981
9886 5179 8561 7216 6162 9345 7475 6972 10617 8987 6007 8449 9039 11509 8382 9233 11581 3366 9651 8087
9887 191 9378 7016 10653 8478 10569 8752 9028 9255
9888 10618 6738 9152 10107 10942 348 10542 11526
9889 11336 919 4744 10422 5158 3814 9581 5041 6178 7036 6029 6032 10344 6585 6592 7424 4835 7023 11468 8629 2620 11376
9890 3021 9315 8367 8450 10529 4563 1594 10272 9911 10840 10851
9891 4533 9017 4545 6044 11077 3927 10967 10095 9448 10718
9892 706 1455 5466 10021 1403 8697 944 8986 5987 1472 1325 2431 9417 9566
9893 5602 2518 6623 8136 7726 9743 6905 10897 10829
9894 10255 7916 9649 7124 7613 4766
9895 6293 7688 86 10546 8858 9098 9704
9896 5792 6576 7601 7142 6583 6171 11104 1759 10300 9074 9256 10991 7664
9897 2834 4880 10881 10668 4896 7212 4771 9480 5907 4474
9898 3023 6847 9502 6753 6669 8294 9539
9899 11336 7300 5112 3556 6497 9962 11038 6509 8498 613 11095 10866 8554 4705 11422 4757 6173 10058 8681 8383 8692 5609 7907 11589 10779 5919 8931 11359 8363 8458 10005 9262 10857 10107 5469 7089 7934 8809 10990 10116 10609 4334 8460 7549 8461
9900 10921 3121 1912 2321 2431 2607 2795 1989 4534 2466 4204 6752 11135 5836 2356 797 279 10956 8501 7211
9901 10653 5384 8051 11454 8646 10472 6989
9902 694 1285 551 840 420 4585 10311 5009 3241 4695 10152 1744 3476 4471 5695 9492
9903 10581 4230 5223 373 7965 9828 5510 6242 4217 3782 9972 7118 5759 7914 8889 8212 3950 9502 4010 9102 9600 1754 10437
9904 7021 4442 5222 6522 5473 7667 9335 8006 7103 8951
9905 1152 481 225 1664 857 1059 1214 1300 792 11541 9369 2250 2078 2243 7740 7128 4831 3520 2849 4189 9238
9906 1210 1116 99 304 4199 3354 11061
9907 6857 8295 8531 7321 10316
9908 5213 6713 7112 5753 7486 6438 6797 8337 2927 6562 7175 8198 7846
9909 733 11307 11229 10106 2831 2370 3711 3702 2992 9338 11455 4210
9910 733 11307 11229 10106 2831 2370 3711 3702 2992 9338 11455 4210
9911 5891 6026 7842 674 7087
9912 3804 9358 5154 11349 10471 4145 5024 7259
9913 7771 6244 2859 9480 5232 4598 3559 5922 4453 4232 4114 8552 6467 11546 91 6919 8684 3216 10512 8469 8982 9626
9914 11328 3696 11336 9366 6777 5149 8430 10695 10478 7035 10830 6479
9915 9260 7619 6210 10306 9585 5921 5238 9930 5977 5842 10831 6153 7379 7779 11489 6386 8149 2891 6610 2822 1324 4505 6926 8516 8514 10374 8061 3278 2260
9916 6370 4888 111 5453 4210 4566 7891 8594
9917 2962 7860 7682 3732 8441 6372 7760 8064 5759 11021 9330 9014 9367 8996 11035 8818 9048 5844 9273 8499 10518 10561
9918 963 9398 1611 8533 194 1195 277
9919 4702 4899 1323 5625 6771 11597 4547 2815 10772 11597 3481 7237 5998 3857 5793 10263 7798 2220 6732 10276 7687 5873 8359 5122 2541 2275 2041 3876 11380 4513 6226 6484 4641 5326 1535 10791 6041 9044 11388 6973 3110 6673 10222 3732 10830 8680 3752 10216 2297 9352 8864 6670
9920 8564 8648 9967 8984 10379 6362
9921 1000 422 873 909 11396 686 11292 10778 2183 420 1647 3711 1411 2051 1574 11244 8807 1451 1132 11217 723 791 2355 7778 520 11435 7974 9339 7995 8117 2465 1581 1792 1350 2030 4047 2015 4084 9671 633 658 1004 10979 216 1957 10271 2461 2735 2762 3199 2345 1918 1944 1876 8800 384 10936 3646 1383 8338 9426 3513 7776 7138 539 1441 4492 850 445 10936 6212 3123 5343 8137 10263 6572 2785 6635 736 834 11121 6237 6592 11526 7489 5538 10503 5551 3048 6624 7755 9473 7060 10659 8274 6893 1947 1833 8524 5071 9537 2227 10952
9922 825 1243 1224 7900 1218 2047 7974 316 456 4215 11164 2356 3296 7508 4203 6582
9923 2489 1815 3547 2568 3989 2664 4393 1209 1980 2693 11022 3802 81 3065 10916 10918 10917 4275 11301 2463 224 3256 5010 3052 4484 5627
9924 5273 5259 5443 5707 8269
9925 9753 11303 8845 11576 10926 8175
9926 5050 5955 2224 6218 6320 3837 11428 399 10795
9927 1446 6800 10311 11185 1281 3594 11538 3809 9961 5724 5044 3386 4821 10469 8022 11374 4765 8921 3407
9928 392 8564 9160 5956 6034 3953 8907 8540 8836 10362
9929 5304 3748 1809 8567 10640
9930 2991 10829 4876 6140 3170 3753 11369 4351 10343 3953 10044 7023 6110
9931 6330 7600 7994 6416 10558 11592 10670 10411 10793 10862
9932 5723 552 6435 7629 3091
9933 825 1169 11069 11214 4977 2740 2883 4990 8660 2125 7025 2640 6540 6021 5847 7855 7000
9934 1101 1090 10586 466 11557 1037 1411 8331 1187 920 10069 195 1009 232 1136 9042 1379 164 724 685 939 589 221 4047 10581 2762 3038 10653 2750 2319 2063 2730 2068 6795 11110 2698 10789 2298 993 2782 249 8338 10350
9935 4430 4889 4496 7584 5507 8157 9813 8754 9233
9936 897 9440 701 2853 723 1655 589 2729 2255 2979 2797 859 1401 4178 6369 3474 5312 203 4657
9937 590 7106 7992 10079 9361 10295 6764
9938 5661 2596 5345 6026 203 7738 4651 1833 11498 7991
9939 2776 1608 6213 4282 3142 112 676 2276 10388
9940 4477 7882 7480 6300 10728 7060 7600 7994 9799 11361
9941 6061 6877 11138 6670 8265 1154
9942 151 5814 9608 7470 5419 674 1975
9943 5886 6751 9200 10476 11235 7783 8514 7191 7853 8994 10857 8171 8883 2641 10893 3382 6970
9944 4547 5396 2299 10766 5041 4835 4282 3544 6625
9945 2473 5183 5614 7882 3687 7487 5765 9586
9946 528 6245 3136 11586 5094
9947 2072 7680 10866 10667 9460 9460 5950 5501 6064 9226 7916 9915 7800 10001 6362
9948 5046 8909 2646 8440 1881
9949 52 5489 11611 9922 82 2438 2612 6754 3123 4197 7036 5189 6013 4032 928 4814 9244 5926 10395 6061 8647 7690 8458 11363 9526 7478 9478 8609
9950 3076 11336 3887 6446 11512 9917
9951 6635 4937 4379 3731 5363 6053 4884 2513 7060 9695 9335 4000 11501 4809 7551 7200 7791 10277 8113 10874 3196 9890 11378 10171 10603 9226 9904
9952 8478 3156 7723 6957 3839 9259 10938 11333
9953 10106 3778 5232 5733 10301 2687 10844 449 829 4153 10332 9362
9954 3242 7399 5872 9333 5789 3586
9955 7433 5520 6529 8361 5495
9956 9478 8715 5438 10172 4334 8012 8460 11017
9957 2088 670 1187 1073 8902 7052 2126 11621
9958 6913 7356 7305 8357 6290 6444 1367 2491 11232 7060 10478 8652 56 10623 2215 8839 7744 8088 7628 10164 6638 10451 10419 8423 11564
9959 1225 2867 3438 4229 8020 6730 7842 8984 3844 10523
9960 11422 4372 6826 8846 7692 5066 343 5056 8597
9961 5518 3795 2890 3212 3677 5490 6099 5024 3840 7756 449 4933 6522 5049 1334 6410 3763 2738 7051 2738 2054 5324 9000 5489 5649 54 7901 7259 5828 6776 7460 115 11095 661 2421 8308 7897 4171 4974 9073 5503 6781 6901 7966 6560 7468 7355 6006 11079 9826 6921 6579 6582 4792 11493 4924 5948 6364 7952 5719 10959 5858 11445 3866 8211 8920 11060 8679 2284 8665 8373 9021 9743 8632 2380 4213 7692 8872 10532 8114 8425 7713 9969 9026 10065 9976 8431 8556 8454 9388 8107 9968 10609 9701 9599 8327 8491 7928 7927 8940 8846 7304 10214 8105 11047 8808 11023 11113 10497 8126 2099 5005 8985 8458 9260 10164 601 10160 9741 10976 9146 7934 11030 10947 9640 9434 8012 604 9767 5110 8991 10317 5486
9962 3936 4591 3267 7799 6815 6443 3133 9319 11221 8866 10765 10736 11303 9917 11451 4489 5859
9963 2183 7735 260 1620 333 1531 2451 2700 10298
9964 11450 6029 5613 3947 5946 4917 10769 10859 6377 7199 7802 10166 10323 7599 8495 10573 4010 10990 10671 11016 10213 9771
9965 2299 6053 8921 1840 6822
9966 6156 2669 4264 4851 10280 11210
9967 9461 11011 1838 10727 2836 1855 3262 4749 3101
9968 1414 1073 7668 10873 5563 9811 8208 8567
9969 3507 3295 106 5591 3434 4268 3600 7946 3713 10659 4433 1996 2835 3279 3396 8418 11263 10329 7396 8643 4825 11619 10752 7486 6193 6233 1761 5443 9652 11157 7301
9970 6643 6201 2799 4940 8479 3996 7378 3529 6806 6792 6788 8427 8427 8427 6271 5704 743 5025 6220 6682 6150 6179 6593 10866 5948 7030 5410 9402 7641 7006 7932 6869 5405 10415 7669 9722 8268 6482 10529 9523 3391 2914 114 9910
9971 2110 3346 1178 1112 6246 364 494 1476 6477 6801 4345 5116
9972 4770 11402 1979 3309 11374 7118 11163 6454
9973 11209 11012 7886 7581 10937 9132 10377 9500 7186 10049 6355 10109 9558
9974 10576 10752 9458 10379 9113 9117 11333
9975 10429 2946 6226 3468 7564 8683 7627 9847 9136 8362 11623 8322 7862 9641 10976 3653
9976 3905 859 4906 4570 2590 125 2064 7634 10764 3696 10340 3717 9512 6576 7885
9977 11397 2194 2872 11243 10892 6355 7938
9978 6179 3155 10905 7264 9590
9979 4347 3746 4754 6070 10937
9980 5040 6026 4500 8309 8266 8175 8401 7555
9981 5695 11315 11188 6974 8960 7187
9982 9627 8918 3791 11505 5088 9794
9983 6154 3931 7027 6998 7278 7742 3918 7836
9984 5991 10808 10857 8365 9880
9985 4591 4192 5557 9661 6519 9092 6504
9986 2545 5498 1512 4976 6354 5811 5085
9987 7048 4614 5080 317 6288 311
9988 6326 6074 2384 7872 2518 11511 6349 11363 8058 10193 11426
9989 6991 6907 9461 7543 10986
9990 1987 2709 968 566 1165 3035 1427 4934 374 807 421 567 1920 873 1214 3222 1186 5841 5497 3992 3205 2847 10503 3361 4950 3238 10301 1570 10945
9991 4418 11609 6402 10791 2350 8234 11237 3703 10227 8474 9405 11102 9270 11204
9992 3871 4787 6403 11519 7413 8683 7249 6799 8633 7064 7940 6900 6686 10419 10295 9582 9295 10831 10111 10416 3334 9821
9993 412 3274 4479 10586 4047 79 10355 5936
9994 6887 2144 2252 3245 10789 3150 4231 2844 2283 3612 175 4602 2565 9241 5641 6645 3450 3138 9382 11272
9995 4260 242 11480 11275 1673 1662 4137 2268
9996 8909 9634 3958 6481 6877 5325 9446 8788 7233
9997 5267 2612 5268 4534 9418 4453 7928 9798 9675
9998 5695 6245 6433 8200 645 6441 5848
9999 2629 787 10937 4568 2582 11531 8635
10000 6492 8532 6089 6845 11465 5426 4289 7665 2955 3782 7239 6448 3501 6797 9357 10905 10415 7758 9462 5115 169 9566
10001 935 912 11338 934 7578 913 7277 3298 11056 5480 7629 11061 10967 10733 4721 7230 8427 4706 1091 7642 9438 10110 7080 10430 5689 6226 10764 6216 11338 11440 7151 4872 3884 8444 8442 8441 3354 5552 5790 6200 6690 8064 914 1319 6573 8087 10208 7868 9024 10761 8033 7313 10197 8355
10002 4820 3647 7453 10180 6873 5266 11631 2941 11029 7510 5846 6122 5832 8980 11471 9048 9352 9747 10654 8823 7769 10504
10003 8430 9391 8368 7004 10379 10967 9431 9523 6782 9541
10004 10937 2572 7632 7315 5798 10074 11244
10005 256 6422 7604 6699 7788 8912 6761 11112
10006 10315 5342 6893 8069 11303 8960 10295 9361
10007 6854 11476 7968 10853 8284
10008 9811 2110 7735 318 6180 8266 9372
10009 7816 2712 10528 6890 11126 6163 7971 9324 7579 9374 9208 9207 10387 223 4563 9927
10010 931 4430 1085 2056 1745 1284 1801 4476 6149
10011 4773 6612 3742 4611 6666 8620
10012 6917 6939 10389 5779 11021 7892 7124 9694 8313 7899 8489 8815 10967 5117 11326
10013 4502 8457 11262 590 10122 9862 7253 10505
10014 389 867 838 1192 9495 2018 1266
10015 6715 6806 8081 4722 8166 10785 11221 11171 10765 169 4334 8332 11113 8253
10016 2737 3098 3456 249 10578 2581 8204
10017 6121 3526 4618 1369 11196 6691 9545 10379
10018 63 7303 4833 4129 86 7949 453 9698 10455 7555 7643 10940 9869
10019 8210 8348 6418 7202 6935 8230 8707 4956 11585
10020 1998 5282 1352 1172 1173 1258 1997 671 1443 879 2566 11298 11242 2761 6996 5250 5423 4534 10490 11350 11453 8483 9087
10021 9003 10362 10682 10120 10492 10644
10022 8921 7789 9417 4610 4966 11091 6521
10023 3242 10808 647 256 8441 9583 10470
10024 5222 3484 202 3115 6127 7233
10025 8482 6766 6645 4396 6322 1568
10026 3118 2378 10909 5683 2420 6602 9417 5979 10039
10027 7663 3444 7040 11188 6047 10337
10028 5897 3149 5392 7141 5728 10866 8063 9889 11161 6413 7607 10241 9655 9915 10350 8976 9052 7912 4769 9425 9973 8509 7425 9468 9875 10333 11097 10788 9825 9662 4636 9664 8374 10206 9901 6449 10516 9088 10296
10029 11574 10649 6150 10772 10444 3727 9658 7421
10030 9882 11010 7753 6144 10640
10031 2650 11336 5129 11056 4918 3885 3615 5214
10032 3516 736 2984 4090 6431 4579 4886 4530 4554 6122 10653 8841 8085 11623 7850 10316
10033 6906 10932 6459 6467 6929 4457 6761 7484 7027
10034 11134 5533 9686 5208 6472 4130 7144 8771
10035 9811 7074 6323 5808 10978 10810 10781 8560 11333 10317 10030 11053 10793 10152 10254 4474 9974 9621 10066 10396 10393 10219 9053 11244 10861 10188
10036 1227 9749 10676 5447 3706
10037 5163 2367 9304 10295 10594
10038 5940 5456 8427 10533 4824 6131 236 10866 5672 8780 9330 8035
10039 3693 11357 1394 9069 3332 2975 5701 3246 8142 2279 613 5902 7441 8223
10040 9063 2051 4391 4859 2194 10873 4290 8224 9743 6619
10041 11396 878 1207 2472 2212 2074 996 9205 8813 3349 9205 7771 2263 5226 5670 1129 1912 6763 10298 4319 7008 5269 4574 1599 3331 7472 4170 2438 2428 6669 11130 6153
10042 854 11587 11064 7615 3862 3506 8998 9607
10043 5293 4176 9376 8634 203 6187
10044 8590 7592 3623 3560 7897 114
10045 1049 1055 1876 10581 4433
10046 10242 6870 4926 10967 10844 4460 7370 8077 1942 4818 9131
10047 7384 7398 5768 7270 9466 9426 8628 10334 11144 9874 8333 10996 9076
10048 3589 5991 4165 299 10635
10049 6871 3791 9161 5981 11017
10050 4857 9803 2282 2551 1817 2225 1668 11522 1805 6063 4103 128 7212 3559 130 1485 7255 7965 5510 11433 4225 8091 6242 5699 7494 10196
10051 3040 7882 57 57 57 57 57
10052 1369 3494 6287 10764 9406 8688 7853 11087
10053 10786 2217 650 3171 381 6005 2051 5444 658 11027 5936 6232 6962 8146 8509 6994 7315 6355 8949 10124
10054 7822 5535 5968 5379 6443 11450 9744 5300 7501 8089 5734 8550 7261 7800 8999 4590 7714 9962 5507 10857 8273 3946 11039 9209 9995 7837 8960 10884 9819 10328 10616 8417 9658 10475
10055 3672 4055 4712 3313 6555 2984 4645 6168 7742 7501 8224 7467 3138 8353 9627 10520 7889 9191 6358 8647 5165
10056 128 3318 4904 5834 6305 9790 3933 8479 3526 10961 2294 7151 10383
10057 528 10994 429 6691 503 5097 5084 9796 3920 10186
10058 8641 9986 9493 8942 7602
10059 10564 10495 4610 3519 9674
10060 5172 11046 11363 3597 9958
10061 10849 8031 10027 9373 9105
10062 11162 10389 6814 1326 11345 4067 5510 11251 4459 7709 2890 4760 3627 5529 4019 5716 11449 11545 8840
10063 1504 6237 11591 8058 6570 5769 7715 8798 9594 9579
10064 2204 8641 9886 6492 4811 10297 7800 6208 8820 8532
10065 563 4450 639 1770 1773
10066 7615 7685 7723 9927 8836 30 10312
10067 89 9555 8204 9276 8201 502
10068 2185 3602 4857 2329 2972 1737 6255 2673 2422 11284 2336 4300 1668 6140 3935 2626 188 70 3638 4857
10069 1651 3507 854 10875 10543 1776 4201 3949 11410 10733 5474 5564 4633 4210 7907 1631 3441 6919 5882 11077 10605 3946 4014 2926 8609 7515 7478 8412 9526 129 8978 8872
10070 11201 197 1853 7509 9863
10071 795 10577 10271 268 158 2780
10072 1842 2585 539 4353 7621 4075 1113 138 4309 3950
10073 5736 9393 7128 5602 11074
10074 4830 4993 9251 3115 4990 6584 6585 8004 20 7666 532 11502 6276 101 2215 2899 3447 11531 5188 2513 8630 9613 5155 7654 11037
10075 7419 7199 7604 5675 8486 11131 4615
10076 3328 5956 7489 834 9583 5782 4117
10077 4112 5704 7542 10744 7572 8873 6829 8001
10078 4205 8993 9706 5165 8888 8888 9074
10079 9205 9205 9205 5862 1688 1690 3954 5410 5149
10080 3192 2721 1419 6340 4771 2716 7372
10081 528 3627 11335 4185 4230 10943 4169 4765 11229 9385 2784 6582 6195 9437 8338 1252 8762 4398 4678 11311 3715 5663 11028 7735 7399 3619 8440 5162 10187 7641 10733 2284 7601 9305 5082 11509 9370 10074
10082 11068 10429 7356 6439 8210 3530 4728 5757 1694 6204 5781 11119 8436
10083 10715 8434 564 11564 6832
10084 1923 3081 1688 2979 3051 143
10085 3163 10374 8120 6855 6851 8431 9148 9237 1515 10316 6362 11441 7597 10017
10086 11470 4993 3225 5357 4132 5551 5563 2449 2036 7205 6723 5199
10087 6252 11336 6760 7409 11056 6350 7412 2813 5780 7370 1334 8544 5501 8441 10389 6280 5292 7217 8372 11140 546 7803 7181 9794 10770 11306
10088 4241 11260 5220 10808 4829 10574 9926 7993
10089 5900 1371 2711 1076 1296
10090 7311 4175 2916 2652 6934 253 11129
10091 1168 686 362 444 9749 1230 666 880 2797 1009 1506 1037 9860 1565 9860 2073 1526 1780 2795 3636 4012
10092 11158 7220 3314 7632 9330 9596 7557 10730
10093 5723 4904 10235 11521 3993 2378 52 4642 5046 4876 3381 5712 11538 2177 5380 4267 10180 7193 4709 9547 449 5179 5969 4024 4856 5793 5532 6814 8022 7341 5511 5973 8151 11577 4289 6457 4005 10233 8399 1355 779 9755 9782 10480 8289 1506 8950 8915 8521 11255 10574 10179 8072 9983
10094 6958 6261 1432 2039 2662 1806 1912
10095 7034 4549 6054 4880 11336
10096 3444 1996 7516 6814 11512 7211 8224 875 5990 7452 7738 5695 5693 6967 7570 10834 9364
10097 769 638 5282 1361 2639 2174 2596 2651 5956
10098 3583 8930 5896 5998 6257 3722 11454 4963 3479 6720 9382 6284 9371 11235 132 10649 4294 4889 5907 4855 10490 5144 9363 613 2491 4705 6271 5235 6077 4595 9480 8408 7375 4496 6087 5607 365 5196 5023 6352 10741 8309 5829 4781 8099 9064 6980 5201 5354 10562 7846 9506 10107 10334 7433 1142 7355 8617 5227 10373 8499 9643 11635
10099 4137 11046 7663 908 2480 3992 5478 7131 11511 6055
10100 8176 5776 6529 5298 6498 10111 9314 9206 8170 8434 5890
10101 2061 3998 2221 3297 10875 4152 6505 9164 8900 8828 6972 10097 7645 6638 10788 9880 11112 9631
10102 10769 4526 3284 284 8400 10191 10546 6759 9944 9964 9529 8547 8695 9467 9513
10103 4275 1885 2092 3283 11610 2928 4049 2557 10029 2750 4144 6038 4487 5166 4220 7091 919 4357 4497 4419 6453 3857 11594 4031 1598 2629 8283 4942 4011 832 8762 2209 7905 5902 5040
10104 8383 9413 10217 69 9538
10105 10581 4686 11492 1093 7160 3580 4845 7604 4584 7092 6274 5387 8427 8172 8427 8427 4773 9469 8408 4992 2934 6866 7069 388 10107 8983 10985 8767
10106 10968 3854 2923 6063 8388
10107 6217 9073 4692 8527 10937 4705 10777 10425 8155
10108 11463 1510 1494 6130 4738 7576 3015 198 10095 7231 8537 9812 2786 7913
10109 11004 2072 11179 4569 10618 9114
10110 4124 449 8010 11022 4645 7369 4490 10561
10111 5575 5828 991 6791 5715 3089 7535 11336 6517 5097 9105
10112 4462 3661 8097 9986 5911 5699 9752 9270
10113 6870 9450 4577 4714 5528 358 7300 3280 5035 7320 7596
10114 260 782 1224 2120 628 1406 958 1328 3103 6345 323 842 1758 10489 3523 11244 1514 520 3401 1055 1793 1131 1815 7604 1463 2580 3184 1847 2934 1829 3188 10912 10920 7824 10920 11492 3689 5687 2277 6125 10921 2600 2776 6671 9237 5403 9447
10115 8977 4728 11501 8389 10645 9864 9227
10116 1256 300 474 1849 7974 3059 633 2921 10332
10117 6271 10570 8462 3661 10429 6939 4916 11363 6349 10937 11087 10763 7471 10203 5944 10616 2683
10118 1827 6471 8361 6819 8987
10119 4398 3331 6880 6840 6067 4412 4600 7370
10120 2300 7204 3094 165 5826
10121 557 618 349 818 11396 747 2212 744 9933 6236 3027 31 3601 2589 7457 7034 2388 767 2719 4996 122 6866 5080 11568
10122 11408 1308 8145 8742 9897 11436
10123 3115 495 285 2522 8393 10271 2228 3646 4099 3883 7789 4804 6422 3859 6909 6061 8527
10124 3881 3754 2300 3953 3554
10125 7900 1557 1116 9461 2797 748 1187 1422 10845 5054 10352 1567 10748 3401 7805 242
10126 4682 2179 6410 11225 2745 5786 10603 6085 6599 6083
10127 8904 10247 11385 10278 10831 8548
10128 650 3245 3227 5498 11611 11181 7662 6151
10129 4204 2741 11215 3261 1496 10981 868 6819 4250 8998 10425 8056 8970 8762 9628 9224 9112 9076 4745
10130 10916 2545 841 1209 7830 10917 2467 6927 6371 6733 5663 3505
10131 5370 6508 2738 2034 8725 5626 4532 2179 11511 5902 6326 10340 7208 10564 3195 11407 11140
10132 6795 526 3559 4572 4138
10133 4974 5645 7078 7773 8162 8539 4888 11315 129 8226 11478 8029 9867 9340 10107 3653
10134 3903 8674 10959 7192 10971 4534 4165 7442 10925
10135 1494 2567 757 10601 2427 2687 5834 5833 210 5103
10136 2704 3689 8594 7185 599
10137 4597 2064 3680 3072 5898 6014 3268 10866 7298 5416 5178 10231
10138 5823 3656 3142 4210 4211 4705 7745 89 5543 7014
10139 7865 10118 8172 5608 9988 5059 5067 5061
10140 7604 8788 10286 7707 10404 7911 8365 5691 8543 11545 9940 11495 11566
10141 3758 3834 4356 2666 6572 3033 4194 1063 3619 3384 2350
10142 5451 4318 8246 8562 4935 11632 161 9812 10347
10143 879 1258 3143 2776 10797 6453 3121 8197
10144 6823 11212 8635 3807 10715 9550 11465 6405 10926 10238 10504
10145 9244 8402 9049 6289 9405 8656 11218
10146 11 1152 538 1149 560 565 716 260 3192 1566 274 7381 10581 3445 10918 5448 5448 10914 10915 4275 10916 11051 7381 4084 384 9533 2599 158 65 2832 3261 7034 7034 4456 4689 10915 1661 2177 2051 10919 7824 7824 10919 10920 10920 10921 6408 6810 6131 9093 11553 5795 5068 9305 10243
10147 2858 4606 4149 4739 7864 4327 11339 940 1413 7115 7615 5607 8538 4276 5775
10148 5832 1263 10469 6 2435
10149 7965 4749 4868 8436 10158
10150 4505 8652 2822 3999 8391 6565 6104 5751 7473 7746 6615 8454 7751 1983 1942 5520 9429 7863 7194 6193 9838 8410 569 10343 9797 9861 7185 11460 8598 1630 10861 10522 10792 7749 10646
10151 3937 2275 8573 4758 5895 8212 8326
10152 8495 8849 7791 8815 11256
10153 9818 2922 745 5377 11531 6334 6241 3570 452 11200 6156 4574 4753 2491 6187 11079 8538 5867 9899 8815 8791 5202 11439 9991 9510 8399 8934 9155 11606 10342 9704
10154 2499 4392 4026 5008 2816 2755 2771 9069 3664 4038 4093 4303 3907 2082 1195 8314 3367 11354 5989 4082
10155 52 3418 5402 8205 4715 2858 4230 3250 2866 3446 2578 11260 9077 8910 9823 6880 5197 7679 10639 7770
10156 5761 3730 8077 3826 4714 7424 8001 6428 6579 7328 11363 10866 1568 5609 7853 8164 8757 8695 7834 10926 5117 6098
10157 1142 2827 2490 2713 10852 6582 9261 9819 9531
10158 1963 1842 10485 8103 8860 2139 1952 2639 3117 2593 2706 4056 1598
10159 11427 650 1371 765 611 1666 3647 10268 4888 6311 3251 4111
10160 6577 5239 9923 7798 10959 1975
10161 4007 4868 2366 2175 10789 4831 1450 205 2368 1407 3131 1615 4708 9145 3202 1883 4868 10739 2373 7358 4111 6075 7160 9808 4764 10389 3327 3067 5623 487 4476 3806 1607 1330 6261 2330 9504 3719 10641 1749 7735 4096 1519 11509
10162 7016 8752 7420 6557 9206 5699
10163 3816 7054 10860 11057 6149 10839 6706
10164 2963 4177 5874 4509 11527 9936 10965
10165 7005 3006 3006 263 1000 1961 11244 998 423 9681 1098 11217 424 2060 5732 1345 1333 668 1416 2636 1126 817 11138 2564 3029 4796 2162 1004 2769 8720 1566 2407 10084 5448 4387 3601 1446 2599 1660 3117 1199 3563 1944 2497 3979 1826 3340 3241 9588 7368 7980 10740 257 4084 5465 6267 8078 2504 529 7454 4047 9486 3513 9853 679 678 11394 3252 503 1154 8453 10451 10609 10609 6260 10602 4208 4757
10166 9426 5108 8458 8928 6984 600
10167 5564 9417 7031 3119 8157 243 501 11455 10473
10168 4977 3967 5841 1490 4858 7576 8953 5695 9458 4203
10169 8567 7173 4399 2299 9986 5691
10170 8052 6516 10476 10553 10280 8525 7289 9373 1852 11415
10171 6146 10334 9098 10107 9777 9980 8803 3523
10172 3263 3302 267 2761 2748 1755 3697 8150
10173 11455 4137 6425 5058 10788
10174 4674 800 10919 11492 10917 4275 1991 6333 10915
10175 10147 4564 2820 3342 10191 4597 11339 7259
10176 2911 11091 2530 3643 6041 5567 11107 5551 10095 6768 7156 7839
10177 3520 7879 4284 11588 11338 11018 6997 5756 2544 7591 5318 6259 9460 10063 8852 7906 10415 10584
10178 10021 3854 4100 4541 9616 6063 4621 9460 6730 1080 11220
10179 10023 7113 3963 10832 4681 1400 2156 11347
10180 1946 6207 9045 7828 8204
10181 3443 4858 4110 4327 4684 7799 181 8972 5433 5643 8440 3983 3398 5538 9740 10829 9934 10829 10978 8607 8426 10089
10182 4523 6444 6174 4320 5052 4375 4698 6940 248 9301 11289 7550
10183 5306 5723 5043 6484 6102 7409 7038
10184 3342 4684 3900 3759 4993 10982 7799 3336 8739 5156 11384 7270 7261 4938 11569 6509 1415 7126 170 9431 5111 5068 10295 10315 3068
10185 7170 710 7945 7036 928 4580 6898
10186 6393 4462 6469 8383 5355 3280 7513 7441 8309 8916 1593 9484 7573 10091 8783 7705 10663 9968 10717 7147
10187 5462 7320 5533 2813 8754
10188 5479 10087 9929 7963 2478
10189 10599 8667 2448 5961 10007 6651
10190 5595 5412 2395 6618 11433 7706 6214 6985 6515 235 4225 3805 8737 3918 10504 11552
10191 3312 10 4117 5662 3925 7738
10192 2650 4949 5592 6913 4426 7679 9044 5990 5909
10193 1934 10644 10644 8295 9299 10379 8842 11365 11246
10194 10908 2494 3592 4670 5772 8977 7618 7231 2926 7020 6931
10195 716 3006 254 652 8807 1043 3582 267 1872 3213 125 40 4582 1283 4646 4055 3911 1924 11079
10196 904 2480 3605 6911 6218 9804 10334 10817
10197 4664 6680 6053 203 5631 7429 7852 5256 9676 10107 7582
10198 7917 5289 2042 4719 8427 8427 8544 10374 7671 6634 9689
10199 5393 3994 7270 7300 7533
10200 6870 1512 11090 7742 6802 4368 6968 624 8579 8141 8692 9249 11351 5138 10609
10201 8083 612 660 5309 1676 1544 1620 925 137 273 2293 812 1484 7258 8225 725 11072 10692 11093 4997 10626 1519 2769 3582 4275 5448 6965 2721 7034 10709 2326 2027 695 4325 7160 11492 1821 5432 2271 7084 8188 3034
10202 4621 3853 5959 6754 3906 10263 4135 2448 7350 6968 5092 9158 11509 4105 82
10203 6218 3809 6282 8844 4817 8985 9827
10204 4054 39 6735 5425 10402 2885 10044 8082 11589 10060 7372 10722
10205 7453 7021 6053 4931 3115 777 8479 8427 1091 6745 5643 51 10738 4045 5925 4594 8581 9740 8166
10206 9414 6330 7686 9540 5970 7887 8724 9384 10227 10309 10667
10207 7913 10060 8563 10797 8911 9501 9701
10208 9318 4424 5779 7052 7751 1951 7628 7720 5654 8649 10779 599 10379 10829 11442
10209 8482 6789 7489 6095 9100 9100 10208 8883
10210 6865 9568 533 6573 167 4817 11455 2961
10211 4867 10270 5809 8035 4792 7735 6442 6074 3610 2348 5977 5238 4753 3570 2036 8531 8525 4048 4123 8283 10214 9722 8929 2751 1896 2784 6250 5015 5779 4426 5056 6112 10060 9236 2070 3382 9356 8361 578 11604 484 8443
10212 10836 663 7585 11038 6855 6203 56 5588 6079 10454 8639 7260 7815 9915 9871 8049 2893 2314 11431
10213 8847 4581 10829 9618 10295
10214 4091 5518 3761 10575 4970 10133 6524 2344 6696 6938 11148
10215 3993 4907 5170 7784 3650 3870 6271 10831 7879 4710 4975 5777 203 8440 8921 8023 9740 10977 10569 9115 8019 8399 503 8605 10069 10762 9587
10216 3043 8801 997 1663 1301 3574 1063
10217 4275 2989 2354 2605 1749 3450 1765 2601 5356 4223 4123 10540 4687 5809 8555
10218 1028 10148 444 1525 10674 1387 1172 792 879 11107 11246 1258 11507 10723 2024 11141
10219 10733 7008 6333 6261 6352 4174 5954 6938 3619 4262 5195 10769 6756 5385 7577 3281 5355 6511 3280 6898 8127 7708 5714 8850 9744 6876 9399 8201 8754 8467 580 110 10212 10609 6988 9618
10220 5723 2299 5288 3772 7251 2365 9729 11400
10221 8308 10463 4842 5421 8223 6204 9799 7200 8006 1554 8534 9171 10107 8773 11288 8323 10952 8056 10262
10222 4204 2028 8573 2490 4616 3816 5425 1954 896 7798 7051 7648 10048
10223 4549 2793 10016 4509 9156 4194 6975 6407 1279 11588 4709 6496 5199 6599 5759 4282 7837 8753 3463 9874 8717 9570
10224 2124 3260 3121 6568 7251
10225 481 612 474 1078 10023 8331 627 947 1433 10165 1196 145 2427 3106 6212 1180 10498 2051 6189 7740 3804 4570 3488 5008 3562 10946 4302 1846 4045 8546 8546 3674 4423 3511 3048 6668 9818 9437 107 6245 6866 10624 4653 6756 6655 11603 10048
10226 10319 1364 10632 2494 249 3200 4263 7657 5143 11424 4129 9190 7786 7611 10039 6163 5071 9516 9268
10227 9446 7422 9975 8980 953 5359 8636 8762 9507 9917 8106 10926 9783 11112 11402 9786 2684 7209
10228 4230 6324 7316 6463 7909 6330 10141 6929
10229 10241 9452 9500 8985 10379 10358 7782 10137 167 9224 8591 9076 10892 9626 9928 8158
10230 5254 6364 10866 7140 6657
10231 6212 2322 4065 4081 278 9055 3312
10232 11380 10866 9073 1804 8962 9418
10233 9853 8724 9565 9413 8243 8743 7444 11624 11607 10164 7646 10451 5007 453 7730
10234 1645 11238 4826 4960 10211 7650 11227 8705 10716 8601 7689 10574 8845 8612 10115 11485 10730
10235 2974 3966 2798 2666 2366 3719 10685 5267 6137 2875 5284 8623 8798 11458 3679 2479 6046 6501 8953 1504 4225 4154 3796 7453 7251 2199 4408 3827 4879 7513 7641 9385 8154 7980 6038 8442 9164 8619 4998 6810 9718 2884 226 10516 7607 9390 9700 5719
10236 11480 10021 931 744 2580 4042 5641 7254 1924 8879 9683
10237 6680 4276 7685 7770 4490 11034
10238 4305 8439 1291 644 11588
10239 5221 3740 7035 6717 9975 11084 5165
10240 2454 11301 290 1829 8346 4080 9017 8962 9458
10241 5386 10971 7773 5113 6095 2034 6532 5230 9694 8433 10165 7899 10209 10033 9158 8380 10099 9415 7791 10184 1947
10242 9581 8408 7459 4740 464
10243 5036 6952 7777 11408 226 7340 6878 10096 9247 7975 7646 8693 8938 11129 11343
10244 490 660 5541 626 551 925 703 701 11277 10165 444 791 2515 2061 781 792 817 1043 7250 4838 3550 2694 2485 2326 5625 1598 11159 8630 1598 8984 8396 6655
10245 3137 3559 4553 6244 5263 6554 3953 6776 3837 6204 8164 7899 4349
10246 2514 10133 3877 44 6260 9624 10243
10247 3182 4765 3698 6559 7278
10248 3773 9601 8610 11515 10175
10249 7516 8022 366 6196 6784 326 11577 6827 6489 7774 11461 10045 2089 7097 7986 7529 8069 7485 10749 564 8420 9907 7597 10013 10649
10250 9073 9073 10849 6633 8081 7140 6544 6915 6145 569 8126 8913 8045 167 8285 9141 588 7107 6853 9060 786
10251 3064 4999 6378 10678 7408 9779 10187 6155
10252 3659 1923 8551 8594 5422 1630 10070 7233 9817 10991
10253 4754 5650 7552 8143 4986 6821 9540 204 11542 10529 5177
10254 7123 8915 5073 5081 342 314
10255 1337 724 2189 3041 8630 8142 4876 6814 9160 7508 5432 9811 6075 7875 2114 1821 6947 6609 10045
10256 5749 5702 8874 5911 1375 1753
10257 8013 8306 7917 8020 596 9300 8025 1153 583 590 2716 7712 7348 8027 577 10360 10295 2 11316
10258 4143 5412 5470 4123 10754 8514 9074 8993 10060 8855 9262
10259 1387 1273 11553 1380 1914 11011 8860 1351 1666 1435 4385 972 2296 473 10974 1849 11435 10601 2865 1478 11011 2189 1128 581 2679 1611 1417 3103 2285 2567 476 11028 2414 11342 794 2655 8137 1605 7925 6212 2416 2769 5310 5862 2952 1938 9205 2967 10981 2203 632 2039 8283 3601 3095 7212 7583 5866 4517
10260 6426 1678 1689 9925 9205 4822 7619 6726 318 11018 5788 8553 5722
10261 1990 9279 5058 8530 8202 11428 10726 9084 11515 10504 8249 2075 8948
10262 4959 2960 8778 4449 7542 8996 7975 8368
10263 6549 4548 6271 3629 4841 10005 6224 2620 4746 7374 10549 11453 10142
10264 3965 4357 4115 7205 6592 10897 11015 10788
10265 4420 7305 2786 10247 7382 9035 5056 6405 10107 10349 10673 5526
10266 601 2716 602 603 597 598 317 344 5094 5654
10267 4431 3645 7453 6934 6500 6484 3279 8235 5177 10070 9673 11133 10666 6769 10514 9748 11487 9033 10522 3316 11244 11053
10268 9049 11246 7126 10141 8886 9227 10897 10966 5495 8922 9625
10269 1444 6635 2858 4900 4549 3012 1275 294 9368 4778 4453 6979 301 10744 8114 7937 8594
10270 6126 7031 9017 7130 5249 4706 6011 4892 5695 10693 5042 11209 4050 10834 7621 9826 6766 8312 7880 3640 11379 6430 5752 7978 6266 4268 5910 10631 9938 8311 5917 4451 6973
10271 11450 5231 8827 6022 7412 543 7076 8641 1056 10437
10272 9586 7406 5201 6772 10866 7987 8931 5274 10005 6007 7242 4769 9310
10273 11114 3508 5380 3373 7999 4070 6789 9376 4261 9437 3906 10994 2201 4710 3627 6014 4942 3278 7886 8847 9193 7082 10866 11505 9143 7004 8045 9162 8844 7401 10040 8615 11199
10274 5243 3206 3911 4146 4143 10744 7409 4687 5305
10275 2481 6261 827 9735 1310 7098 768 6731
10276 3154 6063 797 708 5695 4550 2447 4039 4440 10612 4469 9949
10277 54 4011 5144 1538 5844 469 5259 8154 7695 2745 132 5509 2773 11402 10200 8527 6659 3859 8149 8055 6696 2487 2930
10278 3531 10995 5963 8877 9466
10279 298 971 2715 225 4784 2906 1215 9735 1762 923 4217 194 2004 535 11088 2269 1935 5399 11211
10280 873 10224 9495 3334 2865 1254 2245 1363 186 10414 3358 11342 1043 4038 6341 832 3723 871 3733 4426 6178 5393 5474 7055 6998 7826 8748
10281 5715 6141 4114 6802 8638 6932 8983 10107 9046 11282 10043 7107 10254 7107 10680 10861 7017 10642 9715 9952 8317
10282 2987 2867 2341 4721 2963 904 1242 1128 944 681 407
10283 3142 8812 4371 9828 4578 9480 5700 9480 4465 2753 6218 5396 6832 3227 6317 9527
10284 7095 4861 7962 4575 5186 8130 3 4292 11497 5105 10595 9236 4675 8370 8525 516 10343 9970 5708 4483 9299 648 9470 7364 9746 10315
10285 10092 11575 7134 3128 11184 5942 10448 9639 9850 11127
10286 3281 6743 7619 201 165 4061 10617 10451 7643 1753
10287 6651 10890 3438 6971 7180 7671 3509 10127 11308 8435 7449 7305 4912 3180 10653 7755
10288 9808 8739 2941 4396 7176
10289 1404 7311 1348 1720 1695 2543 1784 1579 2127 1785 1848 1310 11475 7414 2678 8541 3224 2334 1105 5670 4335 4738 2418 3744 1907 4089 3386 4104 2669 10152 8567 11093 2064 463 8992 4280 20 8577
10290 2277 2277 3840 5024 3841 4610 10891 6956 4942 5048 6014 1054 8698 6032 6029 7160 1608 10076 10133 2098 9743 8878 7598 7645 76 9998 6003
10291 3511 983 528 5404 7359 5132 3366
10292 544 79 2015 7717 7430 4342 6237 8487 4342
10293 4790 6084 3484 6327 5479 7121 6975 5482 7453 10708 10708
10294 1728 3334 2592 879 476 10577 2734 3491 609 11387 4270 9718
10295 2299 5793 6361 7879 3819 8688
10296 9860 1186 3963 1610 1682 1825 1001 973 3801 1310 1758 1516 1301 2073 10271 6306 1636 1511 2481 5481 819 3695 11185 2468 10502 7098 5513 1103 2671 2462 3386 3592 2407 2788 2731 4715 11110 4492 4899 3087 2960 3538 9497 366 9596 9596 7046 8438 8399 9939 8927 9658 9876
10297 3138 3682 4962 10938 9085
10298 2299 11089 2819 5353 6114 3510 7211 7276 11430
10299 4442 5953 9446 10486 354 9127
10300 6626 5393 4811 5779 6561 3838
10301 9658 1751 10332 8722 1056
10302 2963 1707 5444 2975 2031 3586 3733 4610 2620 9251 2384 7140 5003 6283 7259 4232 11037 7604 7225 4826 11085 9338 8956 5913 10644 9123 10060 10107 9444 10388 8323 348 6656
10303 5845 7055 8007 8054 5458 4059 7625 5739 6417 6823 8299 7568 11445 7670 3501 8290 2790 9779 9876
10304 33 5282 1546 2011 2259 171 6130 2076 2967 3174 3205 3706 2699 7056 8779
10305 4805 6323 7332 7114 4969 5462
10306 5593 758 1665 666 749 9891 1479 1949 1911 1842 428 2942 7406 10223 6697 10215 5503 11009 8383 6087 4286
10307 5410 1731 735 4033 5196 1007 417 5571 6998 9013 7783 6089 7211 5149 4130 4619 9100 3145 8166 10893 10512 11220 10574
10308 7726 10564 6738 10780 11304 5178 10662
10309 246 437 1911 733 9339 2710 8649
10310 4704 5678 5963 10794 5938 7542 10541 9419
10311 5922 4890 9460 10532 8256 11100
10312 4822 4371 10372 11088 4151 5484 6578 6658 6913 5512 1881 8144 8505
10313 1512 6870 5533 6287 7114 3556 3319 4757
10314 3062 3591 3983 3064 8929 6445 4015 2095 5921 5294 10909 9441 7416 6067 6616 5319 10808 7765 4615 11131 2542 4083 6566 9719 4941 8247 2659 6328 278 9995 8170 6941 4363 9777 9040 7172 7558
10315 6381 7884 7432 1604 7513 8269 1080 9813
10316 4937 4048 7864 4982 6429 6180 7355 10315 9387 8480
10317 7453 9151 5403 7757 5899 6133 6738 3644 9310 10934 10142
10318 10613 11056 7578 5752 6761
10319 3338 9722 9005 3334 9924
10320 4539 5235 6423 6422 2194 919
10321 546 5942 4363 9669 10249
10322 6431 5658 1724 8020 1983 8976 317 5089 5087 3271 5080 5378 5798 6197 5797 311 9825
10323 1499 5929 1634 10352 5746
10324 1619 1264 1265 1169 11010
10325 4498 8446 1407 6369 3941 10936 8484 8114 1268 6760 4806 10315 9510
10326 4612 6915 5704 6525 6303 3931 7480
10327 3767 3804 3930 4525 4726 10733 3002 7156 8827 4446 8787 9050 6530 5714 10101 9722
10328 178 2186 5425 11545 11103 7642 11446
10329 4537 8361 8954 5973 5538 3860 6991 4457 11352 11021 7511 9391 8683 4556 8610 6890 6748 9338 7443 10569 8081 8139 10905 10808 9330 10905 8438 9596 8661 9596 6838 8740 9482 9722 11453 7484 7484 10101 9093 9510 719 1124 10459 11579 7790 10966 10277 7812 9094 11262 9086 9263 10059 8789 10098 10966 9214 10831 10831 11455 9584 9365 7993 10262 10349 11169 10345 10572 11314 10677 3523 11568
10330 5922 4014 2794 7578 2800 5509 4640 7431 5882 5219 7065 41 4017 10374 7282 5435 7746 7208 8767 8793 9211 4342 6 237 4967 11244 11231
10331 11275 2856 3154 11275 2494 6836 2951 2909 3966 2734 10929 451 9676 2051 10389 3454 4630 2606 11323 6661 10299 2071 10578 1918 5010 5627 9099 3492 3030 3735 4175 850 5843 3247
10332 1076 414 1210 1477 4977 2778 11414 3667 2265 4707 4890 7882 11207 7902 10829 10829
10333 2195 10544 5861 129 4162
10334 3559 7170 3591 7431 5477 11546 5615 6961 5799 5622 10233 10787 8857 11392 9631 10675 10554
10335 456 3491 3492 2628 3454 2485 1989 2466 3864 9099 2196 4737 2070 3062 688 6781 2260 5878 4949 11489 8318 9426 8480
10336 11433 4930 6269 2325 8856 10122 7245 7561
10337 7737 8433 4045 6646 9871
10338 3022 5170 6620 5431 6053 4884 7178 7295 11359 10793
10339 3015 3298 7465 8810 5961 8498 2812 4800
10340 2273 2923 4775 4189 5042 6254 8723 7450 24 10215 4437 9082 5298 10334 8714 6498
10341 7965 8080 9627 10678 8450
10342 7349 4059 3728 6730 8102 7626 9242 6253 8846 10103 10635 9701
10343 6045 3310 8139 6984 11623 7569 11023 5076 9290 1320 10295 753 8781
10344 2222 5433 1007 6252 552 6169 3953 5159 2214 6891
10345 3076 10315 546 4817 8695 2191
10346 9488 10733 3319 8579 8669 9537
10347 5217 1556 52 1645 4824 7176 8127 663 5462 7153 6877 5138 6984 6571 8670 11476 8715 11351 8945
10348 8200 8169 7852 4530 1761 6231 8950 3653
10349 6038 6823 7000 8371 8490 9490 10590 8326 6970 10960
10350 7990 6580 8136 7085 10523
10351 11088 1485 1454 4833 2934 2279
10352 742 670 1987 10284 5900 690 1017 10114 471 7034 3728 10138 9842
10353 5308 4442 8433 8877 5999 11293
10354 9049 9125 3104 9047 6028 11505 10942 11230
10355 4404 4342 4650 8205 4523 6257 9667 5238 11360 5625 4178 4695 2497 3180 8386 5029 7349 7876 5903 6830 9058
10356 8801 932 1468 2058 8430 1014 7483 7831 10319 9541
10357 10553 5913 8531 8283 4898
10358 10733 9385 675 8774 11333
10359 5984 6947 8113 9074 6801 9355
10360 6999 10141 2034 6599 8798 10866 7252 9391 9011 7416 4998 9164 9028 7997 8797 8238 8045 5759 11053 11109
10361 3444 4495 4549 9775 8867
10362 10831 4613 294 2309 2851 6871 5508
10363 9398 3124 2433 3702 1780 10653 3634 2867 3285 4004 10736
10364 8048 633 2692 1999 1703 6501 3684 4440 3589 6089 9066 3312 10155 10232 10535 4389 3098 5596 11182 10669 4729 9078 5398 8150 8007 4882 5234 6683 3522 5029 3149 6217 6305 6522 5356 4575 5615 4636 6321 5925 9375 26 10166 3215 6386 8436 8277 7693 8898 2352 6959 7511 6395 8230 8274 7042 4622 6849 7746 6794 7751 509 4747 11361 2021 9020 10105 8782 7107 8249
10365 7029 11188 6438 6530 3545 9182
10366 8429 4520 4485 7886 3278 10644 7694 7133 7588 10383 11184 11104 10683 6721 9399 10266 2683 9137 10521 8880 9456 9794 8695 7391 11218
10367 8351 595 597 9217 11484 8145
10368 2767 7514 4974 9260 7604 5983 10374 6267 6954 7897 9700 10241 8983
10369 6059 7403 3494 6508 5258 6219 7051 2727 3578 5533 133 11119 10496 5903 20 5355 7633 6521 11363 5438 2227 8458 312 8892 7934 8461 8460 3611
10370 3427 3118 4513 1776 6692 4716 6210 8172 6715 8575 7779 6884 6923 7409 2070 6982 9918 8551 4943 8180 7755 8044 10486 7423 9244 7862 9236 11576 4956 484 10319 591 587 8195 11533 10102 9996 9169 8240 10983
10371 7908 1826 1092 8823 11147
10372 7369 3560 8355 10761 5102 9282 8457 10473
10373 4070 10744 7572 8355 9050
10374 5042 3946 3683 8462 3040 9236
10375 6537 5260 6174 6214 3338 7931
10376 3903 3607 2784 2801 6436 6138 7748 7310 7680 11072 9157
10377 5293 9204 7949 9652 7256 569 8410 1643 11497 7315 9673 9541 8323
10378 10258 7345 10332 11346 8315
10379 1030 747 575 621 864 900 9241 304 790 752 2125 463 3300 1125 9363 8956 5802 7873
10380 1065 8508 7277 6921 5655 5654 5653
10381 696 6749 11624 10107 11570
10382 7849 6952 10433 8022 1852 9061 9386 7579 9892 9578 10793 6355 8804 11393 5798 8170 8909 138 9799 7280
10383 3988 3689 5242 6333 4494 2277 9385 10921 5567 7905 8484 9447 10553 6703 675 7344 8498 1005
10384 2014 2781 5494 4939 7381 1006 9519 10219
10385 2469 10528 8973 8797 9934
10386 7723 5063 9285 10519 648
10387 10995 7237 6641 3814 4542 7392 6084 9424 3446 7532 10430 5590 6825 2825 9248 10547 7461 8238 8189 1241
10388 11088 7935 4229 8896 7855 8725 4415 10082
10389 6867 2460 2025 5502 7991
10390 4329 10904 4111 6906 6430 7893 11339 4606 10044 6997 1879 5697 7807 8140 9590 6383 8996 9684 976 9875
10391 5779 11400 10149 919 3072 647 3002 4173 4872 402 11348
10392 3796 6269 6204 7630 10878
10393 6104 7301 8918 1709 9001 10940 6362 8777 11324
10394 6824 9441 6906 5669 777 9829 3593 8383 4505 7028 6329 7232 10332
10395 6267 11351 7823 9221 1123 11303 10644
10396 9598 8603 4837 6344 6552 6196 7892 6472 4324 7586 7580 8519 9917 11465 11451 910 10975
10397 5231 4884 1731 7453 3680 5176 326
10398 5983 4390 8798 5775 10461
10399 1323 5489 3937 1495 8341
10400 5880 213 6741 5784 5438 8553 9153 9123 8754 10164 9852 11351 7823 9334 9855 7253
10401 20 7384 11430 7288 6020 5828 5844 9232 9919 9842
10402 7300 5842 4855 8079 9068
10403 2716 598 9297 1154 7712
10404 10918 2605 3972 2492 4639 3605 3221 2446 5264 3543 4391 3870 6390 11148 9073 6352 7160 6930 5035 11335 8915 1866 8647
10405 201 5699 5460 2870 8345 4832 6842
10406 4729 4228 8702 7136 9122
10407 6201 6814 11405 8358 657 9734 1056
10408 10655 809 2300 2603 8667 11565 2123 2266 1730 5069 5070 6607 7092 8233
10409 2143 2740 9925 8812 11195 4509 2624 2008 9590 6981
10410 5595 3516 4251 4255 2393 2497 3552 1276 10612 4837 9368 3522 5509 8338 4492 10883 3505 7882 5707 4853 10490 6101 10728 7349 8539 11459 4461 3053 684 2984 10659 8112 4014 4505 4530 3279 3086 6604 7060 7962 2835 5949 7060 7166 4971 2822 4503 4390 7060 7537 9720 8793 9639 8598 11595 7388 5491 7808 9113 1886
10411 493 627 1425 1294 4385 11011 9925 2067 2673 2939 1359 4984 7631 10966
10412 5389 8725 1434 5737 10280 4165 3459 6941 8634 203 7601 6323 8107 10699 8670 10107
10413 1057 872 6734 6054 4145 5922 6427 7978 6324 9918 5909 10327 10419 9175
10414 3592 2824 1137 1534 2756 8338 2836 1004 7741 8338 1770 2002 5995 526 9656 3565 4298 4300 4178 2963 11223 2109 5384 10581 3026 6476 3301 9424 6254 7074 5279 2917 7515 7065 5950 5882 9429 8789 8789 8767 7185 1875 6030 4342 10938 9075 8796 9070 9861 9837 9892 9624 9033 5378 6197 8982 10078 10256 8875 7808 11244 11244
10415 5922 10533 5954 8440 6790 5472 10718
10416 2221 2196 8623 3628 7657 3793 8020 8020 7259 8723 8027
10417 2526 3277 455 9210 7986 9320 9683 9910 1056 1056 10829 1056
10418 4650 5169 6635 11178 6832 4882 9576 3330 4790 6975 9581 143 7392 6348 5823 10314 10866 7927 8669 8671 11221 8892 9181 6203 7112 6765 8313 234 5572 9186 10153 6901 5982 6570 2569 6354 10090 4246 9576 8681 10133 5533 9049 9460 10660 8670 5943 9818 6663 11318 10515 8651 2276 4656 7022 8012 1593 10853 8786 11230 8693 8363 10942 11050 117 8819 9052 4277 6738 9166 4334 5747 4769 9906 10164 1843 10227 10164 1709 11566 8617 9135 8903 8668 8515 10290 10116 9614 7127 9787 10335 7895
10419 9385 3328 6126 7694 5103 9296 5108
10420 6839 4680 6492 9527 3115 7822 11545 7356 8340 11007
10421 8247 10573 8942 10243 7602 9176 7643 10517 2477 4366 10568
10422 3162 5162 8724 9384 8906 10085 9906 9233
10423 7685 3830 6842 4234 11186 5359
10424 5844 5584 2793 5293 3052
10425 6252 6196 2894 6425 6777 7491 713 6599 3156 5338 8110 10033 10331
10426 336 1655 1902 3334 1728 7406 10692 3685 2287 2761 171 6110 6866 6670
10427 2147 10426 1888 1185 1393 3044 4199 5415 7034 2388 2448 7955 7368 7666 601 8750 9276 5085
10428 2813 2167 7429 604 9332
10429 650 1322 10044 1608 5335 10319
10430 5776 3732 10893 7914 8422
10431 431 10184 2719 657 9132 8995
10432 3632 8956 10137 7866 9570 8131 8565 9012 11542
10433 1147 269 1052 643 711 1138 411 1117 1641 916 836 1517 5337 1280 378 1278 2011 2981 9109 926 3635 2288 2742 5295 4344 2740 61 2680 2846 8366 2360 2593 780 188 381 3708 2896 2758 11089 3719 4609 2963 4606 11339 5521 5433 5943 8779 5769
10434 2797 1907 11182 11369 11463
10435 6032 6230 5524 4108 5953 3093 3405 235 10374 7501
10436 7328 4451 10096 9034 9255 8375
10437 1344 5599 1258 476 2750 136 8406 1058 2566 8415 10876 3858 4152 3962 9044 2463 59 4224 6427 6833 6249 7298 9720 8591 7543 9312 6753 9569 8695 9036
10438 1655 2554 2301 3249 3444 6500 8347 9074 9766
10439 1124 11015 7736 11078 9972 1637
10440 4150 8308 6794 600 10060
10441 4073 7860 2891 6417 5214 11150 5114
10442 8111 2103 10097 8571 5830 9592 9901 10755 7730
10443 1942 9082 5056 343 395 9287 5654
10444 4508 8479 7300 1486 3827 3097 10733 5809 8502 5648 3994 11306
10445 7053 8681 10866 6145 3793 6239 10241 11125 8913 9295 8845 7712 580 582 7331
10446 1960 1960 1290 4305 6763 2259 7255 4955
10447 9 9 9 9 9
10448 447 5662 1271 1736 4282 3750 5769 9226 872
10449 8813 4215 11132 650 3227
10450 6224 2325 7166 6128 9466 8574 4210 5559 6971 11297 7862 8399 9602
10451 7397 5722 8464 9143 10829
10452 1980 2830 9640 9025 9752 11140 3611 11316 10941 10941
10453 7189 7840 4390 11161 8730 8334
10454 1421 687 869 1078 10778 5309 1592 856 443 1705 5893 10767 1001 581 450 2465 1350 923 1201 1060 2734 11447 1086 11342 10641 11301 11301 2938 6965 488 2468 2606 7377 7377 2116 3693 2940 5841 2873 3094 3491 1311 10014 2226 3547 440 2986 10087 5836 4963 6526 3128 10767 4380 8172 6812 7435 5917 8463 9418 5107 10668 2807
10455 5880 9845 6247 5897 5815 6027 9017 9590 8918 8265 5750 8991
10456 560 93 1732 1573 1141 2668 10915 10914 1937 3317 9761 8265
10457 970 677 4968 1190 2014 1502 6654 7381 6426 1671 7381 2119 2154 1393 3117 1385 3146 2171 10298 3648 7771 5460 7735 2608 6352 4216 5259 3597 5064
10458 255 2628 5987 3894 104 11596 797 11257
10459 3109 7255 8306 8340 6576 8551 9226 11390 9074 9232 11124
10460 7821 5751 8154 7453 5091 5104
10461 7398 6975 5482 4810 6139 9972 9657 6289 8751 10495 8950
10462 8977 8973 6931 11460 10494 9784
10463 560 716 1566 703 1927 159 11561 11561 11561 11561 11561
10464 297 3636 9563 722 8415 8811 8415 316 2986 2080 2944 1718 9244
10465 9187 9791 2701 3764 1981
10466 5409 6645 5679 9077 5380 2137 5678 2646 5332 10512 11034 2297
10467 3761 6913 2476 5989 7138 7056
10468 4820 4055 3024 455 6410 6415 10821 7689 9296 211 5075 514 210 601 248 8107
10469 11179 4569 10618 9114 8280
10470 6896 7842 3996 6832 6529 9988 8804 10292
10471 8657 11035 8985 7602 3653 11053 10717 10717
10472 928 3325 6485 4000 8347 7917 3595 5030 3808 6344 11007 6539 5507 3119 6224 8125 4759 5933 8538 7979 8347 7234 8666 5546 9408 8436 5813 6217 7344 51 1177 3145 6017 7951 7632 9338 3732 2985 8246 1308 2297 9462 7195 8751 9138 9312 5691 8517 10277 9214 6782 9005
10473 1499 4674 4549 10368 5403 6019 3066 8306 9409 11326
10474 1314 2514 1049 1088 6088 7246
10475 3484 2961 9892 7730 10829 11034 9805 9618 9136 11555
10476 11450 5611 4684 6989 9097 8417
10477 4508 4113 8001 6026 8022 8340 7387 10727 8751
10478 7880 5475 3101 3827 7251 7709 3519 4599 6301 10047 4969 7919 10374 6741 11079 5465 8266 7627 509 339 8423 9246 10282
10479 11419 11463 4003 7865 8771 3580
10480 3526 11020 4055 3794 3033 5553 6466 11336 3629 4641 3085 10540 10873 10961 657 5561 10734 7299 11405 7423 9435 8444 3732 11446 10791 7003 9244 9367 11583 8355 11392 3604 11204 10590
10481 763 11162 10198 8301 10459 9901
10482 6537 3835 7536 6947 8431 10470 515 9140 8960 10763 10708
10483 4729 2342 5308 10390 8291 4276 6914 8065 7003 8228
10484 4885 10766 7756 5118 6500 6013 3529 6549 6641 4790 6559 1831 5771 2071 3086 11422 4903 11026 3265 2929 4209 4949 9044 11142 11512 2560 5149 6391 7840 1054 10076 3186 7693 10871 7478 7173 8843 8232 779 11532 7841 10129 2075 4762
10485 1961 1634 2051 1230 10489 2814 10916 1991 1105 7681 8218 7264
10486 792 2383 2636 3135 2135 2639 173 8224 8036
10487 7277 11338 6822 6972 4272 5203 9842 4551 5177 8748 910 10411 10379 11465 10788 6546 4788 9113 9106 8124
10488 2110 7447 9311 3742 10383
10489 463 492 2614 2975 4990 6261 5795 7212
10490 6395 8347 3660 5753 5502 8001 7140 5206 6315 7887 7000 7612 86 9021 7626 7572 7997 9988 9722 9220 5747 8946 8284 10736 4474 10507 11542
10491 5724 1370 6251 9740 10762 10697
10492 2400 8956 8605 5441 518 10295 9028 9162 8854 10574 15
10493 4881 6599 6834 7671 546 9272 9245 10080 11505
10494 245 8801 3007 10284 1000 422 1923 11051 1670 4031 4103
10495 2735 9417 708 3576 6215
10496 2233 285 497 1853 2043 3329 9393 7374
10497 4866 1371 11217 1622 10713 11488 3025 5597
10498 920 869 302 4472 9495 323 10107 10069 805 232 686 1477 507 969 1104 741 1261 708 3080 1851 4796 1976 3889 7830 3172 993 3775 4082 2407 3497 2066 2336 3592 3935 50 1933 4108 11182 2973 1823 4796 3648 2463 1183 3296 1789 2756 7034 7034 4831 2035 381 2991 524 3397 1855 2975 2426 10042 10668 2434 5394 4850 6140 4255 4868 6261 4664 3616 2565 3386 9338 3682 4866 6261 3778 2948 3004 2241 1461 10466 3722 2421 7644 3777 3021 2972 3776 3255 2901 6389 9644 7897 10752 10274 4952 743 7251 3694 6187 1645 1431
10499 7040 6000 7033 2891 11489
10500 7625 8408 5544 8842 3700
10501 1099 549 4723 10845 958 9632 2157 3334 2725 2301 1774 8910 6941 9867 10315 11202
10502 7965 6307 9130 10644 9315 9525
10503 716 7329 1499 1676 1457 6564 1691 198 199 2467 1860 2494 4100 7212 9363 7472 6615 6689 6688 6926 7249 6475 6945 3596 10181 10183 10139 10788 5976 11526 10950 10934 7713
10504 5158 6376 5433 6556 5426 6596 6053 9330 7511 7876 6344 5752 6143 6418 8169 11185 7548 8055 7655 7815 7041 4045 9540 6401 7175 7082 3334 9545 7484 7484 8353 8354 9774 9983 11580 9157 10277 11579 11417 3145 9522 10494 10379 10897 10574 9336 1545 11570 11564 2874 8380 10831
10505 5737 8361 9657 7736 7477 6386 11579
10506 5980 3429 7384 651 9228 9794 10177
10507 3572 11502 4761 2686 6085 8430 9448 6223 2484
10508 2356 3858 6752 1022 2606 7663 2452 4290 2429 11437 3418 5963 10653 9414
10509 3291 992 8163 6233 9958
10510 688 3347 8032 8361 8115 9755 8521 10262
10511 6732 1198 6570 10564 8880
10512 8702 4949 5010 10714 4645 7976 112 4200 5685 9645 6264 4487 7703 9687 8388 7379 11332 9718 5807 8877 7662 108 11288 4130 11478 8491 8029 7889 8828 654 8283 9422 9331
10513 10284 10380 626 681 3689 4041
10514 10235 4146 10687 10382 8698 4841 9687 9599 738 11509 7324 8946
10515 4360 6839 8369 7350 6802 7269 7538 7238 5803 7288 4242 7853 8940 8907 7111 598 1247 9842 9842 9842 8045 8153 7616 2491 2491 4828
10516 3155 1637 6521 9392 8924 5543 8268 9074
10517 3594 2137 10653 5793 10711 4598 6311
10518 10519 3987 11433 4202 7370 10241 7814
10519 2619 5549 4752 7452 9882 4943 9790 9501
10520 11493 1034 3952 1 10937 9179 9212 10000 10590 10795
10521 6488 11340 7249 7302 7144 9308
10522 3339 11335 6105 6261 3336 5247
10523 9072 4533 3712 6425 5304 9634 3984 5872 6300 6536
10524 2586 4314 2509 1808 2634 3970 1129
10525 2179 3846 4108 4726 5984 5713 9829 6671 7043 6152 2982 2808 9136 7902 5941 10130 2227
10526 4875 3900 1271 7051 3578 5863 5830 7779 1006 10965 10388
10527 7075 4013 761 4090 6827 4835 9392 9513 10857 8900 11166 10107 9875 10169 10086
10528 5557 2860 10893 9092 10002
10529 1580 1396 1387 10426 3836
10530 2508 1648 2717 11381 7925 833 2459 3433 1562 4147 2069 5670 4383 3105 2925 8667 610 4405 3055 2597 8567 11132 9721 9418 11521 3838 7617 129
10531 10804 1989 2460 2530 2345 5457 3842 11631 5136 8977 9044 6487 5755 7346
10532 5092 10803 8946 11073 10706 10649
10533 7057 6215 7398 6193 4590 7813
10534 3193 4182 2728 5978 356 10875 7287 10647 4331 3962 9067 4253 4786 3816 10389 1749 2332 9769 7240 11545 9363 9686 6879 6468 10893 4375 8267 9426 8670 5138 5605 8743 8243 7226 5077 1319 9888
10535 968 1457 3858 6212 7092
10536 5183 4113 9598 9480 6354 67 8500 9740 10027 10755
10537 2567 475 2480 11153 4196 4195 2261 6653 4920
10538 3247 5444 4876 5736 11292 141 5065 9985 8108
10539 7248 7665 942 6062 9460 9460 6884 6239 9998 9812 8009 9020
10540 1890 2751 6621 5955 2137 2646 2704 7433 8348 11591 8572 8206 6548 6847 7657 2308 4532 10595 10866 6560 7671 10127 7007 7306 8629 9198 6890 6748 6318 8749 8833 9949 3896 5536 6211 10967 10651 8646 7991 9226 1124 9157 9092 10753 11579 8351 8850 5588 8177 8744 8147 9876 11509 10510 10574 8897 10529 8437 11455 10759 8887 10512 8289 8507 8361 8349 10033 8624 8365 10595 10966 8654 9545 9521 7337 8512
10541 2372 6742 7259 5580 7905 4340
10542 4160 10764 8430 7703 10503 10866 7986 9904 8003 5192 4817 7813 4301 4307
10543 10842 1701 1450 2406 1623 1472
10544 1326 898 4968 1725 1589 1049 5290 2605 3003 2959 2314 2877 4096 2023 4582 3306 3728 5135 528 7508 4464 6044 7050 5729 9741 7051 6426
10545 3638 10935 11220 10711 11619
10546 3429 5980 6216 4706 7860 8444 5546 9100 4958 6992 10237 10383 9352 10854 10682 10953
10547 5345 11126 9413 10395 7803
10548 2764 4141 5922 6450 5195
10549 2100 1939 7452 2583 3323 11003 1912 4385 8762
10550 4067 4070 8346 4448 4177 3508 11143 6244 2291 3657 1236 6792 5735 11470 6785 3133 6814 3792 9826 5896 3621 4776 6346 8419 7563 6356 8520
10551 941 874 1573 11069 1795 4524 845 1315 1911 5972 2051 2875
10552 4556 8391 6642 8779 3545 6615 5958 4757 8952 1593 3410 11558 9763
10553 7988 5293 3052 10093 10093 7807 10837 11166 10043 7984
10554 5231 6578 6537 6801 11250 5689
10555 4945 7872 8788 5422 8752 9308 511 9676 8952 9239 5795 10250 9255 3394 10963 10652 11249 10717 10614 9106 786 786
10556 5431 5659 5254 3072 8688 1561 4449 8305
10557 4496 8192 9643 8168 3299 10759 1856
10558 6955 11199 10963 8884 10439 9845 6943 10065 7363
10559 3013 6436 10718 2224 5456 6429 9238 5796 3242 1702 5519 10838 8798 5335 1536 5341 10285 8274 9356
10560 331 10636 1263 4479 2465 2525 1874
10561 5214 10696 8999 9567 7607 10793
10562 1998 799 1582 894 1302 2865 1186 1813 3406 22 87 2520 2244 3236 1659 5026 6374 1347 1916 3504 3935 4868 1738 3638 4562 1703 1770 5497 4092 4093 1125 3435 4128 3408 5695 10831 3795 5356 5613 3312 4525 7086 4287 8054 9934 10154 4373
10563 5690 7235 5727 4634 8877
10564 7888 7252 7269 7760 7916 525 4098 9617
10565 7212 7013 3376 4890 4687 8956 10314 6487 4673 9460 2099 8845 10585
10566 6459 8839 453 10371 8605 10038 8716 6801 9455 9658 10504
10567 7460 7580 10866 7011 11246 8045 2227 1506 542
10568 1373 1132 10946 2176 1452
10569 365 11104 7462 7654 8985 9535
10570 3857 7452 5658 6556 6928 8634 11131 8383 10959 5568 6787 7238 8034 8094 11304 10262 9566
10571 2485 1985 3369 2492 249
10572 8230 10409 11077 7873 8889 5359 9439
10573 4772 10959 896 5656 10533 3072 8172 4568 4571 5695 9665 7952 7065 10623 9415 10727 6123
10574 1851 3150 7741 11504 2876 2468 8640 7406 4902 3455 8699 4859 4654 8089 7831 2920
10575 6105 5877 9853 9812 10479 9057 8780 9483
10576 10823 3114 5504 5177 4461 9458 3169 6635 1936 4000 1277 10690 4362 3552 3522 4759 151 6396 7131 2421 2398 455 4918 9534 7095 9008 8143 9100 10701 8006 10644 5957 10248
10577 3757 7687 2850 11535 7206 2437 2439 3369 1118 4904 5632 431 4715 6572 8405
10578 1980 239 10192 8205 9313 9402 3575 10222 4425 8868 8917 5073
10579 5676 4835 3438 370 8551 9391 10327 10125 9958 3506 9719 397 5071 9287 5654 599 578 10116 9040 9639 9639 9901 9780 338 10253
10580 6806 4638 8358 6487 9466 6123
10581 11639 4216 82 1438 5269 4190 1704 5259 6834 6951
10582 5862 533 5459 2809 11627 3468 9688 5562 8883 4159 4999
10583 1151 1150 1152 9440 4260 320 589 282 2867 4039 11305 4104 948
10584 8788 7328 8829 10893 6905
10585 6149 11335 10195 7176 6812 5556 9337
10586 1816 3634 1524 4351 7282 5022 1554 11292 7022 11199
10587 5222 4848 4654 7987 11007 9460 10250 5944 11074 10755
10588 1140 1361 2067 5310 3203 1426 9922 4392 5377 6788 6488 6352 6594 3354 10059
10589 9461 5464 4993 9818 4280 5146 278 5053 6017 10825 9847 8146 3818 10668
10590 4670 4310 9581 2071 2646 2377
10591 1934 10171 5101 5090 8462
10592 5877 1007 5946 6744 7510 5692 8342 8166 8852 102 6931 8742 1741 11316 10862
10593 10859 9375 8388 6969 8266 9627 10008 11506 6885
10594 477 1663 1337 1284 1526 2506 2854 5170 7783
10595 5586 4387 10844 8197 1995
10596 2730 2312 3041 2590 2797 9616
10597 11369 2467 1797 3744 11093 4152 4822 3137 8264 4196 5112 3814 10956 3063 2785 6572 1057 4126 5299 2815 5017 2844 5998 4538 872 5263 10476 2841 3123 5377 4804 278 5475 7427 4969 7399 7050 7049 3268 3763 4820 7884 9424 7558 5616 7504 7680 5719 6979 7451 6689 6688 9429 10964 3818 1006 9388 9390 7929 10681 7928 11626 4823 8920 9871 9312 6948 7635 6529 7549 8356 542 4490 4656 10060 9036 10963 2170
10598 10284 1013 193 1071 1842 2390 3956 11467 4812 4180 934 8593
10599 7935 4097 5131 3827 3863 367 9184
10600 2744 6567 7796 4883 6509 7682 9596 4800 11336 11165 4551 10027 7973
10601 285 10314 6228 2090 2426 2205
10602 4583 2578 8909 2885 3242 10873 11022 6404 9740 8862 7498 8496
10603 2621 359 3218 2937 10332 10362 11499
10604 1817 6768 673 4756 10136 9210 2085 8928
10605 3794 4475 6427 7350 10808 7419 8226 4835 6575 6017 4722 10898 345 10783
10606 757 4893 1901 5402 6975 7578 593 586
10607 3095 4141 3185 1774 6867 3598 2542 3033
10608 1603 1046 878 10025 10020 2022 4385 3854 2163 2370 9616 11070 4762 3287 2468 3058 4422 2771 7212 5613 7212 10261 9547 78 5811 8691 6222 366 4289 9018 10905 168
10609 407 10728 1300 2150 1207 1695 1451 1926 1353 1716 1537 3774 830 2416 10811 2845 6881 2273 10592 10718 7873 2521 73 7553
10610 2425 3814 10721 6270 7191 7902 6921 7041
10611 6396 6947 6017 4086 10095 8878 10060 5192 9370 6112 3653 10978
10612 7209 11458 9338 10777 1783 10893 2720
10613 2252 2450 10823 6446 4207 6391
10614 2970 5515 4672 7976 3680 11432
10615 5451 4837 6057 11336 6975 6222 7294 425 4566 8018 4377 5032 7456 9613
10616 3421 4504 6912 3995 8688 11250 1831 7162 11194 3831 8340
10617 6035 4922 2478 455 11574 11142 5120 4944 2578 3082 1122 7334 4367 1005 7415 10854 9867 8616
10618 11502 2110 2117 9687 5210 6874 5213
10619 5329 5905 10905 9719 9066
10620 2071 6801 7168 345 9299
10621 5481 2525 2491 10819 1956 2196 2208 2676 4589 2231 329 712 2431 3036 5183 11244
10622 2494 2706 6436 3226 11502 9645 4579 2817 5799 6596 5073 10705 6165
10623 4826 7874 7951 6104 8920 8544 2238 7264 7214 6615 10173 10649 11505 8298 11017
10624 5524 7056 7184 8340 1177 7677 8269 7230 8847 8849 8198 8892 8499 10164 10164 10164 11240 9246 7556
10625 5964 2801 2670 2763 9607
10626 132 4076 6497 11238 7075 4431 7367 4726 5744 4624 2924 5333 5666 2930 150 8309 6919 8045 7077 3319 4673
10627 6971 10866 8274 2270 502 309 10310 8611 11112 11461
10628 3986 2650 5814 11329 7415 9448 10045 5628 9805
10629 8393 285 136 6130 297 4187
10630 2920 7455 4809 6666 9338 8839 10678 339 9340 9255 11451 8946 11393 10239 5545 9584
10631 5370 6083 3190 3072 11631 5947 3884 11095 10866 6902 8070 8894 9742 602
10632 4347 11046 1767 4765 3941 6212 2885 5479 7258 4123 7359 7952 6801 30 10125 10710 9320
10633 2724 3298 6483 5625 5916 6148 9418 7383 8204
10634 1617 10752 3978 980 2501 3509 10733 7764 9427
10635 595 8894 8716 5486 10295 10810
10636 2841 10476 8078 2930 3899 9954 7498 8730 602
10637 2239 457 897 2557 3283 3480 3842 10391 871 11491 7452
10638 4542 6068 4703 3496 6956 6042 8055 7282 3899 8842
10639 4549 2132 5222 6757 1267
10640 728 6446 11268 5 8956
10641 850 7170 8482 7964 8810 7344 10077 3270 9058 4732 338 11554
10642 6741 11309 11094 9212 10806
10643 978 997 950 3921 1611 1621 1031 9402 10465 3259 1953 2693 8573 3668 10456 9617 11022 2315 10389 6033 10590 9404 7998 7313
10644 10908 7017 3046 5143 4342 3999 3321 5614 1777 2340 1996
10645 3328 5590 4754 4120 6460 8340 8737 10588 10507
10646 364 499 1987 11105 3083 6564 11516 556 11596 315 1012 3324 3202 7104 7034 2321 4125 3071 3852 5601 4687 11322 8877
10647 1385 2528 2241 1347 3499 2368 7025 6091 3302 7221 4248 7554 2932 11357 10945 2055 4596 2754 539 811 7962 7221 7118 8871 2665 8789 9751 8294 11127 2381 707 11169
10648 3411 3297 7663 3167 3008 3754 4711 3107 3277 9668 6590 2480 6581
10649 8685 5230 10297 7259 7360 5863 6903 3912 7624 8092 9379 10047 10002
10650 6321 7225 8230 9466 11579 10529 10788 10710
10651 5393 6525 6729 5511 8245 8544 4045 8653 8995
10652 9754 7513 6343 10595 7134 7089
10653 7692 11024 5073 5081 5117 1852 8947 10777 10623 9420 9699 9020 9763 9992 8710 10568 6419 9898 6493 10931 10762 6310 8804 11041 10796 5270 9993 5042
10654 4856 8040 11169 1856 10077
10655 6773 8631 7110 11351 9782 9041 10087 9673 8542 9648 9844 10450 9173 10946
10656 10466 2885 5963 6344 4816 4730 5768 7259 2137 5602 6371 7932 8279 7641 10085 6007 1247 10529 9648
10657 6210 5663 7081 3681 3163 5947 7978 5863 7060 6199 10178 6496 7342 10808 9261 10419
10658 299 1881 3319 7442 2927 9167 8675 11303 1006 6239 8846 10250 9259 8728 8489 509 7382 9742 10107 5177 8320 8096 348 8836 1778 8612 7643 10567
10659 1111 7845 1130 1265 895 1849 3224 154 4548 7828 7172
10660 10389 10541 8953 8539 511 2927 7151 4536 8913 5983 5784 9915 5982 11463 10250 8247 11365 11024 10419 11155 9736 10658 5117 9802 9587 10310 11621 4748
10661 548 1192 677 302 623 10599 350 10556 5455 2283 1137 2396 9338 2580 4103 9676 10653 10653 10653 2299 1167 9078 11587 10808 6528 9539
10662 2603 4290 9874 8159 7902
10663 3433 1755 2565 5017 3712
10664 7366 5602 10712 5713 11034 8050 7454 6412 10623 5056 9842 10726
10665 7824 7160 7075 5321 7137 3820 6271 7681 6333 10921 7323 7569 8935 8905 394
10666 9863 1159 1205 1707 10220 1563 3076 2740 1787
10667 3094 5745 10391 4549 8725 4094 7848 2085
10668 5289 11159 10678 7529 3822 10470 10584 2170
10669 5594 8408 5332 6248 826 6322 10344 9961 5761 2919 8361 9372 10016 10035 10595 4556 10795 7297 168 7383
10670 8860 2488 5365 4246 4324 8903 9782 10780 8333
10671 444 10414 4207 3262 455
10672 3745 462 3666 2437 10535 11154 2921 2509 4091 4259 175 166 451 5694 2617 2394 2289 1994 8699 7349 2114 7347 3291 10855 6386 4953 7885 8238 9136 7869 6831 8877 9418 2470 8121 10678 9239 10179 10060
10673 720 1487 1520 428 4047 3172 29 3306 3116 6005 11394 4 4470 4210 11547 7428 2822 10693 5565 5136 1996 4211 3392 5868 9737 3009 6810 10507
10674 5467 6126 4716 6229 5607 5370 814 7097
10675 611 5244 9883 1282 6236 2266
10676 631 628 1406 5309 507 477 978 2765 804 1695 1396 1857 1107 11195 10604 450 2688 4934 335 10271 11486 2678 10640
10677 8197 5557 530 8342 6427 814 253 9845 3429
10678 6201 5983 6058 5340 5751 11238 4329 4154 7470 7115 6062 6884 7163 9764
10679 7093 3079 6250 645 6574 4471 9728 4597 3062 4416 7091 5716 6629 8549 8504 9743 6145 525 10736 8565
10680 2165 1853 3414 4672 10389 3618 7709 5529 2133 763 9744 10005 11237 7533 8513
10681 3680 7021 5779 9450 5528 8403 5013 6373 2478 6026 5262 4322 8022 6208 6081 6270 2101 5947 4974 8206 2091 6396 5503 7464 7876 4626 11511 6612 662 326 7604 6465 9073 7282 8303 8851 7261 10866 7214 7966 7994 7796 9478 6203 8223 4486 10486 8035 10551 6473 6298 7082 2085 8704 6550 8554 7545 2009 5952 8752 7099 7475 9330 10753 10110 7301 5520 9604 5817 1100 7429 4512 7826 10425 8286 102 9719 7846 9676 10350 3644 9083 6655 7314 10140 8649 11262 11405 6993 9170 8133 8461 5245 10831 9247 7549 9915 9110 8360 8773 5469 10218 9068 8458 10942 10428 1709 10942 8239 2893 4334 2276 9559 7186 8826 8897 10658
10682 4971 9826 6772 5914 9050 7152 9676 10147 9842 6753 9175 8703 7242 10295 11043 10439 8380 10542 10210 9982
10683 6815 928 6202 5660 10194 8238 3807 10184
10684 5307 6685 5259 9962 9357 9100 9390 8592 7473 7208 7744 8553
10685 2657 10712 6726 10754 10404 5138 9388 4757
10686 3341 4365 6024 6156 3995 6320 11288 8609 2845
10687 1083 5928 6877 3319 5788 10006
10688 7370 6459 11068 6862 4686 5564 9385 7988 6619 4800 5506 511 7553 8655 3934 9352 5315 8263 9239 8252 191 1990 8326 15 453
10689 1111 1112 3006 6358 1914 1255 2714 3197 11191 8091 10233
10690 1574 9430 1531 10339 1808 3472 8 4899 3850 7737 9077
10691 5723 4122 1995 8210 4802 10318
10692 2177 4789 942 10752 6558 5808 8471
10693 1527 6274 2220 5777 6669
10694 4899 2823 7392 10490 3683 2497 4178 9806 5695 8058 7756 9368 3395 2624 9972
10695 10464 4018 4167 4316 3585 6651 7743 11453 10865 9501 11613
10696 2190 2776 2277 5687 9160 5432 1122 6703 11292 8940 10185 10247 10179
10697 4141 11183 417 3409 4110 4764 4117 541 5174 7251 2614 26 6322 5511 5187 8673 3718 5695 7882 3226 2137 6588 3916 10214 7790 9936
10698 4347 3173 4387 3583 4812 4344 5978 3591 5920 11354 2527 2341 71 3210 10430 8666 4546 6601 6080 5128 11513 1866 4446 2855 6313 11386 6866 8544 5552 3077 10389 5416 8752 2926 8337 6767 7340 7837 7268 6490 10233 11270 9967 8591 8940 10967
10699 461 10024 10321 3326 10691 859
10700 7657 3321 7744 5858 8824
10701 7359 6429 6230 3276 5521 11629 6232 5780 4792 3278 11050 11184 10985
10702 1057 4177 1561 3580 1922 4509 3907 3312 4454 5528 4543 6352 5035 10558 9359 8880 10897 9906
10703 4909 10624 6162 6823 6120 11589 8096 8382 10966
10704 193 33 228 537 471 2149 629 257 1973 2018 1732 772 2646 1410 4047 1541 11011 2136 2037 3426 2678 655 4199 2803 2319 2471 2979 4012 2121 3784 2769 1976 3236 1282 10860 6369 3164 10881 267 7034 7034 3250 6865 3446 4255 6107 4000 2122 972 7086 5315 5056
10705 4793 3922 7644 115 5922 5953 11399 2421 7037 9811 1561 3806 11182 10043 9287
10706 758 1402 894 2230 1664 2312 5023 6234 10937 2632
10707 3871 3260 3511 2792 11529 3821 1524 11284 9437 3529 3226 3090 6195 3620 6025 5908 1485 5740 4932 5199 4327 4597 4362 10242 6754 6326 3330 60 8037 5657 8598 10865 9605 10572
10708 5388 4855 7685 9119 8373 8078
10709 3411 5322 452 214 7887 8516 10100 9975 10549 7826 976 9744 8892 10379 2276 9098 9231 11586 10381
10710 3475 3874 9803 3238 2486 3695 1418 11490 3803 8022 2778 5632 5505 10270 4790 9581 7756 940 224 3887 5176 7281 3925 2760 3474 3125 4542 2378 5756 10315 7142 10315 11334 7803
10711 3823 3837 7406 2826 7618 9540 86 4411 11408
10712 9722 10470 7321 4077 9938
10713 10662 10467 1142 6801 9074
10714 6347 3082 3187 3728 10904 4959 6733 2738
10715 1924 887 10045 9049 8935
10716 6851 6418 7826 10683 10419 8003
10717 10242 5634 6711 3597 248 9676
10718 4327 9568 4670 3573 10457 7665 872 7131 740 148 6276 8776 3951
10719 5467 3564 203 3189 9039 9260 9137 8654 6761 5913 2812 10702 5199
10720 3789 3007 1367 2176 632 4326 8147 102
10721 5384 2251 2677 3931 4765 5706 5751 3234 4159 10397 7166 9408 6797 9335
10722 6492 11227 4185 7483 5714 307 6999 8993
10723 1535 2480 6664 8283 5188 6253 3354 10379 8172
10724 8058 5306 4580 5538 8338 2497 3700 7287 7093 8572 7360 9588 7255 10433 7642 3335 6447 7604 7903 8479 7042 6696 10815 10815 9546
10725 3681 2609 7091 11190 7605 10673 10331
10726 7349 5921 3074 3682 5134 7617 7134 8181 11013 719 10419 11244
10727 464 3291 4227 3232 5785 7156 5453 6375 10110 6651 1684 10454 7914 6086 11375 9384 10072 10060 9233 8152 753 8231 10697
10728 1448 6330 11623 7062 11432 7847 5485 10640
10729 1960 1481 1193 1286 1326 10644 8858 8033 8893
10730 6562 3273 3271 5999 11371 592 9709
10731 6084 3520 7056 11154 7333 11001 8440 5899 10478 1962 11181 4319 6945 10769 10389 10679 6458
10732 1385 3333 1072 1850 7154 626 3946
10733 3122 4423 1311 3949 1454 4410 4585 7999
10734 5723 9044 3352 3837 1007 6833 11159 5720 5580 5183 3589 2518 5793 4941 4101 5206 9889 8680 6274
10735 4574 3884 1769 7212 1543 9645 7956
10736 4647 10299 11029 5581 3517 8859 6346 5465 7000 6162 7707 8041 8209 7930 9157 8332 7812 9220 10831 9890 9819
10737 6218 6178 6471 3681 4999 4930 4835 5197 6784 5606 6460 10937 7587 7328 3354 8250 6969 10696 8065 5441 10854 8678 7998 5298 11155 6405 8315 3068 2170 5545 9778
10738 3591 2220 8440 4765 5922 7128 11531 5705 10791 3564 1334 7839 11296 10710 7705 10967
10739 2092 7008 3118 6176 6279 8306
10740 709 576 966 10674 1928 1243 997 1425 2143 2047 226 2979 2166 191 2176 4124 4013 4159 7963
10741 9009 10965 5088 9166 7992 8922 9541 9208 9207 9639 10906
10742 7166 3649 10090 9391 9391 4411 8607 56 6020 7430 10753 8300 8370 8740 5107 2860 3528 5315
10743 1063 4587 4713 8042 6972 7136 9642 10434 7181
10744 1235 1693 4291 5648 7882 6218 11380
10745 4783 6834 7178 9737 9904 9801 7954
10746 859 6446 11068 3830 9634 5922
10747 4345 9718 8551 8100 3465 4529 6327 7453 1600 8631 6399 10165 10165 9190 8154 10898 3162 10553
10748 4419 8634 10245 7255 5484 7023 6430 10815 2807 9304 9306 10610
10749 7604 5564 5475 3487 5554 7300 5262 11068 5806 5710 11205 6745 5500 6837 11090 6915 4002 8827 9372 5506 7473 6615 5520 11221 7607 9657 9237 5173 7569 1709 9894 8692 8141 11166 9732 10107 9223 9202 10366
10750 5663 5477 2779 9943 6304 6818 10155 4470 5986 4869 2473 3119 2645 2498 6264 7783 4920 10433 4134 2327 4640 7480 8456 6701 4503 10693 7487 7062 11001 4017 4971 7263 5948 8130 5665 8736 4702 5278 5452 7785 4895 7303 7303 9357 7734 6750 10182 7937 7807 5435 9031 6849 6849 5668 3539 8272 8643 4099 7903 4505 2822 47 6592 4127 5336 6087 7588 2576 6193 6194 6231 1757 1790 7991 8370 9565 8932 9652 6632 3617 8789 8793 4269 3663 1163 3714 9930 36 386 4675 9070 8475 545 482 10742 7717 10545 9579 8597 8796 8789 5647 4493 9861 10379 10742 9837 6932 9843 9797 10403 10665 9323 10243 11572 9046 7817 9150 1941 10190 8595 5251 8782 9974 9746 11053 223 10442 10254 8803 10386 10813 10742 5216 9873 1630 10522 385
10751 8418 7552 7409 9798 9881
10752 2999 2920 6320 8678 7931
10753 5228 6396 6014 5048 11468 9345 11358
10754 11491 7480 5502 5426 7461 8383 6417 9126 8668 10454 8709 9016 9642 10379 10776 11445
10755 729 3939 11150 6662 11258 10706
10756 7008 4426 6316 4118 7828 11586 6982 5654 58
10757 9563 73 9067 5060 5105 9043
10758 6792 6317 7398 6692 7779 524
10759 5817 7413 9540 8480 8931 738 8761 9218 9998 8614 11415 6853 9905 9321 11370
10760 2432 8370 515 9825 8823 10441 9980 10373 3727 11053 6546 9901 2248
10761 8269 9741 7728 9332 2238 10609 9852 1026 10057
10762 3889 3435 1121 2967 3256 2394 2341 3974 4312
10763 1615 3735 2798 1877 2407 3229 7741 3513 2849 1137 5431 4074 3452 5315 10078 10666 9650 9147
10764 2151 4392 7036 3190 7465 4897 7500 299 4138 4122 613 7023 7511 7460 10908 4475 5339 6558 10444 10611 7779 7112 6855 7108 6822 4017 90 9372 7260 8670 8669 8243 5138 5668 7495 9390 9457 9136 11207 2103 7937 8395 8202 10316 7006 143 11244 9817
10765 5490 6559 4903 5515 5189 2487 8281 5487 3978 5274
10766 2668 2457 2448 11345 10916 4728 10919 7824 6125 2277 5358 126 7159 9645 438 8427 4829 8140 7518
10767 4741 3325 5388 4738 5030 6269 4755 7405 5816 8248 2335 6851 4883 6808 7305 9627 6938 6511 692 9932 8452 9338 9187 7572 6888 2926 8874 8932 9136 7852 8959 9070 7256 8328 11595 9861 10529 9232 9270 1941 9783 10319 10107 4117 10256 10171 11053 3316 11337 10078 7967 9998 5526 457 10073 8379 9377 4064 9331 11053 9763 6860 9748 11522 570
10768 3532 5679 4903 1734 6207 5678 11384 6739 5905 6748 5453 8016 8725 6418 8040 2297 11624 7894 6563 7390 5545
10769 4453 6377 8779 5381 10893 4947
10770 1483 4097 10969 9593 5719 9912 1056 3602
10771 2163 2695 2921 6156 1556 2768 1124
10772 5670 11394 3748 3150 533 8462 11206 4117 4117 11183 11070 3889 11220 5464 3226 2975 10881 5042 4089 4303 1121 7842 5347 3814 1714 4883 9077 4772 10623
10773 6522 4868 4930 306 3749
10774 5405 4487 8383 7609 4286 9949 9380 10157 9874 7597 10442 11538
10775 7335 5771 2968 5511 7068 1672 5773 10415 673 8833 1803 9510 7424 10342 380 6493 11169 11372
10776 10912 6840 4379 11237 5228 5207 10791 5312 7633 10383 8018 9986 8973
10777 6003 7842 10340 6279 9391 7064 1746 9744 10307 9885 8201 5831
10778 5512 3327 7359 5123 9644 7335 5132 4917 8361 7248 4994 6393 3778 6224 7665 7225 7670 6432 252 6304 7068 10937 4289 8055 5819 10424 7016 9929 6843 8498 7306 9391 6151 9391 6822 7594 51 8300 10211 7564 6507 9722 10069 4735 10277 9341 5691 10247 9523 7790 11240 9983 8915 11385 8817 9214 10831 10510 8268 9876 11218 10342 10529 10529 10529 10415 10831 5593 10928 11169 9257 9675 8901 10798 10788 1852 8571 10098 6523 10626 9835 10677 338 11314 9940
10779 1881 6383 6349 5523 7151 5519 8111
10780 2894 6567 4657 8383 4286 8351
10781 5591 3295 5764 5790 9164 11456 7486 9499 9057 5715 11472 10666 10060 10243 10030 7079 7803 2248 11484 4742
10782 2832 8385 2774 6669 9351
10783 2687 4508 6154 4428 5467 1828 4166 5587 6862 7274 4369 10625 5464 8918 6587 10286 7383 10060 9567 760 9232 9172 9998 9639 11616
10784 640 1795 1663 1713 1964 137 1004 2593 2996 2143
10785 8383 6869 10984 8354 10704 8026 4493 8847 10182 9027 8121 10678 9314 10706 11564 11048
10786 5035 4639 5922 5017 7292
10787 6592 6776 8590 5908 9175
10788 105 8407 4935 10069 9340 11455 10059 6191 9639 8885
10789 18 2818 2032 2358 1848 8626 684 2965 5994 5247 3505 7544 4205
10790 3407 6975 8652 6017 11032 4935 8333 10379 8797 7613 7603 8349 10008
10791 7259 7828 6998 7343 4099 7842 7016 7932 4826 6380 6772 4045 3145 5521 10415 8040 6838 9722 7484 8708 7186 3506 9262 9062 9005 9334 10966 11580 8057 10616 7337 3799
10792 96 1367 1245 1509 1479 1119 137 9681 2987 4708 11533 1812 3288 7983 9498 5070
10793 3312 4896 5700 4104 4547 294 10381 10450 9938 8316
10794 7497 1769 4371 3525 1495 11220 10197 9515 3572 5532 7620 11295
10795 7497 1769 4371 3525 1495 11220 10197 9515 3572 5532 7620 11295
10796 5193 4703 4286 6741 5639 10429 5447 8561 5650 6942 7140 8099 7410 9576 919 7140 6285
10797 2793 5409 11336 10647 9657 2812 9975 6225 6738 89 10678 8876 9576 5421 10707 9040 9066 11082 10825
10798 5706 7406 8975 5652 10328 10251
10799 8788 6767 7268 2927 9136 5957 7004 10387 10872
10800 6126 927 9811 7309 4059 7259 10297 6331 10866 1942 8236 5096 9998 9733 5918
10801 3529 5824 5557 2975 6577 219 7073 4613 10612 4471 6816 9856 9961 6439 7060 4853 8538 4845 10214
10802 4830 7465 7366 10718 6001 3072
10803 8140 7088 7613 11393 9989
10804 9545 7059 9032 9782 3391 10559
10805 3237 3845 1674 242 7967 7678
10806 6998 10808 165 5317 11574 7828 9918 5780 8444 8442 5630 5514 6421 10052 3732 6131 7989 9252
10807 7339 1355 9639 9341 5691 11534 10277 8485 9324 9843 8322 9765
10808 4463 2823 4984 203 6012 7671
10809 3956 2616 3989 2660 6867 1597 10717 3672 3490 10192 5978 3223 3157 11423 7072 6120 2851 5835 8583 10252
10810 1712 1921 5312 1955 7629 7685 7611 9285 9266 8365 11346 9076 10672
10811 650 3504 1900 5988 11180
10812 5162 4548 980 5213 6090 8966 3793 5138 10815 8846 10815 9392 6746 8819 9852 5652 5655 9277 10451 5653 9957 5378 578 10030 8447 11219
10813 4588 10733 10510 9095 5007
10814 6626 3610 9811 6998 3127 9268 10482 10482 10411 9508 8731 10289
10815 10035 5645 9886 2335 7966 7783 10866 8267 7243 7525 11269 9540 5348 10682 11337
10816 4619 9132 8263 9744 6270 3743 11506 4611
10817 9095 8887 10952 10991 10387 4637 8988 8783 5065 10322 5893
10818 7212 9634 7935 6168 2348 5695 2813 10466 7261 8551 2751 409 9521 8883 4854 4874 4580 3704 543 4378 5465 3732 10922 10668 5177 10512 866
10819 6465 7489 4588 8683 3895 4883 5562 5441 9008 10415 11519 5501 10415 270 8594 6028 10512 11297 9093 9722 8746 9545 10069 11453 5691 7613 8351 9005 9781 9736 10477 11455 10050 11417 8268 11218 11441 9257 9831 10759 1590 9358 579 587 10872 11362 10730 11041 1001
10820 857 857 1900 3113 1800 5746 1774 857 620 8329 6629 5429 10741 290 287 7381 8516 1627
10821 4087 3517 5254 6087 7983
10822 10951 1826 3029 2953 3563 3248 1894 2737 679 2818 3454 2905 9099 2004 882 3229 11110 4306 1706 3513 2161 2849 5290 1985 6369 11429 2393 3333 5995 4528 10751 8338 5474 11027 4695 3369 3813 2556 4168 3886 3241 1092 4480 1283 5632 3404 1069 3777 6635 3026 6024 4921 4169 8838 4414 5986 4342 2800 10581 2880 1877 6635 10714 4265 6117 9017 6371 3053 4612 4304 5029 9930 10659 1277 6161 5832 7383 4074 3939 5395 5797 3351 7747 3998 5708
10823 2970 3986 10199 11328 6039 5264 4537 10725 10390 11336 4099 6131 3933 4382 9810 9201 9300 8287 10892 9589 8586 15 8315 10862
10824 1250 1099 10019 944 11553 4735 2711 3531 78 10843
10825 3646 2255 90 270 9340 7959
10826 7620 4106 5481 1793 1397 2032 3129 5494
10827 5656 5134 3681 7201 6539 6037 7015 6242 10008 10295
10828 1585 4456 3518 2922 9789 8674 5699
10829 226 164 1576 149 3112 3208 3236
10830 3774 287 9703 5641 2177 1604 141 10332
10831 4202 10468 3824 1268 1907 4256 5671 9871 8170
10832 3114 5215 5617 5627 5010 8305 7764 8631 2812 6801 10234
10833 9022 251 251 9022 2906
10834 5164 5558 7055 7710 3793 9466 8505 9093 9220 8047
10835 293 4912 4571 4568 9762
10836 209 6906 1217 9056 1439 2740 1023 1411 1205 1850 3482 4708 2324 2121 2505 10713 1872 1385 4681 1106 3129 762 4012 2998 1496 3139 2425 10298 2945 6817 2146 6132 7359 50 3172 2996 352 4409 1836 4215 3458 10436 1834 492 5250 1835 10831 10831 4108 4921 8930 7365 1782 2875 5423 11123 5487 4449 43 4825 7515 7269 5759 5952 8756 10905 5341 9458 8912 9216 10705 8289 8221 240 9098 8072 11378 10567 3129 10330 10730 9869 10442
10837 6446 5939 7080 4601 2398 6443 3978 7651 9406 7650 10678 8263 8688 9557 8927 9597
10838 1926 2646 1579 1701 2339 1780 2741 11614 1207 4409 2338 11455 2024 6306 9517 4735 3094 2468 7219 1624
10839 6484 5532 5293 7409 362 7058 11443 7907 5815 6820 8267 7303 11074 10858
10840 10023 1186 1573 10502 4868 4708 2338 3020 3955 9986
10841 5993 4367 6326 11034 11034
10842 2233 3015 6261 2190 3998 2836 11018 4739
10843 4328 8358 7199 6619 10671 5333 9507 7070 9784 11326
10844 7509 4315 3205 9832 6128 4324 8102 7216 7831 7061
10845 3772 6092 4194 5269 4586 5377 6842 5480 4311 4876 4926 3359 834 2279 9562 5682 4941 358 6934 10761 6429 3983 8592 4264 5445
10846 4456 5700 7776 2322 4897 4113 7697 11065 2841 7251 3189 3566 7879 5824 6209 4336 7375 6592 3396 10774 9385 8427 5424 4728 6682 11640 6757 7574 11388 9949 1 6730 3539 9565 1761 5655 1080 5653 10776 10107 11465 10078 10666 8256 10030 9970 9956 9950 10079
10847 3080 3 6915 4539 4475 6209 5977 7344 3371 7780 6353 9665 143 7783 6713
10848 9941 9318 3830 4417 3015 10591 6079 9074 8942 9101 11155 10366
10849 6572 5595 5121 5302 3805 4273 9544 4040 6380 7546 8081 11430 11213 8495 7870 11042 6782 8424 9431 9540 11104 3382 11266 9074 338
10850 5402 4646 7621 4832 8751
10851 7329 10107 1398 1041 1497 978 636 1256 11551 1148 1145 331 621 6113 4119 537 1107 1357 1888 9328
10852 10733 6750 11221 3429 10063
10853 9527 4424 7738 4285 5400 2349 4800
10854 2439 2051 4371 10720 10827 8794 11465 11170 11170
